:020000040800F2
:10000000000002201D16000865160008651600088D
:100010006516000865160008651600080000000057
:10002000000000000000000000000000651600084D
:100030006516000800000000651600086516000837
:1000400000000000000000000000000000000000B0
:1000500000000000000000000000000000000000A0
:100060000000000000000000000000000000000090
:100070000000000000000000000000000000000080
:100080000000000000000000000000000000000070
:100090000000000000000000000000000000000060
:1000A0000000000000000000000000000000000050
:1000B0000000000000000000000000000000000040
:1000C0000000000000000000000000000000000030
:1000D0000000000000000000000000000000000020
:1000E0000000000000000000000000000000000010
:1000F0000000000000000000000000000000000000
:1001000000000000000000000000000000000000EF
:1001100000000000000000000000000000000000DF
:1001200000000000000000000000000000000000CF
:1001300000000000000000000000000000000000BF
:1001400000000000000000000000000000000000AF
:10015000000000000000000000000000000000009F
:10016000000000000000000000000000000000008F
:10017000000000000000000000000000000000007F
:08018000000000000000000077
:100188000348044B834202D0034B03B1184770471E
:100198000000002000000020000000000548064B79
:1001A8001B1AD90F01EBA301491002D0034B03B16D
:1001B80018477047000000200000002000000000E1
:1001C80010B5064C237843B9FFF7DAFF044B13B197
:1001D8000448AFF300800123237010BD0000002005
:1001E800000000007C16000808B5044B1BB1044948
:1001F8000448AFF30080BDE80840CFE700000000E6
:10020800040000207C160008830730B547D0541E30
:10021800002A3ED0CAB2034601E0013C39D303F8B4
:10022800012B9D07F9D1032C2CD9CDB205EB05255F
:100238000F2C05EB054535D9A4F1100222F00F0C5F
:1002480003F1100EE6444FEA121C1A46C2E90055A3
:10025800C2E9025510327245F8D10CF1010214F0CE
:100268000C0F03EB021204F00F0C13D0ACF10403D3
:1002780023F003030433134442F8045B9342FBD195
:100288000CF003042CB1C9B21C4403F8011BA342AF
:10029800FBD130BD64461346002CF4D1F9E7034680
:1002A8001446C0E71A46A446E0E700BF844641EA80
:1002B800000313F003036DD1403A41D351F8043BD6
:1002C80040F8043B51F8043B40F8043B51F8043B28
:1002D80040F8043B51F8043B40F8043B51F8043B18
:1002E80040F8043B51F8043B40F8043B51F8043B08
:1002F80040F8043B51F8043B40F8043B51F8043BF8
:1003080040F8043B51F8043B40F8043B51F8043BE7
:1003180040F8043B51F8043B40F8043B51F8043BD7
:1003280040F8043B51F8043B40F8043B51F8043BC7
:1003380040F8043B51F8043B40F8043B403ABDD236
:10034800303211D351F8043B40F8043B51F8043BD8
:1003580040F8043B51F8043B40F8043B51F8043B97
:1003680040F8043B103AEDD20C3205D351F8043B67
:1003780040F8043B043AF9D2043208D0D2071CBF33
:1003880011F8013B00F8013B01D30B88038060465C
:10039800704700BF082A13D38B078DD010F00303D2
:1003A8008AD0C3F10403D21ADB071CBF11F8013B42
:1003B80000F8013B80D331F8023B20F8023B7BE791
:1003C800043AD9D3013A11F8013B00F8013BF9D2BC
:1003D8000B7803704B7843708B7883706046704756
:1003E80070B50F4B0F4DAB42A3EB050607D0B61007
:1003F800002455F8043B01349847A642F9D801F087
:1004080039F9094D094B5E1BAB424FEAA60606D0E7
:10041800002455F8043B01349847A642F9D870BD2A
:1004280008F8010808F8010808F8010810F8010898
:10043800002301461A46184600F014B838B5074D8F
:10044800074C2C1BA41005D0013C55F8043D9847D7
:10045800002CF9D1BDE8384001F012B914F80108B0
:1004680010F8010870B4164D2C681CB365681F2D70
:1004780023DC38B9AB1C0135656044F82310002033
:1004880070BC704704EB850C0228CCF88820D4F89F
:1004980088614FF0010202FA05F246EA0206C4F842
:1004A8008861CCF80831E5D1D4F88C311343C4F80D
:1004B8008C31DFE7034C2C60D8E74FF0FF30DFE7E3
:1004C800249201202892012007B500F011FC002396
:1004D8000B4A0193019B93420ED900F011FC99231A
:1004E8000DF10302012172208DF8033000F08CFA1F
:1004F800002003B05DF804FB019B01330193E9E799
:100508003F0D03002DE9F041DFF8388046461546D7
:1005180056F8044B1F462CB94FF41C72214630463E
:10052800FFF772FE30192A462C443946FFF7BEFE03
:10053800B4F51C7F28BF0024C8F800400020BDE89F
:10054800F08100BF20000020F8B50D4FD7F87442A5
:1005580015461E462CB90B484FF4C3422146FFF7F7
:1005680053FE08482A46314620442C44FFF79EFE95
:10057800B4F5C34F28BF0024C7F874420020F8BD63
:1005880020000020702E012070B54FF4EA62ADF50E
:100598001C7D00211E48FFF737FE4FF41C7168468A
:1005A80000F090F9044678BB1A4A6D46694611F87E
:1005B800013B013403F00F03B4F51C7F02F8013F3F
:1005C800F5D12146684600F07DF9E8B9124923467D
:1005D80015F8012B013B02F00F0201F8012BF7D1AE
:1005E8000E4901F51D7292F8703292F8E06411F824
:1005F800015B73406B4003F00F03013C02F8013BC1
:10060800F1D10DF51C7D70BD4FF0FF30F9E700BF4B
:100618009802002007050020780700202400002009
:100628002DE9F74F01EB412101EB814101F0F03356
:10063800DC0884EA13144C4002F12003C4F3032CB1
:10064800C4F30347C4F30366A2F10805083801930D
:10065800E4B250F8081FD0F8048001F0113308F014
:100668001139A3FB04E304FB093355F8089F8EEA0C
:10067800090E4FEA51096A684FEA580A09F0113918
:10068800A9FB0CB90AF0113A0CFB0A99534083EA0A
:1006980009034FEA91094FEA980A09F011398EEADD
:1006A8000B0E0AF0113AA9FB07B9C90807FB0A990A
:1006B8004FEAD80801F0113183EA090308F011382C
:1006C800A1FB06198EEA0B0E06FB089883EA0803BD
:1006D8008EEA0101C5E90013019BAB42B9D103B011
:1006E800BDE8F08F2DE9F04F89B0FFF74DFF0546C3
:1006F80060B1EE230DF11F02012172208DF81F3029
:1007080000F082F9002009B0BDE8F08F01463F4AA9
:100718003F4E40483F4CFFF777FD3F493D484FF477
:10072800C342FFF7C3FDC6F8C85900F0E1FA06F561
:100738001E7BA046AA4600231D460BE0AE4214D1FC
:1007480001364E2E00F12800F8D14E335B1B0135DF
:100758004E2D2DD0314A282000FB03204FF4A072E3
:1007680002FB058201922E46EAE74FF4A07202FBD3
:1007780006820292AA1B0BEBC60900270392059377
:10078800019B19F8011B0490FA18FFF749FF029B17
:100798000498FA1809F1FF31039B283711F8331030
:1007A800FFF73EFFB7F5A07FDDE90403E7D1C7E710
:1007B8000AF14E0ABAF1EA0F08F5C3480BF51C7B9B
:1007C800B9D100F09DFA134B4FF4436246F2781505
:1007D800D3E9007608335919585949687840714067
:1007E800013A43E90201F3D14FF443634CF2F82094
:1007F800D4E90065083422182158526871406A40CB
:10080800013B44E90212F3D1A52373E780240100D8
:1008180020000020F0090020702E01209816000802
:1008280038B5CAB10D4D1C78D5F8C839C3F5C342DF
:10083800A24238BFD4B20A4A21461A44722000F0B4
:10084800E3F8D5F8C8391C44B4F5C34F2ABF0023D0
:10085800C5F8C849C5F8C839002038BD20000020AF
:10086800F009002008B500F0FFF900F0A1F900F048
:10087800DBF900F0B7F80E4A0021742000F098F870
:100888000C4A0021642000F093F80B4A00216F20E5
:1008980000F08EF8094A0121672000F089F8084A1B
:1008A8000021412000F084F800F006F9FCE700BFC1
:1008B800D10400080D0500085105000829080008A2
:1008C800ED06000873B51B4E336805460C469BB908
:1008D8000193194B5A6B42F040025A635B6B03F069
:1008E800400301933046019B144B40F8043F00F04D
:1008F8004AFE58B901233360114E0CB9204607E06F
:100908006946304600F05CFE034618B14FF0FF30F0
:1009180002B070BD042C0098224628BF0422D900DA
:1009280020FA01F1E95401339A42F8D11544A41A86
:10093800E3E700BFF08F01200038024000080650AE
:10094800F48F012010B50246014400208A4200D1EC
:1009580010BD12F8013B0824584043B2002BBABF1F
:100968005B0083F04D034300013CD8B2F5D1EDE7BD
:1009780030B50022044601238B4201D3002030BD4C
:1009880014F8015F15B99D1A85541A460133DBB274
:10099800F2E730B504780025024605702046884203
:1009A80000D204B930BD145C15540319D8B2F6E767
:1009B80038B50B4D2B681F2B04DD612000F0BAF908
:1009C800012038BDF82901D96220F7E70C2404FB7F
:1009D800035401332071C4E902122B600020F0E7B0
:1009E8000090012008B5064A00217620FFF7E0FFB5
:1009F800BDE80840034A00217720FFF7D9BF00BFB0
:100A0800690A0008850A000870B50C46C0B011468E
:100A180022B3224600258DF801000DF103008DF860
:100A280002408DF80050FFF741FCA11CC9B20DF13E
:100A38000100FFF787FF0DEB0403261D611DD87029
:100A4800C9B268460DF80650FFF792FF6C4614F8D5
:100A5800010B013500F06EF9AE42F8DA40B070BD16
:100A680007B503230DF10702012172208DF8073025
:100A7800FFF7CAFF002003B05DF804FB30B50D484E
:100A8800017889B000220C24D3B28B4202F1010212
:100A980006DB6A467220FFF7B7FF002009B030BDB9
:100AA80003F1200504FB03036D441B7905F8203C82
:100AB800EAE700BF009001202DE9F047C0B000240C
:100AC80001AD8DF80340A94600F022F905F8010BA5
:100AD80058B905208DF803000DF1030201216520A6
:100AE800FFF792FF40B0BDE8F0870134042CEBD14A
:100AF80021464846FFF74DFF2C4E9DF805103268F9
:100B0800074600230C205FFA83F8904502DB07D1E3
:100B18000120DFE700FB086501332D798D42F2D112
:100B28009DF807300533BB4202DA0420D2E72C4691
:100B380000F0EEF809F804000028CAD09DF8073044
:100B4800651C0433AB42F2DA00F0E2F805F5807375
:100B58006B4403F8FC0C0028E7D1C7F1010353FAF2
:100B680085F1C9B25FFA85FA09EB0700FFF711FFB3
:100B7800AAF10201C9B20DF10500FFF7E3FE04F581
:100B880080730DEB030414F8FC3C83420CD10C2356
:100B980003FB08669DF80720F4689DF806109DF889
:100BA800050002ABA04795E7022093E700900120DB
:100BB80030B5022389B04FF4C062CDE90323012286
:100BC800CDE90523144C1548002507230195079303
:100BD800236B13432363236B1340019303A9019BE6
:100BE80000F0F6FA0E480F4902954FF46133C0E958
:100BF8000013C0E902550C23056185614361636CEC
:100C080043F010036364636C03F010030293029BC8
:100C180000F0BCFB09B030BD0038024000000240C3
:100C280084910120001001407FB50D4B0D48002133
:100C380000911A6B42F001021A631B6B039103F0D7
:100C480001030093009B4FF480520123CDE9012357
:100C580001A90223049300F0BBFA07B05DF804FB76
:100C6800003802400000024030B5032293B04FF430
:100C7800A023CDE9062302214FF48003CDE90C130C
:100C88000C20C423CDE90E0304240723012506A85C
:100C9800CDE91043099500F065F8044600B1FEE778
:100CA8000146CDE903000F23059001A8CDE90135E0
:100CB80000F0F6F90B4B00945A6B0B4842F04002D7
:100CC8005A635B6B03F040030093009B074B03647C
:100CD80080F84540403000F056FCFFF7A5FF13B000
:100CE80030BD00BF00380240849101200008065042
:100CF800024801224FF4805100F042BB000002403C
:100D0800024800224FF4805100F03ABB0000024034
:100D180013B5074C41F2883301220DF10701204633
:100D280000F0E7FB0028F5D19DF8070002B010BDE0
:100D38008491012007B541F288338DF8070001221C
:100D48000DF10701024800F08FFB03B05DF804FBCA
:100D580084910120024B1868421C1A60704700BF3A
:100D680020920120036873B5DE0701463BD40B6867
:100D78009D0700F188800B68180700F1D3800B6885
:100D88005A072AD500230193904B914C1A6C42F0D4
:100D980080521A641B6C03F080530193019B2368F3
:100DA80043F480732360FFF7D5FF05462368D80511
:100DB80040F1DC808B68854C012B40F0DE80236F8E
:100DC80043F001032367FFF7C5FF804D044641F256
:100DD80088362B6F9A0740F1F1808A69002A40F023
:100DE800FD80002015E0794B9A6802F00C02042A75
:100DF80007D09A6802F00C02082A0CD15B685C02E2
:100E080009D5724B1B689803B1D54B68002BAED13E
:100E1800012002B070BD4B686C4CB3F5803F12D115
:100E2800236843F480332360FFF794FF674D694ECE
:100E380004462B689A039AD4FFF78CFF001BB04234
:100E4800F7D90320E5E7B3F5A02F04D1236843F4CD
:100E580080232360E4E7226822F48032226022683B
:100E680022F480222260002BDED1FFF773FF594E57
:100E7800054623689B037FF57AAFFFF76BFF401B9E
:100E8800B042F6D9DDE7514B9A6812F00C0F07D043
:100E98009A6802F00C02082A16D15B68580213D42B
:100EA8004A4803689A0702D5CB68012BB0D1046879
:100EB800F82292FAA2F20B69B2FA82F2934024F075
:100EC800F8021343036056E7CA68434BDAB10122BC
:100ED8001A60FFF73FFF3D4C054623689B070CD57A
:100EE8002068F82292FAA2F20B69B2FA82F29340D1
:100EF80020F0F802134323603DE7FFF72BFF401B68
:100F08000228EAD99DE71A60FFF724FF2F4D04460F
:100F18002B689E077FF52FAFFFF71CFF001B0228E9
:100F2800F6D98EE74A692C4B82B10122C3F8802E8C
:100F3800FFF710FF254D04466B6F9B073FF51FAF6A
:100F4800FFF708FF001B0228F6D97AE7C3F8802EBE
:100F5800FFF700FF1D4D04466B6F9E077FF50FAF2F
:100F6800FFF7F8FE001B0228F6D96AE7FFF7F2FE42
:100F7800401B02287FF61AAF63E7052B04D1236FC5
:100F880043F0040323671AE7226F22F00102226765
:100F9800226F22F004022267002B7FF414AFFFF7C0
:100FA800D9FE41F288360546236F9B077FF515AFBA
:100FB800FFF7D0FE401BB042F6D942E7FFF7CAFE62
:100FC800001BB0427FF605AF3BE700BF0038024088
:100FD8000070004000E1F505000047422D4CA36871
:100FE80003F00C03082B3FF413AF2B4B022A4FF0EE
:100FF80000021A663FD1FFF7ADFE284E054623686A
:10100800980132D447F6C07292FAA2F24FF44035F2
:10101800B2FA82F295FAA5F54FF07060B5FA85F547
:1010280090FAA0F0D1E9073633434E6A96408A6AAF
:101038005208013AAA4033431343CA6A174DB0FA1B
:1010480080F0824013436360134B124C01221A66EE
:10105800FFF780FE014623689A013FF5C2AEFFF70D
:1010680079FE401AA842F6D9EBE6FFF773FE401B5B
:10107800B042C4D9E5E6FFF76DFE084D0146236886
:101088009B017FF5AEAEFFF765FE401AA842F6D980
:10109800D7E600BF003802400000474280841E00A7
:1010A800F8B5494B1A6802F00F028A42044611D378
:1010B8002268950717D4D0071DD4434B1A6802F04D
:1010C8000F028A4267D8226851076CD4130772D47A
:1010D800002007E0CAB21A701B6803F00F038B42A6
:1010E800E6D00120F8BD3948A568836823F0F003ED
:1010F8002B438360DFE76268344B012A1DD11B68EC
:1011080013F4003FEDD0314DAB6823F003031343D4
:10111800AB60FFF71FFE6368012B064641F2883774
:1011280015D1AB6803F00C03042BC6D0FFF712FEF1
:10113800801BB842F5D90320D4E7901E01281B680C
:1011480002D813F0007FDDE713F0020FDAE7022B75
:101158000AD1AB6803F00C03082BAED0FFF7FAFDF9
:10116800801BB842F5D9E6E7032B0FD1AB6803F033
:101178000C030C2BA1D0FFF7EDFD801BB842F5D96D
:10118800D9E7FFF7E7FD801BB842D4D8AB6813F066
:101198000C0FF6D191E7CAB21A701B6803F00F035F
:1011A8008B429ED18FE70949E0688B6823F4E053AE
:1011B80003438B608AE7054A2169936823F46043F7
:1011C80043EAC103936083E7003C024000380240D1
:1011D8002DE9F74FDFF89C81674A00234FF001099A
:1011E8000C6809FA03FA0AEA04053AEA040440F02A
:1011F800AC804C6824F0100EBEF1020F14D14FEAF7
:10120800D30C00EB8C0C03F0070BDCF820604FEAE2
:101218008B0B0F2707FA0BF726EA07070E6906FA62
:101228000BF63E43CCF82060D0F800B04FEA430CF0
:10123800032606FA0CF72BEA070BFE4304F0030714
:1012480007FA0CF70EF1FF3E47EA0B07BEF1010F54
:10125800076010D8876806EA070ECF6807FA0CF708
:1012680047EA0E078760476827EA0A0E27099F4062
:1012780047EA0E074760C76837408E6806FA0CF6DB
:101288003E43C660E60060D500260196D8F8446063
:1012980046F48046C8F84460D8F8446023F0030751
:1012A80007F1804706F4804607F59C37019603F05E
:1012B800030C019ED7F808E04FEA8C0C0F2606FABB
:1012C8000CF62EEA060E2D4EB04245D006F5806685
:1012D800B04243D006F58066B04241D006F580663C
:1012E800B0423FD006F58066B0423DD006F5806634
:1012F800B0423BD006F58066B04239D006F580662C
:10130800B04214BF0826072606FA0CF646EA0E066F
:10131800BE601668EF4314F4803F0CBF3E402E4376
:101328001660566814F4003F0CBF3E402E435660CA
:10133800966814F4801F0CBF3E402E439660D66812
:10134800A40254BF3E402E43D6600133102B7FF4D5
:1013580047AF03B0BDE8F08F0026D5E70126D3E7F5
:101368000226D1E70326CFE70426CDE70526CBE7FB
:101378000626C9E700380240003C01400000024050
:101388000AB1816170470904FBE7000070B50446A3
:10139800002865D090F8393003F0FF020BB980F8C7
:1013A80038202168E2682569E069242384F8393007
:1013B800CB6823F40053CB600B6923F440531343E9
:1013C8000B61A368CA682B43656922F416422B4354
:1013D80022F00C0203431343CB604B69A26923F448
:1013E80040731343B0F5004F4B611E4A63684FF0DA
:1013F800640527D15B00B2FBF3F2B2FBF5F605FBFF
:101408001622D3003233B3FBF5F303F007025B0077
:1014180002EB061203F4F87313448B600B6923F490
:1014280090430B614B6923F02A034B61CB6843F46B
:101438000053CB6000202023E06384F8393084F81F
:101448003A3070BD9B00B2FBF3F2B2FBF5F605FB38
:1014580016231B013233B3FBF5F303EB0613DCE76A
:101468000120EEE7906EFB0A034690F83900202829
:101478003DD1002939D0002A37D093F83800012807
:1014880035D0012083F838000020D863212083F864
:1014980039009A84DA841A68D88C80B248B91168FD
:1014A8004906FCD52022002083F8392083F838002B
:1014B8007047D88C013880B2D8849868B0F5805FBE
:1014C8000CD110680006FCD50888C0F308005060ED
:1014D800186908B90231DFE70131DDE71068000655
:1014E800FCD511F8010B5060D6E7012070470220A7
:1014F8007047034690F83A00202841D100293DD092
:10150800002A3BD093F83800012839D0012083F80D
:1015180038000020D863222083F83A009A85DA85BB
:10152800D88D80B228B9202283F83A2083F8380071
:101538007047DA8D9868013A92B2B0F5805FDA8523
:101548001A680ED110688006FCD51869526820B94F
:10155800C2F3080221F8022BE2E7D2B221F8012BEC
:10156800DEE710688006FCD51869526818B9D2B24F
:1015780001F8012BD4E702F07F02F9E70120704758
:1015880002207047704710B50446A8B10379012BB3
:1015980014D0437903F0FF0213B90271FFF7F2FF89
:1015A800226802236371136843F004031360002068
:1015B80001236371207110BD0120FCE70220FAE7C6
:1015C800F8B50379012B04460E4621D06379012032
:1015D800834220710FD102236371FFF7BBFB0746DB
:1015E8002268556815F0010508D09368A360336038
:1015F8000123637100200023237108E0FFF7AAFB91
:10160800C01B0228ECD90423637125710320F8BD9F
:101618000220FCE7002103E00B4B5B5843500431E8
:101628000A480B4B42189A42F6D30A4A02E00023B2
:1016380013600432084B9A42F9D3AFF30080FEF7E7
:10164800CFFEFFF70FF9FEE714F8010800000020AD
:101658000000002000000020B8930120FEE70000F1
:10166800024B13B10248FEF7E3BE704700000000CA
:1016780045040008F8B500BFF8BC08BC9E46704792
:0C168800F8B500BFF8BC08BC9E467047D7
:10169800C06F6D6261C5E53FC2B9DE05E183EA8BC3
:1016A8008559AE52EE1455562DE28920630B2AC98E
:1016B8002318655136638100A2573B71D371719627
:1016C8007F9DC70A6CEFC351D4EDF5B17982087AD2
:1016D80050901399A52693DD5BA014349E7AC3001D
:1016E800ECEE4E74AD687224A5200B8579F7445D45
:1016F800E92BC394AB87004B38B00D4FEBB47CBFDC
:1017080018E0648216286B00C481FEDBA7646CCEE7
:10171800211CE196A3FD4B2EB9602BB0CCE322EE41
:10172800198DF6AAF6C4330A8F1B7DBBF3A1AB0053
:10173800A83A0C8D52593BD95C60B2B25F19BC070C
:1017480001F2811F02DF57498DF5F707E86E2A2D50
:10175800467B8908949CE600591DF4DC6651012AF1
:101768004406781516295A0E761198A87F743128E0
:10177800F0DF3483B7F63486D63170063CD9F300EF
:10178800EF2000B13AA11C181E9737BFD428F7B92B
:10179800CD091CA2495DE0C05585EE6C1469EA9B31
:1017A8004236CC0D4DC07200BF0DA95C6CD4D72B4E
:1017B800FC52552C51C93373C0971C8D8A50F43391
:1017C800CE0D89A789B389788D4777BB91899A000F
:1017D80096BCF06C1F4F4C3267510AA04AC80F39AB
:1017E800E707812EF8F787CC3318282F9EBD5A0DAE
:1017F8006FF554D300DA2A00D974199AF755106E88
:101808002E6FD4FF3C77962D6B0D0256BBA4C2F405
:101818006E0D1F1707E913D05FB676178875780025
:101828000958076F9A690D989573F6AFCE21E3268C
:101838006BFF90BCDDC0023DCC0C3D12E7A852A462
:10184800967B6C3216CD5600557397B91F5CC4331E
:10185800F0D2AD66E119A39F4CCE11771235068AF6
:1018680031C12388B2BEB42D8BFF8857B592ED00E5
:101878004E91DD02DE63D1C77CD80FC049809251FA
:10188800D7A28B0996BF429EC53C2519F822B558A8
:10189800D33521314BB32300FFCCAA960679DF1448
:1018A80065DFD99A24B46C8B4F8CC2960A067419DA
:1018B80070E1D339C24F9C94978481FF1644E600A7
:1018C80073CD53CDAD71BDC78AEFDD1F3B755A3E51
:1018D8004820DBB2209108F3C6C3441099876745B6
:1018E800297EC75698C096009F810CF19755782598
:1018F8001BCCAA28FB6346F00639938E8AD923D4D9
:1019080005B8C97676D90E67AAEF27E621241D0007
:10191800A19B3019391AADABB61AB761F22E9AFDF0
:10192800A5B4A83BF0D5AA8B87287AB9701D3ED6F6
:1019380089E5BEB2C95CE4003B9DC86C342A127DBF
:10194800B3B349EC7AB6EA155A195C0DC46F55C899
:10195800BED5519454398CBCC27A3862536A190086
:1019680040F194E59D6D1CBE1CB32404955C4D02AA
:101978004C74845C83158E23B96E3DFBB6F842B374
:10198800378B166FE28FBF00F17B02952608CDDBFF
:1019980047270FCFC52332709729F883AE73D146F6
:1019A800519E9D16A3CBAB0BE6A9214CB53C070075
:1019B8006E935BBC4C1C0D1AF233ABE1B0FCAB462A
:1019C8008588A85D0551797F10F25C18FBCA380E2E
:1019D8004B20A42C203CCD001F972249284475D2C7
:1019E8001AD81ABFA70EF0734CD924DDB1A8840603
:1019F80010D41B6B163CBD96A7FEA24C5AC106001C
:101A0800BB1427D3815CACC7AA5EF73C6E1393C4A2
:101A18004855749C3BD2428EA7FC95D1E4443D7B4B
:101A2800E20E21663F487700CAE2DC01C6F9EC3DC8
:101A3800E5325E7772276519B89A15F2BACC41CDAE
:101A4800F6DB0D8EE453B44C874FC76D6CE24C0047
:101A5800E321986E1605D1C5C6F7B034C838673487
:101A68006C71C0E3B2F4C5DF0C6C259BBBCACA43DA
:101A7800BD66D72A81C6E600036281073A81F01B5A
:101A8800D607350522BA7657C7AAF163E7863F2AF3
:101A9800CAFD2742C1A269EF1042B4E5646F940001
:101AA800A890CC968CE22C02C0EEA5968071B4F278
:101AB800D160C620BADE693922568E51A80F3397F5
:101AC8002A17DFD6BB4F5D00C9244C6BB2D27D2AE2
:101AD80089EFDD1FBC399105A11063F89B12600ADC
:101AE800DAD1C4480E96CF4012D605A2599BEE0013
:101AF8006C911923C939FCD2A199766276FDE18EE1
:101B0800899E3FB0C1E09F9C6E7553A5C8D9803DA2
:101B180033C13EC1C292A200E42AADE3F3F24B0204
:101B28008A6B20575C3C0B13133BA5489D7EDCB1A8
:101B3800245A510807F881CFE846F2CC045329000B
:101B48008C0102B88026655F07B2F3A1EEE9B348BD
:101B5800689B8E5086C62805FC9A8F49AE55D68755
:101B6800C37E0E3044D940008B1BC4EDEC3C35F1EC
:101B7800711375CD312BA2BABAD206731DE3CDB756
:101B88001D547E0B2D0CA98DC1F6F00543A8180035
:101B9800F518D7D6E94321F0BB7DF1D4A8D1C0A070
:101BA8006F503CD50EB21152E304825C2E7B5A3B37
:101BB80070072CFA2F850700CA760BC151B5D97268
:101BC800C74C35365B19080647AFD6A9ECF6EB9635
:101BD8009E6725E8BE474B2C05762285C1D40A00AE
:101BE8004C5622F24D5329D7CCD54466F5EFDE96F4
:101BF8000A7B5A57FB0ACC71A0B7AEBEDDF34B5D2A
:101C08009754585AB5373A00939FE70AF4448B190A
:101C18007EA83D8E5DE30884548580493B0C20A254
:101C28008DAA9C83B58A3C8B78C05C4CF3E9FA009A
:101C38008D1A7B74632481A8E16AB02F78662577B2
:101C4800432C0CD6A8D8AD5E1B3E05F2436F9FBD52
:101C58005558B7CB6B157600073920F430D2BF2B17
:101C68009C453ED758DA55EFFE58647AB832EDCD28
:101C7800DE73CC461E0C5FD90696F4C3754B8C00F8
:101C88001AB9F2C42CFA119ACB7070483EF9FD1CAF
:101C9800D2461F854F5B472294F941FE072D37D066
:101CA80009445A57468FED0030DC862EB1359F64C3
:101CB800C306A4F7AF14C2AF3DE7374C145D2B8DB4
:101CC80099009970F4A54E1ED3ABB074DB51CC00CB
:101CD8008235B805B7A1AD58D0B0E7429AF4178B52
:101CE800913DE3C53C453BF04207DE0945A5811F10
:101CF800B478A0D4C6B9A4002593D95D3C91883C9A
:101D080049743B9EF1E5765AEAE933B63F4C1EC06A
:101D18007DE26B006FC9D739E1A531D4A6CB3D0070
:101D280095CD2935C39ED983589CDECED4141E8206
:101D3800512AA3B27FBBA69788C8C23E999494380B
:101D4800D2484700485222006012D7F412114ACEF6
:101D58009B0AB8FE5914913A30B99E80BFB804B6B0
:101D68005B9AD9DCE8765701358924EA269FC300B7
:101D78004C4E2EAD8AAC95D4B74571CDF241297140
:101D8800E8BF95D58D753760BA6C66D142CC6AE8E4
:101D9800C0C8D165CCBB1F005F94134315BCFD942C
:101DA8002F69524DA1026AA77D40BE62D4E84564FE
:101DB8000A95996AD5810A637E05811D1FE4FB0097
:101DC800BF7CFC4FF3FBA00B719FF783CDF6769693
:101DD8008E638CAF1839B0654B5F494800BF88F4F3
:101DE800034A242F04354200F1C0C0AB5C9563C59B
:101DF800B41DBD090645B5B6810EC9B82D5E385665
:101E0800B5A9227C560FDE17552DF44EB86773001E
:101E180067EB3220509079431B9C8F38A59F5C87D5
:101E280007365F5C9CB876BBF5B37DAB84820077E0
:101E3800D4D6E0A4B34DC70030ED5D28570FBCAD34
:101E480037D0CF8CE0283FA8A56A31AD2D68C7529E
:101E580039656A95CD218FDB8264890EC3541800D9
:101E6800FB29868365FA4CEF6E65F053F1074698B7
:101E7800F6DDCD676D1A572FDC3F2FD9319E5BF504
:101E8800D2AFC82941C48200D87F4C500CF919251B
:101E9800130A7331E26F767EA4070CCE0B6D685B74
:101EA800318A8B7FB9F3CFCDA50E11A28D70A30017
:101EB8003B462A608CD4DAFCE36AF23EAA2ED53C73
:101EC800B0AB85CDCE8D03F0965FF0015B144A91DF
:101ED800D2F876476D2D0F0024A020ACF713596C6B
:101EE800FF9986F0AF88FE6F20C54583B66B370330
:101EF800A30E7FC0260AEEFE62CB9A1E381BD700BF
:101F08008EC412F48B54D1C4EB239AA2C1CC76AA06
:101F1800FD8C5849676A9DE05FBDE2777505788951
:101F2800745E6278A1DABB0070313C8FFA897E3E1C
:101F3800DFBFB603DBAC80F64C4270A4D904C1986D
:101F48008291F59CD1E0987295A336BD22D5700098
:101F580092E9AFC8FCFC61550FB2F672E37325E253
:101F680006D6EE0948ECD77CFFC809015FA1FB8FB4
:101F78007A300F71AEEBBD0039377077C33F42D866
:101F8800DDD49A442E07526405F8B4878560951508
:101F9800037CE1663BD68EBFF439D7B08F0A3A008E
:101FA800114D3B4D686B59AFD7DC61404A1189131D
:101FB8003ACD86EDA8142A277651885CA0BDC8FFC3
:101FC8007B5331C1A93FA300EFBA39D8F9E32A44BA
:101FD80007A86DA954DF6139DA8D42FB12CDB93FEC
:101FE80056F00E6E3CAD9A5D750FADF0A8CC0600AC
:101FF800499BC12AB3F76FCCC5487B718392012CEA
:102008008E2B8DFDB3BCD6DDEC755ED9CB41691D39
:10201800AFF2953B9362ED00A963F321F2DC8B11DB
:10202800865DF96ABF58BCD80984CC7FA14117AF37
:1020380050EE02BAFDA3AB72FA8CDC0754BCEB007D
:10204800048F4833FDA146AEB62048CCF5B93FB55C
:102058006EE77BD4CF57B6EEF339B756223546BF75
:10206800183DB074D394F40075528C45CB8376290F
:10207800DCDB045BF502163D7D6A4986A89B0424D7
:1020880087FA2F206B8858BF5CE7EAD33FD86200F5
:102098009A0CDF0989B4B7C06E5CD04F518CBAD2A4
:1020A8003169E265D8A40070CF1243BF4D66FFFFC7
:1020B8003C6D62860C8363007327878A00B526B15E
:1020C800ADA39265375570C0C65B4189CB734EFA94
:1020D8007EB0F6A2C422F6D657A7AE9330E25800D7
:1020E800D013FD9EBC7C0BF15BEB7A22B4DEAEDE36
:1020F800D031453A1D3E15077AE4DE7CCC5052FBC0
:10210800D3F2210CE6694600D097245F5703564E58
:1021180073D4BDE553C7F2186727CD5905EA861E63
:102128002775DAEAAE5EECED9267D553EC038E00C4
:10213800ABEA56E954507271967777B32FE9359E1A
:1021480087925CC5AE3BF62B853116D4177FC1123A
:102158008734EB1F3FEDD3001C1787A5937F10250D
:102168005F9B9718173EC01EBB98334429FE307FEB
:10217800A1BC533266E786038614CBDE590B950063
:10218800471C3B00E04DE5C433A13EE72CE58C54E9
:102198003C3032B4AC350157CDF306DF502FDF2A7F
:1021A80094BADEDAD5BC3E00B70316643434719DA8
:1021B800AA6C54953097F95736CE975FF3CBE278EF
:1021C8007AFBD8A55F628F44A78B33831D216900F2
:1021D8007A66FD88AE8C4241DEE1821537797BF064
:1021E8004DF3D1B613C95CDE37516D02DF6C05DCE7
:1021F8006060A3965D7B8200E39C45974B500D8AF7
:10220800F2229CF6A87074C6AE87E764DC492844BD
:102218000075F49346A67D0B8437F40C915646005E
:102228008A4627967BC9305B99326AC6D8EB6EF12D
:102238002E9D9452E58DEABD9D06E0872B874C3A8A
:10224800635C4010CF63F400C05989C5C9DE3D47BF
:10225800E98CF86380E957E3D080458E616E0D9371
:10226800D61758CD1587A1F64336EDE8AAAB3F003F
:10227800A273689DF96CEFB15C1B9F9B8DC913021B
:10228800302E0E6733FA51C29EEDC142E90145185E
:102298001F326E04FD794D0015CC512D8993780BB2
:1022A80038AEAE4002B99A69142FB1ED8F48884410
:1022B800D8619B8B5189319335134AFA2C5B4100C5
:1022C8001DCF84892EC1F738D185FA32633F113F7B
:1022D800E0D215565276A936BA951E735214F78570
:1022E8007FFD3FA6B08CE900DEE93046FA110B6AA3
:1022F8004CD0696F4BC2F5252AD554BE0E274AC06B
:102308002B7338A6305C230E47A1CA75C76FF1003E
:1023180041DCA2771536DD5C470721DCDE14D87E68
:102328003F80EE3326AD8B17FCAA65A815667B594E
:1023380090E3444FD253AD006036C778A8808D5BD8
:1023480035B570F62066D0F62AF9D6EBF0436B3F28
:1023580025AB2FB59D1F4740DF75928B2B4E05008F
:1023680067EF8C5593E75C3A0158020A91F4F5A996
:102378005B6BA8E64083E7DF79218DA8ECE3A1F742
:10238800FC91ED2A861C94009D4CFB6E4D89524EA3
:10239800942B769DDC8048E395336E5FBB8A036F90
:1023A80057237AEC98402AEB56B65E303A9C7C006C
:1023B800E9CF77D0C10FF439737F5331ACE0884D42
:1023C8005A3C6B7F2032BA38E0AF8E8910BBD44EAE
:1023D80016A0B8B523377C00D39EA8F1FD5B55182D
:1023E8007A20A96625C617D524A64EE7EB0471877F
:1023F800C2339AF64AEF69EEE62DB50F7E5E4E00BF
:10240800AD1F1EFFE08114CBD1870BE0665AD89C24
:1024180066F475F579BA2023EC582369A9B7202703
:102428007F12F30511121A005CC57266927141B5EC
:10243800AE6CD32F01167E2A46253C06950191F0F5
:10244800F659889862EE02661C6C4516BB1EB700EA
:10245800258CDAA670ED28A836DEBCFD50D70626F6
:10246800C2BC6FBA814B5E637AEDB2FA7FB59B5AF4
:10247800BF96B3593060CD007896124C8CD775A2B0
:10248800521233373D07874E8E68CF8447FD235A53
:102498008D65DCB97C6075007DC1AF80C56BBC0003
:1024A80046EF4697493EDDF3112EAE71A2E0C631E4
:1024B80002399575E15E7A200DC823128904F193DB
:1024C8000AE0BE8CC16DD300EF87F2A5A93386144C
:1024D8004B21B74FC70C04301A8C7DCC72C75C48AF
:1024E8008B03DA1FC8F38F03F2108925C005A800F3
:1024F800005E8DD58F71A076A9BAB03BD4BCF1A887
:1025080052F26460851A309897E4CB9D73956F3EBC
:10251800EF215C0FFA629E00F43CB96B338520EC26
:10252800C03B478AA4C3A37ED564FC6FAA0EB82912
:102538009CA5110D00427BF1CA4FABCB2050BB00CC
:102548000CBC5DEF5A1A854EC441DBAB9FB9D3254D
:102558007A2F146F80EFB01B937A95B07076C8AC61
:1025680021BD3027CC3FBD00D617A3927030ECE0D8
:10257800F5D59C487700A019330BAB5CD07C971637
:10258800E4E2C54929BB2FDCA1656591665A0100C3
:102598002EC37CBA2E6AD82D13EB796982150C509C
:1025A8002F0E8FDD25CE893A865FAC002A423A0489
:1025B800545B41C84432F600F8F39C4FC4F77F21BE
:1025C80052B43766B0358DBB414B922DCA4F4C1271
:1025D8009AADB8D01E732213E385FD7B160C540008
:1025E8005F000AFE95619393962C2CC53C10B76E3C
:1025F8005D92260DDB78F301FC6943FE6E08AF623D
:1026080020F666BAE45CD100065121ABBA9FEF0C04
:102618000B563D70C5D9D429B1B9A6364EA12EC4E2
:102628008B56392B2777122DCFFD3106F166AC007A
:10263800620C5687382671158507C17374AF6F40D1
:102648009EAAC072679890BB947AFDA77DDBCD18CF
:10265800D05BDCF42EA2CF00A43712DE738CD0AE90
:102668005DF8623D4ECA75D963974419BB302F5047
:1026780033222724059765917A605458A864F3009B
:102688008537292E93E433355C90DC23753A93A281
:1026980078974F52AAA37A0E23AD055BC667C4F696
:1026A8004CA7649010A015006926B32A031B077A6B
:1026B800A4B69538CA78C2B48B67253D9E35BA95BD
:1026C80030379096B8F3D9F1EFB6E17AABF67F00E0
:1026D80089CA39C3A42F4EE81C419D1BCA73B698FA
:1026E80086D34CF56991907FC1FF8A167C81D3FF10
:1026F800A1541D45B455B10066E76D8C57104EA521
:10270800F3D744558EFDEFE22A0A098DA7539F108F
:1027180006B5932A77B0163334C12D93342B1F0096
:1027280046896C42FEF006001CD82D0EC5ABD88B2E
:10273800994DA31F30D5D6F7D0CD73DA8EE6F9823E
:10274800CDCEA162101E9D006D64B04BE66FA38CC8
:10275800BBE7457B06A27DF057E6DA1963D1A51FD2
:10276800F742341BCF5203B9A108C4099E5BDF00AE
:1027780047753A55AF3DE43D2D77D3194BBCC76E2D
:10278800700875CB3DF979A27862FA751DA9B65023
:10279800F53FD77B236FE60093E53F5597D8FFAB0E
:1027A8006F9C64807956BC9B23773ED57744A46997
:1027B800E34C9C516C1C5CC49D30F44DBEE1E200BE
:1027C8009FC0A1028567BD342B2803B7D82C7A781F
:1027D800E176422E4EC01B8D77625C85D46FA4399A
:1027E8004782BB1C14080900EA30D1C1B0943B529F
:1027F800A99A0F56A791EA4591433EAFF9D79EB6DD
:1028080064F68FEDC92E90FAD949E61F90751F001E
:1028180034E05479FC059E9A981EBB8AA307494C5C
:1028280067064A67CB8823DE744105179620AD6D8D
:102838005D2EE2BD462495007421B4EB26698271B1
:10284800F74D1AA81402C8241BFA08CD72208B1F52
:10285800BC927AC5A8978412EB9A187A0D4BB700E8
:10286800C487525B416CE8EF11410260F9B85BB173
:10287800E62ED028D4D38EEAA91172AEE71E92B6FE
:10288800E4AF3F6E40AF59006B0667847BFE8A1643
:102898005076A652A74A498E9A7ACE2066DF31F240
:1028A800B0B6C5882F3C11F00FD4A61F40F24E00D9
:1028B8008BE54B5C729B3A8F23D284BF9A4E746728
:1028C800B44BFC8419AFA2BA92CE5B0A9D28E519D5
:1028D800208E0FF4D7C19F00E8B192324BA8B046C2
:1028E800253DFE2CF7C8DC29343F4FA7C1393103F9
:1028F800A5194A1C16CCA8DE4D871C506217060085
:1029080095BCC9047E66AAF3C96139A5FBF00DF729
:10291800093516337502EC9C417D003A40613F75DC
:1029280090E045D9298FAC00D024BE6E95B1E5A2C0
:10293800E824A8DE5442F8F012E9E042065C9E92D0
:1029480071722595941AB3D7B509B690E6070500B4
:1029580021ED046E21D2E8C20604A38E5923BC12CD
:102968001102DAE2363340E6F2382775FCF2A08627
:102978009CA91312F87E4A00473EDA1BEBCD3EDDD8
:102988005B3703C7511C67FED99F593940B8949BE0
:102998007B4C5DEEFABBF18858E84F305C6A00006A
:1029A800EE6EABCB3AFE64D22B99273DEF2EFC4B53
:1029B80055324AFE834412F039664084118DC312A1
:1029C800BA6284FADF340900736C844FD27C15979D
:1029D800981937DE006526395099318D7EDFFCF372
:1029E8002F66DEF4E85FFA67A44AD1F5351A8D0040
:1029F800C6861EDBC71E8B6CFF9045D25E548924A9
:102A0800207EC94ABFFFCC2F49924147F9955A1EEB
:102A1800BECDA4919CDF34008FB393EE8C07DC5EAF
:102A280014FD587ED947CF21D3B0F2D238231AC823
:102A380073F760BE85FDF9B84A539E5805421700E2
:102A4800BDD6073574A7E83BF69341A99BAC44AAC9
:102A58001E6B96BDA0C072F2454C6BF2837732F5BF
:102A68003C022AF75118DB00C7E6FFF8D976918AAD
:102A78007FE1D9E14403AE7E3B528FB72A6E490904
:102A8800C5F343A9425BE3191367521D6FF1230095
:102A9800591E5C2168BD54A53B57982A719A960F18
:102AA80090E6126EC9ECCB23D0815E76A02A3894CA
:102AB800D8F281F3B93849001D4A4BEEACD5AF8E38
:102AC800BCBC1580B26F76659D6A55D1F07557808C
:102AD800FAD4CFD572463722E2BD57897F10560007
:102AE800AE0C9CF6B68B6C469B115EDC49D5FDFBA3
:102AF80064141D5CB5AFD385032670AFD4D6CC3231
:102B0800E63DA4BEF3964E00AC18EB46E814CF861B
:102B18006C98E348582EF562711D9D7492A9DDE703
:102B2800DD677C8A578CDEFB5F93BD134D383E0012
:102B380079FA0966241B579142DADB43FE2B987217
:102B4800D6C9845B9FC31C4261ED788722E9D228ED
:102B58009547ECAD90408E00B29699F5379FF17984
:102B6800049BF70ECAA31B771B3E0C8A5F31082211
:102B780029A754AC9B36DCE05E3AFF404E3D44004A
:102B88005C08F4169C7FA7BEDD7ECA17815B5F8A4E
:102B98003769F3C4BAAB4D12D735A87441E4FA12B9
:102BA800F7CB63E442A762007EA344BA272801A8B2
:102BB8006E4CBA76F799835BC0F37F214B8937E86F
:102BC800C6BCBA437311FE4DE5087692F8CA660092
:102BD800220E450005DB3C5F1AB4AA759D07E6E99D
:102BE800DA719FAF88FD73D162DE5CEE27DCE3AC5F
:102BF80008741F37DB27BA004C015CA181B7A5DD3B
:102C0800363BCB932F7E3FACBF1B6D012656A9FDEB
:102C1800543B7F68B545B3D4A532D6CB15044A00DA
:102C280099C61DDF9A172985990CD20F5A92B62892
:102C3800498B588BFECA1491B0131E754EDB297947
:102C4800B034C3F53BFA1A00948DF1885B63AE2368
:102C580090B9C4CDE2B1851EC2D2D9C6FCBC9C4293
:102C680062500A1FF083AC75655491DCF8012200AC
:102C7800F82178F9F11896F7BAE51E45F8692F2575
:102C88000DC41B5899A63711C4C8D702EA9B369CB5
:102C9800F8D012F32342430038663D3658B2B9786B
:102CA800CAF5E880AB4BF0824337460A1A6DCE501E
:102CB800BE874C66C8C2E3E112CC0C22000A0E00A3
:102CC8006FEEAD4742CBD9735851BE5757CFF0AED0
:102CD8005F62B31C637F8F8E9CAEA03328371B8C3A
:102CE800045FAC4AFC903100382B214485640DF018
:102CF8005AE24ED55F4D9E5AB789679ED66B90EBC8
:102D080086F4091F6E8D2D8BC7A7797407B9F20059
:102D1800CA5B6E518A03805CD91E1ABCEB6C357392
:102D2800FF40E601B36AF9A00061DA59B87ECEFC2B
:102D3800CDA7A932C61B49001FBD3A33A8C78C05C9
:102D4800ABF6427473E0B24C0EBD13F9F27AF3029B
:102D58008934B71CE6C7A83C84BA1ACD069100008E
:102D6800C5EC3D905955D1803EDD090CFC99A3F87E
:102D780081A9E9A98EA31A43FA392FD1E7F8F60EEB
:102D88008A3C797175D8F300FBD9EE892171F2C6B6
:102D9800A51B628347F5A1C65FE090B75764A28878
:102DA80099E417F90EC6BC99AE6BA0330B29FB004A
:102DB800BC80AA57BB21C0077A1C39194B6700464B
:102DC8005709A72071ACF6A3787F865B1C4D0112CA
:102DD8004C354C1DBE86D800218897679412C74988
:102DE800D2CBC92CDF26863BD6FF69AD5D09BC1C5A
:102DF8007145E71078E67119253075A05791A40040
:102E080076552B2181AA12D802C50F06D92270D176
:102E18002E987D777FE78EFB2E40C2EBEFDD6AA30D
:102E2800DE77BB42ACF55A00773E09D155C508B1EB
:102E3800840D1DF5FE2BE0AE030CA6C397C7B6FCA8
:102E4800204B288962F0733AF7302FEE0F41630068
:102E5800CB99C3630A6B8FE80EC4422CC80F517913
:102E680034298153D8E4CD0E30C3989D0A1CB7038A
:102E7800EA975DA1EF8E6C0070AC9AA315E474BB61
:102E8800AEC124A3CCA75918DD24113D02BEF9C553
:102E9800A69D69F2F59C7A7D26D2B835ED58A70033
:102EA800D16A524B4B1A9C6460F8B6CCA9E29AD806
:102EB800563FCC50DDCA4BCBA6BFF51D5C16CA6683
:102EC8008595E8FF31C4F8008EF7CE70ECF43D3FED
:102ED800B83A701E48CAC2BF798A1EEDF0C91F36BB
:102EE800E28CBC90AD52D396180CB6B48E1F190064
:102EF8007F49B2E2B77F3871F1685E9C79319711EA
:102F0800888B22C2AF669404656A789A03034C1BC7
:102F1800299FB62939890100B16F3E50DDD062255D
:102F28007AE2AB08F3D7B63B62C3F0D9F96076030F
:102F3800B91D8CCF586CE4C735DB2D38B4A6990081
:102F480098FB4A8CB8F08832E63D575539723CC335
:102F5800CB6282B8D3AC3FD8F1E1F7423B5380B1A2
:102F680093C00D4F504842000D44B8B28008A3EEFC
:102F7800D806CB7D7F969B69834BB871D2677DA1BC
:102F880004AA1145C2C823EB1FB7DEFD54A17A007D
:102F9800399D1D796AD22BF7BB68D58C8791E5CF0F
:102FA80083E1F044D938C23A9F51F596155D18422D
:102FB80037A2DACF3189AD00D63BF2013836453732
:102FC8001D46F4129D74BDA32492E1C9F52A91749B
:102FD800FD0F6EE3F52B5541D2F8427678775E0007
:102FE800402EE86A41863143B9FFC6A56D007A755F
:102FF8005F33FC62957D21A9045E6FE37193FCF950
:1030080019787CF8E2B65800DDB8CB2C53A1EC480F
:1030180050FD298D5BB2CBB8CED57BE8B4B98E5FB5
:10302800F397B540ECA33AFE2FC978129F225800B7
:103038004812EC2E1D3D7705B989E7A27854E03691
:10304800E4247B9BBC1AF3C1F83A5647C9E260E610
:10305800D895EE417C39AC0075121795DF1BAD3E53
:10306800BD3981BDBD1A174F67FE26A9C2BB5BF4E7
:10307800E137644BDC657D4A4A9F212DBB5D110019
:10308800574A42FFEE44A2D1B5D6D06ACEB56FD624
:103098006A011C0D0E4466A80C5E8BDC630967CDC3
:1030A800587943F25076980096B8A8C1CEFF87FAAF
:1030B800ABC2954CC668427707E92F48E61037FE41
:1030C800FA01AB2273C4CA79EADB0E527C370600D8
:1030D800330A48CEBCAF7E9C254E6A532F0702C4E4
:1030E80072D868A64F745AD6A88F2C2DCD6DBD0CFA
:1030F800D0649740860305001777EC61437CFA2873
:103108009DED10C8495836AE6B801E0BAAD7CD96D8
:103118009935BFE1CBC011C2AD34857694CE780025
:103128003FFFF2D2C6460A49767C13F1599BBDEDA2
:103138001B17C5D57DE4AF935473E2AE763740587C
:10314800803F94B32959C3004BC0F798ADBF987816
:10315800EA8B21DB83FC634A73A5BB4882C1AD0EB1
:10316800E829CD614F2C5C3235AA85F99BB1F40072
:10317800A2F1931EE2395489DEB5151C1C19AA1850
:10318800BD23205BC84D3EB49FFCAAC4F596653BA1
:10319800E7E0E6CCCFA57D00D1731C951D1B379BBE
:1031A8009CD11CA0A37FD4EB8E996B329A0C8DAB6B
:1031B8003158E5CCF828671F8FB8360414DCDA00DC
:1031C8005E957E4B1B0DEB62BA5CD610295BFA68E4
:1031D800F217F377CC73EABAEA7F578ACE27ECE97D
:1031E800457993D34F31DD00754158D250C018E36B
:1031F800ECA5D78942E5CDA03D984E8BFC789AA8DE
:10320800952DDBC5FFA5CE3EA2821E8E592FDD006F
:10321800C29BFC5D33846FF5610EC42B7FB3D9E587
:103228006983E6231F3F739D73D3FD8AA51B2BEA91
:10323800EDD4185CED1C1A001DA67595CD7B2B3FAF
:10324800E7709AA4003A7AE2C109C68B6658DD7D18
:10325800DF4C72A3FC62EDC5B7134BE1AE8CCF0017
:10326800303FCB20A223991F635EFA4A886401ADE0
:1032780090E9CCCC664420C6F335556D959E7ADF2F
:103288009DE9AE72ED3A7A00C8E51CF174B3AFF669
:10329800F844EFCE319D14894165E70BD4E6517EA1
:1032A800D6D51BE821AAFDD9F0CF4C3982D45A00D3
:1032B8006AA83B6F41A8AF9B5671B34C4C7D6143E4
:1032C800A035D7CC0BD81352525FE3C7CCF69DE993
:1032D800DD95080AF68DFF006A883D21D4526C17E7
:1032E8007883C93217DE7E16C7969EB364CFEBD8B3
:1032F8000F81ED58EFB45E79A41FBA212EF9690049
:10330800D318F3435FDCC54925D8CF483141CE36C1
:10331800F0DABED843D10D0AC94E72C0200E622A17
:103328009B734E482E45BB008F3B397536DCF94DF3
:10333800326A452A5E3C9A960E9C4E1F3FCF5065D6
:103348004D51BC6867A7AB8458ED7CAD1E71BA00BF
:10335800A53FB1906F3C17756527DF864E6CE84D29
:10336800E15DD92FD18A9AA58D00D8BE22BEC4B9F5
:1033780044021F77F77DFB0028AD90ECF0E0C11503
:1033880049508B0E8F129FD920CCA596EDB1F66DC2
:10339800931895FAA5060D1CF712125A35552D00EB
:1033A800D28CC6E767C3049C8E89B562EA5A1FBDF2
:1033B8007A2DF042AE4320ECA2E81DAF9E2C0D7989
:1033C80000953610F3CE4C0055ADFDEC2ACF2C50AD
:1033D80025F2C001DB529AEC2DAB2DFFAEC564E59A
:1033E800417526459F93A54DAA325C70365FA700AC
:1033F800741FFE47B9A0B18FF827116332629F8707
:10340800ACFF9047E7017F365A40E5B5318D973BD1
:103418006ABA1FDE7FC8E500A1CF4A51CFE28644D1
:1034280085BE3CCD6B71D083726D45F7DE7D2BF781
:10343800CD6380BD3CEF0A81C68206518E4F900055
:1034480036AEA8141EC347573A34E5A45502A380E4
:10345800C253F3EFD683CEB46A13B95B6DE7332852
:10346800B534C28B3CF3B9006CB691ED11F7410449
:103478007A8469A467B60FD48B817776D067B56EE6
:103488006D1DA01200DB83C5EEDB9A1157FD6200AB
:103498000D8774FFBF09EEDF9F15222C3E51773F41
:1034A800E3633230C6F8577AADC495E006F2C8B087
:1034B800B65EE6B6E6A6D600AC0C759B0AB39FB41A
:1034C800F97AD3C1CFD9E0EDED38244594CF352D25
:1034D80099C6D97611358B6F1A32ACDB2637CC00FA
:1034E8000AE3C7333D617D712DFA115688D5EF5C2B
:1034F80070AB68CD28E5DE31089EB85F4095094974
:103508003C0CA81397477000970EAC3EA86BFF526F
:103518002825DAD67931A434D1B736C0A38869E42E
:10352800C92C1AB43639FA37A7E5E38E82DBA50031
:10353800BBED944431248DCF000A03FEA17FB182F4
:10354800004DDBA21B3F1591E559D548C25509BC72
:10355800EA6A720812B9C300D3A68F39A43459C1D4
:103568006EDD700DF2B87E46D9D47250E2ED38F4B3
:10357800FE81922B1145D57B21E209151016FB001F
:103588006DC8866696077170C22C084F6FAE0469C5
:10359800B7021C171B1128A200D231A12DB097E148
:1035A800FC382167885F5300EDC1DBFBC67C1060E7
:1035B8004191377DDB1F36C929BD7065E440C7B32B
:1035C800438899BC37BC9A412AA96F1C26980500E4
:1035D800C011C0CA1096E845517AB7435E9E5E2B6B
:1035E800BD7521A8FB75C12B796E8D7F199CD521DE
:1035F800C461E0CB3ED8DE00A1908E6AA8FD9A7522
:10360800B179058CAD56E4DB838A854744102E10CA
:103618004C1EEEE0A5B0D015C5718908A8DC0D00D8
:103628002B07D9707077C80805199467048753B5B4
:1036380039A660ACAEC4BB0DE1FE6EC9D68E508013
:10364800A7315BA69BC30200C776F0607B0661AE1C
:10365800F01B24CFF15514E5EC7F0F987770342FC9
:103668007B4B28D79BC4399AA773307C06F7040094
:103678006BA683F67F0454A10695D20F10D88B0C45
:103688008FA51A2F4BBB508A556E6348F359717C2E
:10369800AADF22FAC7325300FFCCF4DA3E5D250ACE
:1036A800CB09C581B445CCB2C518EDBF352C57F848
:1036B800B3435D67EF218A7E4D9D9F68D5615200B7
:1036C800C2364F86040FD327CEBD7D292B6C7833A5
:1036D8003222644462D8BBC9D3005108AB2359795C
:1036E800B9A6039B7DBB7A000AFA4FB1879218EFFF
:1036F80066973AC6BE92929669C5B9FF2FD4A41AA6
:1037080062E5452971F8EEAD2204E798E185C1002C
:103718006C0FEA6C1CDD5CD4D2BFC5B365B2FC3259
:103728002D2FCBA612E0A9B921411DE8B343551CA2
:103738003020A7412671A30089543F0997399AB0D0
:103748008F3D989287782056EF28505C6579D8F598
:10375800311DC5C6BE4B11C8330E2D67B0B34E0020
:10376800B0580B39176D189F0A48734E199EE9A176
:103778005B65E607D36815FB2562A7CD04369987F4
:103788007481CEBD787FDC000BD70EF354A0682877
:103798008C7A5ECFCE4C244B5F1FA17790BEEF9AF8
:1037A80026AFE3C985CB19F909D8B6F4AFC39C0095
:1037B800FB99EE176DBF2666DE370E7AA5ED5145EB
:1037C80057D83980F47CBE4D66C884F8C3B84BF925
:1037D8000258CE9D9B1818007292E2D245C142D77A
:1037E800734D3B088F5A2979579A5925B2B01F6AE9
:1037F8001C365044301E677D5884E5ABE3858F0046
:10380800D62D13CC4B9FEC95F16F9214BAFEAAE219
:10381800C92E3263918F14727C8C64EF9F86B97ABB
:10382800DB8685E4C0225500767D63E01BD4313AFF
:103838009A4A0F81182A6A8915333070DFD11A5FC6
:103848009874920952A9493392FA6E24C5D3CA00D2
:103858004D99B6C7F2624D274EF5D2A2C8F383AF91
:10386800BCEB9A5FF97BA072185DEC63529AB41FA7
:1038780056743DF8A308430007A10466D092B92FF7
:1038880035ABDA418F6E80B6C982833CE709FC7C90
:10389800C2A5D8924585531909D8F5051CB38200ED
:1038A800E1018C95063443E8AC9A657472E54AFAEE
:1038B8000B46FB3899754247AFA5C9CC07F5482D8B
:1038C80011CBEB363E612E00B456CFA11B4CC9E498
:1038D8001677BC7B0A558BB852F44EF7AF133C7978
:1038E8007484E7ACB3F36943CC5960AA532EA8009B
:1038F800DB7FEA07B2EC58B84A44F8B4B17F2D6CC4
:103908002AF1300074EAF92060E632DA75A2C2ECD6
:10391800645B9D603EA001006AC066AEEE362EDA9A
:10392800683A60C4D107111C3636DE11C0E58DD95E
:1039380036C30E566564080B4704998EE46839004F
:10394800D0771091670B82F33A9017A8B0EF8438BC
:10395800A8C77CB723315DB38BCA24793B610C8F30
:103968005318D5587F18030091E39F7EB0E7A20B48
:10397800B3F9BBFBBA0F93BCFAFA736D53E973CC76
:10398800EAEAEDF5094B75C4AD05848FDFFEE30067
:103998002F1ADE05FD639AD718828588F9B918149D
:1039A800AF0DB28CCA3EAF39A59608F872F5E5920C
:1039B80004A13F69F082460018D85CF67283F7E2EA
:1039C80011ACBFCBE04E4913F147280EE4C1E442E5
:1039D800D60FEDED953505780ADED3F36ACA2600D1
:1039E8001E7DA0AA69D288AD51AF600078A778651E
:1039F800A1EB96E6624F263B1AF1ADF5B384FFA51D
:103A08008F34D20E07712B007FE4403AEAEC9654CB
:103A180032D072DAB9E8458DBA70901510E6726D39
:103A280043DD40A516546C170D4115E20330ED0037
:103A3800B6D0C2C890909959F2321BD050DB5F09BA
:103A48004ED9FFAF1D2E40D1A55B9AB17457246E95
:103A580082B0975568C0CF00C279FF6EC1A36DEFE1
:103A68004FAD7570A1792D8A1144F1226CE1C3B66E
:103A78000886535F88D1B38ACDF5E7F9A8DD8200BF
:103A88000924B3E7858C7221668B734C3F3030571D
:103A9800442ECC71C80474DCEAD6B7B9CA10001435
:103AA8009B14481EB2F5BC00F1A616BFE1ECA15468
:103AB80060D42DF11EA405285F0498B82C6B3897A4
:103AC80077ED13B1154E37F3C0D9A174EF3958000B
:103AD80009E5C2F5271A43AAC4A10F530D5F9958E7
:103AE800C30A89C19F8D614C0D794AE25415AA79A0
:103AF8003F725688365A5F0021F011E88E0CE6B9FD
:103B0800FA53838A019BDF5BC9B06180E2590D5883
:103B1800171C55B6BBC7DEA26C12E2316B6DE6000E
:103B2800A6D7B08F050284DFAE29953486706F5F03
:103B380093014F6F63E5C3B2E762E8BC1E6B1444A0
:103B4800009981A3ADEFCF0021ECC2406B3B11BFC0
:103B5800C77BCB38A386122ED3A29C2A0A1946BA51
:103B68009E4D04E48F32D0644ADFA86521D6FD005B
:103B78005D244F1108ADEE48D3B3C0CD55A0CC811C
:103B8800BE36D4CBB8CF512F7BBB8AC6520E6F58E6
:103B9800B837C929C43C2300DC7608CE2CD1B71D20
:103BA800B54062B4EE2042307446D1D7DE1828BC46
:103BB80019101A90CF5A25D0C7AE3CBF77D98900C3
:103BC8007CAE6ABED1E773C493904F8286806DA4A1
:103BD8004A91174D3930D5CA3E0729275CCC507613
:103BE8005DA51F54831CB3008573A281B5E54BF610
:103BF8002F8A34C1468AE1533EC4A6356B99582FA3
:103C0800447B8F0D519B985243E06900137F12004B
:103C1800E079A25DBC4C8841FD81DE06886D852077
:103C2800D1ACCDDD5FACD149314697007BB8D65ECB
:103C38007ED0079221431900171912FF1BEE348A10
:103C4800225DE1A043A699488F7BE9DE45FD9E539E
:103C58004588362763ABC6AD4984F902B501DC0057
:103C6800AC8094CAD8830CDD9E2B3A377E04F21DB3
:103C7800F2E65E965BD8EE4B7C423B02C70071775A
:103C88002E8CE5BA2AA5C00048C8E69784D6F6A3C4
:103C9800F8F3D8EFB09718B35863278F0CCB40A927
:103CA800AF8C0CF8350471232E7EF9300B4ECD0005
:103CB800AC7B421957837DACFBD018389928600239
:103CC800E130E5F4DF13771DAF1B8210A0516ED0F1
:103CD800529A104E03149B0067FD01D173AA25D98F
:103CE8005F1690BFF07DD0BC5F3CB9426F61E24582
:103CF800199AAC6916A57C4CA40099A26E69540067
:103D08000EBF9BF4842A0A67D419EBF772DE6D0B99
:103D1800C9BB689EB8414F9103267E44A646357FAD
:103D2800373579FBD080D9008C801FC55727523290
:103D3800B764B6453F97A4345B2A806F0AE5F8114B
:103D4800F5F173F8757A30D7C4157CF7D768140085
:103D5800AB60F1905BA3FB8621708A076C88B597EE
:103D68007D00B90AB691CE306026C97DB079BE5CB7
:103D78004C8D0479BA3BA80061018E4FF41D91CF98
:103D8800E7C5EFCFBF93ECF46DBA521F8BCD54EE5D
:103D9800C4E72CE9BD5D565388C16C2A1AD5690061
:103DA800161121524DDFA885377B4FF4E3C28EEC04
:103DB800A04CD3AB15E863D659D7742A6FAB3B3BFD
:103DC800EC20B78ECADAC3003075A0837462F6247B
:103DD8006BE83852D9915504226432F8926ABEF7DA
:103DE800B6BCC233CDF34612D54F8A9420DEBB0051
:103DF800975F9309ED7E18ADB98E13E4B9522BABDA
:103E0800C5E27ED6C4D3D41D6E96DF770B1C515302
:103E18007EFA5E31B67D7F00AC5485D0BD0F8D86AD
:103E2800E8506E0C69CB996F7BCACEBF030F115156
:103E380058860CB54CACB4924709A44C64499E0012
:103E48001F79C473AAAD7DE21B6DBE3C1162F77089
:103E5800AA9A0C2D75555C8F79991EF589CE4AACB6
:103E680007EEE4EA215F9F006C8FA261B865CD7F01
:103E7800D6B52D0BEAADCBB5BC965A76BCE2B547A4
:103E8800B86AF8B21422D69D38C1AD4F2D74CA0055
:103E980022FDF6AD466FB5FEDAE8ADB2D96E70CD4B
:103EA8000CF6FD96820211A4D52F1F7F3A539A076C
:103EB800DD6DDF9B46113100C6F32BD311F23F565F
:103EC800706AC481EDF18AD0C4001D5403DD92AF3D
:103ED8004DF33ED82C19587B0E4B42570069A6006B
:103EE800B704B4F204F87B804BDC97F4BD6B1D7CFF
:103EF800B9C76A2FFAEFD42A00C93D5AB21F6F3BDF
:103F0800A8DE8AF21E074D002B66A7E6A21A4F62AA
:103F180072FF15631D3C2B5D89BB30BFC79E856E44
:103F280085CE0010F9B2E36F3F5831C4A38CC300AB
:103F3800A8291018217ED795FC5D0B7F22F2B35477
:103F4800E3728DB7B78F3B52E97AC3F6CEBC8E4089
:103F580041EA00775FB46500C08EC516A1710A9B5F
:103F6800C7B5A58A5435BB4DA1E8FBD275570BCE12
:103F78008C92DE6B65F5780020AD7446A05E570024
:103F88004EA0B02A22CF742A6133E0EA90A7505697
:103F9800E5EFF1F4DC9E926F3E05DD7280D101D32E
:103FA800640618C026F4C20075A893E54FDC06160F
:103FB80038E7A09F146B4C6B74093231CB9635B837
:103FC800F9FD5A1656C72AD89666F229B5616600D1
:103FD800A4A171EFED5F24967349C7F31EF75856F5
:103FE800F9E4A131EAFE214CE7813D0ED425EBA787
:103FF800F552307248DEB400B9ED9032555520C004
:1040080081D5E7B1F4E2A99B46D09F2AE0169148F2
:10401800FBED958AA5074981FE184A4A94F2AC003F
:104028009A1B789486FF6A070A8F6453DBCAA65ED8
:104038009C9F770FA84E757823A42630CD0673531E
:10404800645CFA490526AE00FA74390D769F2C0E89
:10405800F98FB93B52262F983FF0462DC1C43F2D0A
:10406800E9B85D50D621B7438C28581D0F2CAD00F8
:1040780020C6FF33A353F2F7668FC88B5411E7E7C6
:104088004C3D41ADA6F70D1BBE8228BFE316D314E5
:104098004B9F43F6D501F6001693221336F4E79D9D
:1040A8008E64904550359AE19A6DDBDBB351FD5A29
:1040B800CB5C7BAA3EFB1EB896E22357A2DAEF0040
:1040C800F6622136E43638964B2727DBD04822F5AE
:1040D800B21658C0FF3A91C7DC4E334DD3CA1AA264
:1040E8001BE5FE466E517200D3CD8544ADBB4CE94D
:1040F800EC79960FDB42DE3EC29DD76BEC4CCD9B34
:10410800ACC2A70F72784BD7E89BC24CC16C0D00AC
:10411800756236D1E236A35DDA33EECFA5B84B7FB0
:1041280062A5996E49F1502E14ACBCB9703B3D0A9A
:10413800F4581094EF8BF100BFC43AEDD7E86B0147
:10414800DBED933E17919F8636A3414E417C600C70
:10415800BB369CC1DD8710C863481F524BF07F00F7
:10416800A68CCAC941D2FADB62B5051BA0FD54B8BA
:10417800A89C1FD12B33E78DDE8AD2D67777EFDF65
:10418800831F5C572622080061456AE6FA71325996
:104198002BEDA3E0162EC1D472C2130996E568353B
:1041A800FC842AA07660C9145E450017011A5500E0
:1041B800C510DD04BFCDEFCA37AEACF6EFD09C31E9
:1041C80036A2C334FF74681C8068B2A0505FD7ED74
:1041D80043115DFA5176BF00E3EFABFB7BA9827A0E
:1041E800F94A84C6AD399A8FEF5AB88C8014E7F033
:1041F800ACAFB108E2FE39638FAEBABDF8F3B800D0
:1042080082BE8DE5F4B42431E2D24905185F78AA5C
:10421800A79C890354C8E60771718FC714A2DF6E83
:10422800B6366287BC4A1400BE1F39AE6FD6DCFBB7
:10423800B90A83207F9C74D1AE29C782FE408FA320
:10424800262E2DECCBFF1B0064E5D4BA4CFA2E00C9
:1042580013954DFB86FE5DD15BFD6097291F2216E5
:1042680083821D4FDD483ACCA2FAFECEB2BFFD557F
:104278009678FD3542523700976EE6F2DEBA6A9FAD
:10428800DC3CB7864A00CF6A90500480C549009C40
:104298006B182169A4DFE8ED59315BD19FBC92000E
:1042A800948F1A2DF5A7FFC319A6BEC4B633F0D153
:1042B8008CEDC1C0F3946A0CBF497E189B7E92AC0A
:1042C80043D51EF0BB11BA00CFABDD4F20F410D39D
:1042D8004B5C219EB5219BDA1D6E85496E28152001
:1042E800EE5554247BB62457F747034BEA8715004D
:1042F800A3C45212C3A561A6A937A2BF0D4E8FE46D
:10430800054532AC5AFA95F2DE4C4EB855FFEF0E21
:1043180046BF7BEF05956000A23764006ACA671D37
:10432800C6E428D9928DF32BD2723C3E277DD6E67F
:1043380016E687002F19B09DEF241601F6512500C7
:10434800D181BE00964AD225EE2BEAF28D96CC6535
:1043580013C3238938D5167A1F8DA8BAB990B2F03D
:10436800678E07861C26F800AFF051B9CCB6717479
:1043780078DC2CB7318CAD1D241EACADDD6786868C
:1043880010F0E278DD1FD9F0FCAC772DD8CFA20071
:104398006754A88A9C850408CB260CA2734FA7886B
:1043A8006D8ECB1F6EA18BAC54B7E1BAE53D1EB143
:1043B800B74B9AE135605F000611552366FB9952A9
:1043C8007B76ED0419D09F1CA4640E640BF12805BC
:1043D80044C7E729CE53F1765B45AD119EDB270034
:1043E8004D9883A0137FB873F11B7D784A402E1A2D
:1043F80092DE034ED177B3A7E69DDC838E1BBE28E1
:104408007EA5E08CB3307900CFD780C924582AE242
:10441800C69669B0CC4E5B95D8780B08E2C428B034
:1044280014BD902F8F9BBB6986CB115E3B1AA900E8
:104438000DBA1F685AE0E53C580422B1D32128B5CB
:104448000D57C0283EF3E4A0119C6E662796D20F44
:1044580098588128F6E6F7006AD33FED33D80FF76E
:104468002EBAE64C42A046FE20691380B41B0D9973
:10447800D71D41F21CEE59CBB64EF7CE052EDB0008
:104488009727998AD49E6CFB8FACC01692AF0B2BE2
:104498009D9B695EECD4C54BC99E75ACB3AA9FF3CE
:1044A800DCA12FBBA92F4E00844C77EA7D0D136841
:1044B80046CBD306F7412971CDF3C141A0ACAF2952
:1044C800308A2058D9F201281CC035FDB0F43F00CD
:1044D8003CC8C6A1EBD645852219CD8DB8B97A87D7
:1044E800D217BE93DBD8D93BD7E96C9894DB11037C
:1044F8001F974D1465F28200979553EE320B60B505
:1045080032834F9A6005574FB1AAA470DBF8FA3B83
:104518007ACD037A41A23E461D71DFED7F25250045
:10452800D1CDF51613346CC746B8D37C406D3EC860
:1045380087DF84D200946B4907F52D834D0CA44F77
:10454800FBC43E1113CEEB0076B49A4917E7EBC7CC
:10455800B70EE6BEF0A16D7FE4F519D39D6618226B
:104568006485A17CC8785A5D287475B25C184100CE
:1045780041FF933E7846CCE20781B5C5BAF50C3EBB
:1045880033EF00FA8B259EA54BE7C4F9AF9BF224C5
:10459800218846EFCCF024007680DB5D454FCB8840
:1045A8004A3896325B150043DD385979B20E053129
:1045B800C13DC6D780FD29C11133069F380EB3000F
:1045C800C9D8B87A543A03C4F7C8646D9E35494FC0
:1045D8008D4CA11BC04F8A08320911FEDB8C057275
:1045E80033CDCAC556A19A003B5DAAEA571FD937F1
:1045F8007A9437785F5DB563B3893CB2EB1265ABEB
:104608006E0164544ADFECC0BE16851B3EE7840089
:1046180018BD4DBB2626A72921A058AC6F296B7160
:10462800260BFAC916D39C69D8975544C7C7B0B9A1
:10463800547194F0E27BB800955CE84D5EFC37B5A8
:104648004D0900FEADEE6FFC8DAC732048C30F849E
:1046580048F923CDA85A862CDD84A3861651740008
:104668001E566335A012A65828C6C2D8A25B304988
:10467800D71BC58A90304DAE5249DFCA219F01CE63
:10468800F5DC42432B69730047F47E9AF574BF78D2
:10469800A5B17053EFAA1EEC0F87B474ADACA0EEB1
:1046A80047125AAEE27CB4998E8FE9CA58E7F700F0
:1046B8003ABD08D3712E5E94BB05E33BCF9BE83F20
:1046C80064F3674E66EC490642C4D73997A6A26ED2
:1046D800574D0383428E77008E90879C28A2CC4545
:1046E8002FE165312045EA56888102D7D4019EAA78
:1046F80043BB25CC7CC6175F78EF32D1B7E7F7000C
:10470800BD20BF5C4F048CC75234652852A4E2D246
:104718005FBC27053F6572FA2A15C56F42D3858AA3
:104728002EF87429076E47004DA7C27DC22C27B505
:10473800BFC7CDF829F41A6AEDBAB0DF81A3AFDF9D
:1047480050DCD6F1ED7885113B4FEB438C8B99000B
:10475800D1AD54BF5D2751B04DA673CFC69B7CFD2C
:1047680080F5939A71DA422A795B5618A90C32BD02
:104778002D2A061B6322DF00E7D918E983E0355CA0
:1047880054DDC642365B92C9873FF2A21E2B947B4A
:1047980014BA9E2ADADDCFC372C11D66B9F64C0081
:1047A80024E2BF3C91A60E2D1822E2B02150BDCACA
:1047B800813325492FD831F5AB61C4A1C860855133
:1047C800A99A78DCE10B99007D21E37E02A0B3D59C
:1047D8004943516472D57DA427B7BCE3A6517FBA7B
:1047E8009282BE3650EFA0C5E6324D8A1C95C400B1
:1047F80043143F1655F318E96B98862F40B0C1FC57
:10480800210FD7AFEE4032EACFEB7045D951F40D06
:1048180019ED1DCC7B795400F4164281E287A795E7
:10482800B2B8A2A2BF39ADC4EF36899184959B4234
:10483800D2F66C295E4918B96B11C8E5A2F00000E0
:104848000FAAFF434351590DDA0238D45747C0ED38
:10485800FC6674C7DE4FB5466BFCBB5366A9701B7C
:10486800330348F0AEF87E00856F207FB385F9D614
:104878005C6A1FECEB8FD959CC824FE5A223B40EAA
:10488800822E46099A0D7A5E7FC4B7A52F6D660001
:10489800FDCA55805CE2308CB9312412E4F197E40A
:1048A8006697113695B1F43FE419648B48BDAB5651
:1048B8009438F939E3BC0F00BDC0DA8E3870B709F7
:1048C80043EB5FD95CD519C23F802B05A0CA548C35
:1048D80026DFD85CA4114B45E9EC14B2A002BC0059
:1048E8004168D36012D1FDB2B95F4874766020D7B1
:1048F8000482B85DEAF58C6B87917C6622B3A08E42
:104908006D4A16BC943A130094D3FE6913019210B1
:104918004E44C9C58E186E39A0975B7DDFF2F6A0AC
:10492800E644CD372E44B0B65C817434841242001C
:1049380038896BB624A6F6C48F5C6FE0D21D83FE5F
:10494800CA9D6B774502E70713C11E2B8CF89B1C89
:10495800DB41A0024A261D00E23EB3DBD5EB192B52
:1049680069828DEA4D6349896AF3DDA27089A52EB3
:1049780066E2C4952AE2BDB937077C4873A3D5001F
:1049880040329AF3B6912DD392B65B584CAB9060F7
:10499800FBFAC880C31CE3C41C6C8622FBABC5941D
:1049A8005E3E7BC5F68A2E00E4B49B1438FCD53BEA
:1049B8000AC813376981A10E8C77E4B00B7D3224C5
:1049C800BB3F4B2A600007D01FAB64E48328A700D5
:1049D80010BBE3142A1EAEB555E000243CCD970564
:1049E800DB8CEAADEA75777FBBC455960A88E0533D
:1049F8005307DB9B0FB86200B721C00E1D9B79AB34
:104A080013462AAC0EF9C0AEFF4FAA267D7361EF9C
:104A1800E58380570F0E2BC2BAFDCD575F14C9002E
:104A2800BCC15E525196B6FC13F626A0525561AA37
:104A3800EE60BF2D9C2E9C2848498C82B810AE1C75
:104A4800FC255724B6C5CA00845AB521431A6FD02D
:104A5800F0FBE0D2E48C95C18AEF6469BEB4E5EF5F
:104A6800C491CF6B5D6BBE0A04723FE2E55D9100B5
:104A780048D337D3E1C86D6FFED63DDA278BB5A092
:104A8800B2ED5254ED45CF2D7F8E996BEBC6A53311
:104A980091CA26626E5157002D8859698DA91C4804
:104AA80049AFAC06618D8078447B932938BEE039E4
:104AB800402E686C20308685C78DB380EC92DA0072
:104AC80060F17CC8D61EA8F90EE8FDC33CE0D714F7
:104AD8005CF636572D760B51D1CCD52A55974DD744
:104AE80017D2E9258F9D3E0021DA30C46AF37B2571
:104AF800FB3213C36138EBB9691A3F19B3EA98F36B
:104B0800EF5D40F826D33217633D366E9541580065
:104B1800196C89C3042E1F9D791E306EEC1A12F190
:104B2800115DE17FFEAA6293D0C6BE9EDF1995583B
:104B3800E8062C46C85C3E002607590BCD482C24B5
:104B4800599D0E2156013C6064C997EFE5799B5E3B
:104B58006A7224BEFCF963AA337A67BA2F925800A6
:104B6800B11B7EC0A7E01118F68D133046E1AA6C80
:104B7800C55772F7C50AB36E06D80825F7833C4AAD
:104B8800ACFDE7659F39BA00F6AC5B87BEC90390F8
:104B9800712C0A14DDBC4BE5929B0F43A1C244A6BD
:104BA80082E97152AF93622DAB8C993324DB4200BA
:104BB800BF7894453A50971FEE3EF4C1EF4398D71B
:104BC80064D996A84C90E7989E7854F1A5EA61C0FC
:104BD80034E85786C09E74003E8AB19090E565B06F
:104BE8007722BEB226BD9B7707B7CB6754588DAAEC
:104BF800EF754C4E8C5FF02006D6AB9508FD310062
:104C0800FC7D6F11F02462E5B772D0EFD84115D65C
:104C1800EE918411EC13E8C6BED8B93BAD7C4311C4
:104C28005D289AB2C5E11100F36C40151FEC1C1FFA
:104C38008B6B4841B8183A59267BE54779B5848586
:104C4800B1A303F0EBF24BA1AAEF9B260213890054
:104C5800B7DE71CB1E3E82EF876A8FF24A1DA3032F
:104C68003A2EC5928E83D0C8B5ADA809AAEE3DD319
:104C7800973E7EE74E5C7200CCEA8EE1D25F7F6B96
:104C8800FA5EE2F82B7DB1DD95231339CBD23C1CBB
:104C9800FAA1EB21F66A9C908D9B285634B32D001F
:104CA80007B153CA459DFD0E087947ED37ED2A0433
:104CB80071AC14C528ADEEBB135056A943BFE490A0
:104CC8001CFC9FD26A1D5400963221F7035AC65A1B
:104CD8002F9D7C068419A7C72FA9B4204561498B4D
:104CE800E9E5F49C3870372E4D81A57977936700F4
:104CF800FF7ADE6A0933FDFB31AA2379E700E58DE7
:104D080088C609B1A1281F26D57D7AF95977A16EE1
:104D1800E2549376D7722000131E4D50432B6E1326
:104D2800C036F8AAED811761CA9128170848F4F32C
:104D38009EDE2A88FC6B650A951ADF7E42D55600EE
:104D4800F77FCF63302360CE2803A6BE2B42B3CBB8
:104D58009FEB627DE1A3536AB3101C213FDB2BDC80
:104D68006DD4A7CB64277800286324F3E731B51105
:104D7800D44734794775DEAFC9EB00509B75AA85D7
:104D880067F54C0A6F429D5184050C7BCE78B900BB
:104D980031CD61696436FCE122E2802DB61E4933CB
:104DA800E6FADEAA08395365CCD2D31551855844A2
:104DB8000886345088C59200E94CFF11C5538C21F0
:104DC800D23C46E2CB105A36EA44A979EF52C006E3
:104DD800F22A1669AA9201E3A160EA2398408700A3
:104DE8006C4025145134B521A5F07CFB4178E71CB3
:104DF800C0251530128BF885A0E0EC8AC40C3F144E
:104E0800FD33B583CB396E00D62CA9EDA53D06AB95
:104E1800157F1EE4AEEF73EDC4BB05C2061282C156
:104E2800497326539B3AAC07A937F5A43CA623003F
:104E38008180DB6A7EEB3CD92C5068B298B4A926F5
:104E480070003A7B3DED4F2A2ADBFA00FB50EB1D40
:104E5800C2CEF5BD94A955006C4E58D74BFC994667
:104E6800B7BFCF047A0B5757B2425C2620433BB5F5
:104E7800B37EDB5510617F232E90FC73E3D4D00002
:104E8800220BDBB7CFB4258C3E99F3D6FD691DE81C
:104E98008F1DDB86DDF6B77A26101C306C68E1A51D
:104EA80007C5B1DB3BABF70029CE8384D18629D275
:104EB800C07430EBDC1D24C330D019548D8E5C31A6
:104EC80002C8FF718334075E70D9A6AF11C8770096
:104ED800EA62AC882AB6FE4225B214A99F00B186C0
:104EE80038EE241E778274F1E0B65A1362B64ED5B6
:104EF800C0F73B91150EB900CB75242266E3E77E17
:104F0800AAA06E4735D09F2DC411D77AF12A6B1D00
:104F1800AB1266EDFF78ADD546D4140CD8CB2C0077
:104F2800924D5AD9F46D347CACA501DD20047D4244
:104F3800557D59E3DA976B3DBEF215363C31D648BC
:104F480001FC84B1DC069E001C66B3A0DB26E67972
:104F5800BD4B970BA9250D6D7E8AB8D88229A27EF4
:104F68003263C011471DA5A9C279A783DDBB2D00F7
:104F7800D9D3A8824953CB22DF499DEBCAC5C39E2A
:104F8800026F2AEFE302FCB84EF9E01DC3DE2BA541
:104F98000D28BC914FB19600161197876B20659D1F
:104FA800F13206DAE8A9B21425AEEA8DACADB0A9A3
:104FB800A66543196D92B80A122B78954914FF001B
:104FC800451662270E0D63FCF04286C0A289DA8B73
:104FD8008F0A1CB877CC19633218B350BDF1A5F30A
:104FE800F29553A7C5B4A100DAF05E27279414FE02
:104FF80071AE5603430D679FE3BA2CA8A801030BB3
:1050080047C5F236151EBF7D96BF20ABFFABA0008B
:10501800585EE474FF164C863804303B85F15DFE1B
:10502800A8EB07E1E4F8BB2D314D1AEF5A66E1B859
:105038007AC2743F80F52100F6FED38C7E857C19F8
:10504800AAA6450E6E341DCEBDBF08A737AE948400
:10505800EF57180BCA81E8981C8B022C75B2110007
:10506800D232FEEA80E5FBF6C35028F2D379B62A9D
:10507800D1A4A39DC665449D8157A2160BD278D1B1
:1050880032ECF56472B688007CE31FFA1AF4CA5051
:10509800816B23DA8ED5B052E81B2EEA6E66A8BA69
:1050A800BA39A951C9DC6243A21546E8440A13007B
:1050B800B2391C9301CF68089212DE4DD74AB69ECA
:1050C8002DE60A7C66AC2C264CD5D1DE502B0D0E75
:1050D800D0E8214737E54B004B8C9D953924027C5D
:1050E8003CD5BE2EB5C8017628A9E9D05FBF025AC3
:1050F800769CD2C59E06424732E50383A664220009
:10510800C2E4DA0E228CF01F1DC34D239A11E7600A
:1051180087FB2351D045A319E6A1B51A4DAB417AB7
:1051280080C31A5A5F11BB001D4B9852F841E5D451
:10513800B88511D3E783DD781F06B349355426189F
:10514800790F53F938C80ADD9D6010EF64FFF2004B
:105158005A72482A75E2F5BBF778D98A4CD6F59881
:10516800B38052ED64763C5B1CBB25877806DCEF88
:105178002C0171BAAF9F480041AC8994491C396B26
:10518800634099A2448A2AE1C52B1E2A5B194672FC
:105198002817446C7E2BA0BBFD571C99080F0F00E5
:1051A800CB782B1B5EDA2931F5321E74CEF851D23A
:1051B80077E005A85B0EFBC9E4A0D3DD5DEAB6A0E5
:1051C8006B7C217A6201BA001F4AA056D4C8981A8B
:1051D800B592EB25B38C847AD7D0783F2A7AF23C03
:1051E800ED2014421AD839D9BA9EB03BA7BD510058
:1051F80000211DDDD09A704ABB8C90CE078A74F4CA
:10520800EB66F670FBF7494A81632250D2185E2B91
:1052180005555D09295CE900E4186F1ADEDC358361
:10522800310319B335D5220E4EB8D76109FAB95CE6
:10523800570828EE89A4BA137FF062364B66BF0080
:10524800B59C3FA6568363E8116F48BAF1CE2DDFAF
:10525800ECA7B9719416F951A0B82E6AF8D659423C
:10526800E11B2B90E75425002DA244B990A2174DBD
:10527800D9D88160378E613A08E6E97E90EF4327F6
:10528800DE7CBB198AD149833025871D5150BF0068
:1052980007F1886833B490FCC3553EEEA9D5ECAA53
:1052A800F048243A1F52DFF35847F4C7593DC21D4E
:1052B80029550B49D1F78100AD7356CFC333EE9012
:1052C8009AD61A3F84F3E152C7EBF6CA8658D9F04A
:1052D8000C2412F8D13B8C71B62AB0CC43988600C6
:1052E800F00DC80A6D594854136F0D5FC937668EA3
:1052F800C9A936DDBF069AEB5B6E59C4836696185A
:105308001E380550105B49009879AD23245854EC99
:105318007877AB509886271166B098858CF738A7B0
:1053280038945880B6CD0231A1FF0CB34C0E7800EA
:1053380034EF01A615F1A1C692276454B9FC4E5B5F
:1053480084DA58987603F0D03C83576B3EB91C0634
:10535800A0584FB94AA5EF000A7E1C46656D535107
:105368006B3488243CBB39DA35EE9E5CC3EF5FDBD7
:10537800758B6CFE9C23331957B23D4829C9F80038
:10538800FBF42CC44B38108452317FA5167A318B2C
:10539800295AE0354E2C58079BB54BED3AA9283EC3
:1053A800D37CBE192EC4E800E6B8620E6DD0345B1B
:1053B800309233F605D88471FCE6A626B585E57CDF
:1053C800FB4E46EAA61E78D80424C58C0743A600DF
:1053D8002C2733C79E2053E3D3B9EE195AE32BEF9A
:1053E800033D519C0E0BC0426312DC8B2EBDA627D9
:1053F8003B84FF9DA00F0C00E852FB05BF79615864
:105408001003E161DEF138CA951D6AF8D709BB8F30
:105418009B202B81DCFA5109D491B16C0F12B70093
:1054280088D98DEFFFC968D95AAC1193D69079B94C
:10543800868E8C0F1C0FA2862F33B6C982D0C2DC91
:105448004FF17D3FA0190B00347829104DBFB91FCB
:10545800434F1CD4B2FE32202594BD02BE2B5EF110
:1054680072D3A7006BCAB367E04E939CCCD97C007B
:105478007A6C579F0F0395C96B9023137CA7230F52
:10548800DEDBE16A558DE32BF840D103B595B5AB6A
:10549800CCADFAA3A103BE00E031041FEFDE7B32DE
:1054A800CE249E86110127F0F83314A2A1FE82BCF7
:1054B8004C221E097A0FBDE1C54905500C862A0009
:1054C800CF78A07E071183DDBA60D6024E91109A7C
:1054D800216067F5710105066437CCA7BC641252D8
:1054E800B95886950566960060C7A1A6405B552DFC
:1054F800E997B4F6F2A1DA096DCC2FDBDA4B6A131F
:1055080025314EFC9B42FB7DC5D9B6B5FB1F220059
:10551800CFD143C8DA0C5404D91242A3F5D372A0F0
:105528009E813E822BC97058A0F5C9134558FF8E3D
:1055380019B5AEE15A242400AF90D7FC1F59821444
:10554800EC351C206286FBC1AC85B10445A83470DB
:10555800D6A6A6119903904BA8A2B02E4A27CB0035
:10556800C3DEFF19AA8F1DAE72A9D022CF30801AD0
:10557800A3427F8D4B7DF49BED63B7B26730C5B80E
:10558800F4EC453749E30100AEAEBE4FCD1819B073
:10559800C80F93837370024D6795854E751C06BEC0
:1055A800EED8032F9D6D72F2568561520B2ECD00F9
:1055B80088C882308D40DD7C20BF91C3DE75596379
:1055C8000A1A53CFFA0FE5AAA11B39D88445A7C6F2
:1055D800B00EC72156AECE000B80C95A4D2EB671FB
:1055E8008EB5323E8AD72A8E6348ACF4BB656C749C
:1055F800C68DCC6F51DDF86F1A6AA40BF064B30046
:105608006D76F1008BF4506523FB643DD0C120E733
:10561800FEFF5A15A961B81605C2CD53BFBE424751
:105628002A54DBBF923DFB008D2E5F7881EAC8BD0E
:10563800B16286B617D2E56F67893CF97960EB4AA3
:10564800059193597959E792D8662E421FEAFA00D4
:105658003AD7D1AE05958410D723A25086C5ABE0C2
:105668009B8B4876E47F6934CF58D0F7975B0ABEA6
:105678004896C00B5AD9EF008481752C2B33E181F1
:105688009902F88C8DA1BDD25B6582FB0E7E4D5EC2
:10569800105ABA8C77F9C73B55A82F8539D2E10043
:1056A80063334ACBCF98163D743A9EFB169CC87458
:1056B800E50D3A13B3E915C7BBD9A10C1C7A44BD53
:1056C8008BBFAF62BF99A000AAD45630EBF283DC3F
:1056D800C1AEF121483A7F574D022CC73476DB81A1
:1056E8002D61806410D6879524E200259DC8EC00C2
:1056F800D86F555D60FB5F8FE56D40BBA0D1E41AA4
:10570800B6243002869AF0107CA040AD4B630C9C06
:10571800E04D51444B578B00EC6597AE4DE788261A
:10572800A30CF4EA01DE181F29EE1C873B2FE700C3
:10573800F2D5340468413CF82593880E6681A500AB
:10574800AD25E15F5AE6DAA12B8FB4366AEA54AF89
:10575800CC6E7DBCFA6A116D1F89FC44EFCDEF1742
:10576800A29B09DF7CF67900222815072AEAB78769
:10577800431DCD01A53A9309A53146B2BF69F7EE9D
:105788005106D78431C6D25E6C166F74F9756A00FB
:10579800768FD69FA93DEDE05EB647FA4CBF7D886F
:1057A80042F78D52679FCE4AB48C256633BF314786
:1057B800DE5FF3C4C4D0BE0060D8AA12BCD842FED3
:1057C800019D4AD660A58010EBD4B80D5124EEF7A0
:1057D80031FB64C626AFE9D4C2B89D3558323D00C6
:1057E800D377C07940CF6A956016CD03999A760E23
:1057F800CC23A51015D9FADE7B00EE7D1F3C46317F
:10580800CF49511E46A2BD00DE1B38A4135BA3FA84
:1058180062CB3F8D52388188DB22AA916DE9E01B6B
:1058280000EB66200CC7684CA1336084BAD87800B6
:105838005435DFC4891410FFCFAC3E5D0B29C6E098
:10584800E2512CCB1EB108A1F64C3D5AE689D5276A
:10585800AE9397D8A4AFBA00E8B1514DB92C4F2BED
:10586800328C8A18B5DEC21028A59EC9E6235E08C8
:105878001BF3B8C2C58B182E9250ED334C10D500CF
:105888007AD719262AA2E50C01C75C0BE01E3AA2BA
:1058980066C78B6D01ECDA3CD15F8682DA35F7C3D7
:1058A800450D586D5B2982009CFDED884880952345
:1058B80095549773B1A133F0A2F8CAC555ABE684E5
:1058C800F9AB3B5A25FB79B0D0DF5512A260B7007F
:1058D800542C82007834CA027C4973070311BD0E28
:1058E80042736CDF175F597BBFE9836F60149CD0EC
:1058F8007FBC04F157E77B0037F8A5DEF41D386B51
:10590800796D3FC42EE1A66A4BCA0A18DBC06D9BAD
:1059180099C35FB23D9CF3C1B02EADDBE6C5210053
:10592800830134BAF98E3DFE396401DAC4C06B08CC
:105938009C2D10D29446957C631F3A499A2583770B
:10594800753EB245D7023E00D7B56233F35277852C
:1059580063FA9423897F7D6659EEAD6883D23FAAA6
:1059680048475EB291327777CF80FDEECB99D2006F
:105978009A09EC22793F10F3692D9F533FEAC191B0
:1059880015CB131B996911EE22957B0EAF6C3C4227
:10599800D99C7B2B978EFC00A3A82DDADEEE7BD357
:1059A8003ACE48E04AE6AFF4CF18CCC32D7EB8B261
:1059B800102FEEE96828709DD3C0C8FA21AC5B00AF
:1059C8000377B197E861DA5932C5147301ECC09ACC
:1059D800F3A62468E0CFD0279815315FBB73A921BF
:1059E8002D1500BFB4100D00A2C6071D619DFDBD99
:1059F800677F9AA707F11370FB970E731B3A13B9C9
:105A080062CFEEF17F62E3A19D857A46B0AB990043
:105A180065C92F949974C9493111FC1E295B5892A4
:105A2800041C7DE2B0D3A987FB52F246C11DAAE04F
:105A38008A370074C3F91B00DFB3B2420E4DF2334C
:105A48005696115183BC1F38C4157878B7DAA96EF9
:105A5800FAAB1942F34C7C6FBCD905849B50A50066
:105A6800666D6137E03C1E88F839AA276B57B45E2B
:105A7800361F90AC94F11F1A8414361039A23E9543
:105A88007F728CBDDFF9BB00868EF28AB8E3C9D776
:105A9800B423B046BA6CD5E4CFF9C9695E66A00AEA
:105AA800D9669CA133018A703711708D7A4BF10049
:105AB8007614B9D503F889EDFFC6F91099BDD75406
:105AC800F53681FD0A44E5C4C0C0A2AF32DFC03A52
:105AD8003463C1CF6E790800E372850ECDE33DFBD8
:105AE800A3FED60741AF58068C4F50EC5760D8C973
:105AF800B2D1B32A5671F1EB1C1AEF35CA8476007D
:105B080004F147BB403EBE57556EECB5B6D515E817
:105B18002E859869263321B0FCEB728B59CDBB28B2
:105B2800A79174446977A400A53E2338AA7611A1E9
:105B3800F1368483838ABF019315640480C19AA1D6
:105B4800A355FF69B930DD18EF965212299C9D00C4
:105B58004B0DC11CD14EAFB1C1E2AE80218F93EC89
:105B6800821620DEBCB48AEE9F706D88FA46793AB8
:105B78003DA55F87817D3B00573FAB708E15712D2A
:105B8800696A14D7EA67B4709563DB423C5DC80064
:105B980067B9D5990E77CFBD0E496911CABC5300B4
:105BA800891DCFB092C013CF58D8DAC6A5105CFCB7
:105BB8008BB9F68325936D712E923436F780EC8974
:105BC8002C0CE929A38A0C00BA96B2FDDEEE1D6200
:105BD800603E5BF27353A4C57DFAC6A5311B04264B
:105BE800E39544823254B074F6817AD5568A8D0092
:105BF800FFF8804D788F4637BB6E983737E64F8869
:105C08000ABD26D3D35271263C3F5CE309A41F4545
:105C1800808468EF5C13F600A997ADB91DF595DA95
:105C2800998B0B427DB5EA75215A6FED474F24B227
:105C3800866FBBAB00C30A00D2D8269221592C002C
:105C4800E103D596A5F43CBDF5D76D9965153AE9FC
:105C5800D40E634B9EF40EF449963327221980EC38
:105C6800CDD130154C6345006B733ACE14E22F4703
:105C780097C94F0F5F6B780E08840FD33F6FC00E24
:105C8800A8DCD9B607AD194BF5D39EB3397DAF0063
:105C9800531A1A8B662B486F4B0D7FFEA9EEF392B1
:105CA80053A279E87FEC31CAD8A33AC8ECD72CA81C
:105CB80084D81508CAAF8B0015EA16F0146472F080
:105CC800C54BDF0B6DE2AA070DFD143B85DA1919E8
:105CD800651CFF8F16CBD66BC73A5925CCD3B500B8
:105CE800581C0724B22098C861446CA62421F01CD3
:105CF800E74AEABB60C3A686841DC1EC4886517892
:105D0800A4451EE21E09C400FBB6530291C59D8935
:105D1800FEF5C76B570C356161362ABF524B499661
:105D28002E4B73694C83F40D498573A79DEA430094
:105D3800F01D9B30F61F0FBC8D5B844D6A4678A51D
:105D4800A4F320D70C3D37A8B4E9183F019A61A401
:105D580088EF141679CBA500FABFFBCCBC09C9D1D2
:105D680092477A21EFEF59B3D6C1F629BF3272F8BC
:105D780096CA44257CFD2902C78EBC8467A7C90042
:105D8800EC8F836C29381BDD2DC68173512F9A1D2A
:105D9800E5B948B2DCADDE4A322B8FF9A48677D557
:105DA800D8E251733745CD0062566DFBDA0A224EB0
:105DB8002059E1C9ACFC5312444B69F05B55BAA2B7
:105DC800293B2A7DF6A08B2C52918814D9AD7E00F0
:105DD800730E80DA85C27755DBCD784F501E2B4A7B
:105DE800071C8AD98314B69F387B8586E49A1049A4
:105DF8006BF702CF48776800667C097FF2A70E65CB
:105E0800ED402ED4077311B5198AB97B24EC4F7174
:105E1800E436A5A50134FB0253C8CD5E738923007F
:105E2800B379951F3899CE6ED49A43AE9D58BE73F8
:105E38008ED68181B96896A686DBC1E60882714E46
:105E4800FED7DBE75FD19F00F2DD76A6D46E13762E
:105E5800A7044118F7474D00C040B90EFF4C190F71
:105E6800E5A1A522918A5AC96B065366DD20630015
:105E7800E1331193B84568F8C438B31339A59407CA
:105E880085986FE6867777B472228C990FFF3D4725
:105E980000A1F15A2396FB0039A8A72A5473BE978C
:105EA80016AEFAB3455366CC7A9E1D1849FA809A05
:105EB800634548EF04EBF2D91EFACDE8EF179000DE
:105EC8003A816E1245A994D299DE1182EFEE59EE0D
:105ED800368BABCD5DA3198FCE00A0CD646DB88392
:105EE8002C83166761FA5F00D508AB00B4BB345049
:105EF800DADDF7F8A8E87AE34130082B2EACFCBECF
:105F080038E0CDCACC30E7E86A5129252A86D7007F
:105F1800D8D668304E47FC61C5F817BEE66CE497E2
:105F28003ACC509D584FE9CC5D20A5009FE8FE1A59
:105F3800AC8843EDEF4194003FE2F4E5CEFD83CE1B
:105F48006144B9AA13408198E993DD1280C9C472EB
:105F5800315839E3A85FBD6B360773E29B84A9000B
:105F6800B194B736854400C2DCAA4BF31CA14E5449
:105F78001031977F670601D8CB0CB88A4B0576217C
:105F88006027908222A96F00E34CEB05AA1DEA99CD
:105F9800315E949E36BEAF122426C794034FFC1779
:105FA80032E7EC70C88AD40C007F25BAB994E200B5
:105FB800673F9A0E7F594FF841042EDF29D143F3EA
:105FC800EA247A2D220442075399C24DB29CFB64FD
:105FD8005F043B9A950EA6003B665D2F1679B03E8E
:105FE8003AAB99A8DA4A5D949AFBC3F6F15B58A0DC
:105FF800D1646AB3D025B1DF9B7D95CD66F56C0081
:106008003432EA7FB5A45F3E53FE66CC298095E919
:10601800EA2CAED2E41F5BADA9C47797C52AD3B2E8
:1060280078F8D91BC258B200462C8D35670A0FC1C3
:106038006CC75F165DAE3D5D7962D241A362428254
:10604800EC0815EA4952AE2EC04F3CCD80BC650025
:10605800D7B68F1AFCAE778306003F729F3D817CCE
:10606800D4047E0F1D85CD4C53056E7CB121F531CE
:10607800CFFD73A72A8FF400F68F280F4E367128AC
:106088000F9F092D45410239FD0EA33D274D8A90EA
:106098007F921C1568FADF35AB29745BE99810000C
:1060A80005FF47ACB0B15D02D5A7205C0EBFCA8220
:1060B800B8862DFE9051DEA3273F8ED23E18CACE59
:1060C800898CA39193B580009C0B541EC2F418735D
:1060D8003BBAC8081BEDF71018E062BEC360831412
:1060E800FBBF601EBB77466DEB6FC6D7D5455D001D
:1060F8007F90CAF3C2C24294F146E3A83A8F74B7BC
:106108005F6D3AD36C58B23B86585298F41C659D23
:106118009523F1715366010071E4980F87B3301D20
:106128006992F91A4F4DA69D3FBD0D871E657D7F6B
:106138000ED8639C423F9B5E9DB98EF6DC6E540080
:106148001CF9635D103CBF3D0B36C6A6FE2F251813
:10615800F6B717C6E516C145BCA3C6A4FC0A9B172B
:106168007F464C16B47BC700DD3098A51243040364
:106178001E0E5E1FB2F38979E433883B0225E0C125
:10618800C5795B26D0C33A1A8B0AA73D3F7EEE003D
:10619800B3E4510EF713D69F15891E181B5EEB0545
:1061A80026271A6524A88FCAD8EE655D207ECD57AC
:1061B8000D7BA424CD50D000E7B630D5084CC3924F
:1061C800513145D0A898250883F4FEEBBF9E96D997
:1061D80045E9B72831AE115CB15D194D5D91960066
:1061E800540695833A49B68607B6FEC2803F3532D3
:1061F8002487F11C2E62BFAFC764D4E7B957A178D2
:10620800540303CAE89CD300D3115CDD146DB7684E
:10621800B0D69680D3D4AC0112DC9E7C948102095E
:106228008DF859EE38570AAB8EB4DBA58DFC820089
:106238006690583E981FE6335A526E5E120D5923E7
:10624800C5D782DE253DAECC68B07D404F5C3ED8D8
:10625800470DDD813A1E540018D74E4E7D57653DD7
:10626800F25189BDEB26EF7270EFE65E3C8DA69F7A
:106278004C4425B69091F87CD08539216EF5CE0036
:10628800608B3D77BC799289C9A18D014FFE73510E
:10629800A102FFD09543BB0F6680CEC2BF2CA1F9E7
:1062A800E7A33F6524DC3500E3FD91D45ABBE9D66A
:1062B8008964EBF809A5C292ADB275CE172C4338A4
:1062C80046CBA4D40A330DA17E16E9ABC8E69B00E1
:1062D800F31D6DA42433246742EEB07BE83C2B8980
:1062E800B8999F50CAD8619DAA6399B5ADB638EAE6
:1062F8002DD1D6C8BE53B400DC2FEEE7452ECE4CC8
:106308009BF7E5BF2A23D6779947B4232CAAC32045
:1063180045005CE0B700F4315E16D510987CAB0000
:10632800256DDE773E9B355C0A8167FB04DCA3B4F0
:10633800C222F5098EF53501F4995433C26D220C49
:1063480059E491B9F4E238009BDF2CCE52C3A6166B
:106358009E4C5A23A4007B385C5A9565B57D02A9EA
:1063680050BD00455821179D3EFF231B1D8FEF0090
:10637800325278AD26A5C23FE71487599AE34804FC
:10638800062134F3DCC9A1C3166DEF0A07EF6F8845
:106398009C93D80FA20E7900E5DDA4968D0FABF182
:1063A800EB250100C5A9F473C39E4AA96856720477
:1063B8007A18677FF085F364473D4255323AA90061
:1063C8002B647523D1FABBC7F18C93DC710AF005F5
:1063D80022B5FE764693A6A18827F19885BF0D833E
:1063E80035CE001F8ACC6D006C76731B80F38899BC
:1063F800E0DADDB2E0C4494DF3EC6EBC0ACE8AB0F7
:106408000681A801789CD9CE459B9068722DF90029
:10641800729E2DEE84EEA9BD70CFF8D2FE4595CAC6
:106428007713EC86F02E9B53E3DC89A82601002124
:1064380017506DDA5CFB040021508EEB16D21297D0
:10644800BF6B3FF789C7773DD43974BB21B50BC8FB
:10645800777E590709CDAD4DBA0E6EBB9B2E050050
:106468002035AAA428FEB5CA90761FE54A27FCBEA7
:1064780061040A6F2D2FCAC1C71603F67ABC5FDF05
:10648800F5FCB673F2E0800078FDEC64CCDC4DCA14
:106498002E55D5CF87A2C3F076DAFFEE79522EA417
:1064A800172127F8908F8D0CFB8520A87FB3AF00AC
:1064B80084210B9DA1E0DF36769079323D74AB42A2
:1064C800D22A78A8DE8A4032DB6841B0CADDFBEB0D
:1064D800E195C84461CAC40031E30DB192601A194C
:1064E8004D2883C6A75E980A4E13F4398A8CA3E90F
:1064F800434958CFCFD44E48F6ADB5A5897DA50000
:10650800E35BC16A53857B76DF32552C9B8922D3A6
:106518009F911DABCFD34F8B5940301E1264D20BC5
:106528005DCE481E1FD17F000E744B0222B368CE89
:1065380083BD64E0777F54FA24563DDFDE168FDB97
:10654800DDFF79E21B8853D5C49AD3511929CD00B0
:106558002E3559F2F1B0EFFD7E4C3452D8B349AC28
:10656800A147E3681262EE6E90E9F0DE202CC38F3B
:1065780098B1BACDE6FF920085E608F145A745AB8C
:10658800F402C60D337CE5BC7384A036DD843F0479
:106598003C20F7268DF5949BF4C980A830CA2F00BB
:1065A800115153BF65F0D051F6BCAA33C5782829DC
:1065B800218A437257E82E281ACDB538436D4E39D3
:1065C8007455DBB92BD0ED00635AB74B5EB459153F
:1065D8001235AB99A178889199CC19B3061446E382
:1065E800FF594EE90ECD7166705E1A4DF9564B0093
:1065F8000FB54E9D40BA29702B0DD3D4ADA8130EFC
:10660800CF9C977573BD16EC206B10B6BBF30D9934
:106618001DE87359F980880083185F9BBF67245A67
:10662800F27AEEA6C73879623A189F7A891E8120D5
:10663800A920E99CE54AAC6DC32C4EBCA635670081
:1066480032EFF7A6ACD2910AD366762E5DF5209A82
:10665800AAF7C6A66927BE93ACB06716F973BE3908
:10666800F8614ACC4C156000BB1AD94E0F2481C979
:10667800CFE07FA6D97A081907B34ADC164EE77F20
:10668800911285D540C94503E30B3E8D67777F009E
:10669800369753AF8E3EC79EEA2CF6B1B420BA8F18
:1066A8009B2F7EA0E59446280E38A7A2A18DD97508
:1066B8003745FCCF953CF80051A159F8EE359A675B
:1066C800BAFB3BC95E0B8117B14802ECF07D0C1B8D
:1066D8001F633F02189D428228E14F599FEDD30066
:1066E8000652C09A528370009D573FAEF852242438
:1066F8005A3495D578FB31C0F5A8195E848C2935B4
:106708002E1D025E258D5300EDF27415CFE2E4E9EB
:10671800C029A96D83A5AAAA127C26ACA05B5A3011
:10672800250E6BA19C8F8570922638AF6DC416001C
:10673800BCEEA4637BD867DA5A16C2164D3E5D8F4D
:1067480095981EB960B48ECEFFCB2F882C0A64DBD7
:10675800EC41F047B9FFBA00CEB1CF3B2F9BB9BA95
:106768009DBB0B12F6DBEC3E1F69275B5C093947C2
:10677800176378BA2317185098BA4285C3F21E00D7
:10678800F287E68BE88675911734AFE00EAFEE30EE
:10679800B2A37E28B2477645458D399632B7B2E125
:1067A800BE39B946AD2B97001AECF06C3534780138
:1067B8007496C87DC141994C722B8F987B454AE5E8
:1067C800399949C01DB4328A5213B033FCA66F0000
:1067D8009BF3DC59CEB44195A166C9BD0F2BE18767
:1067E80089430BB835C611A9A61EBB480833F62D38
:1067F80056A3170B71CCC40059F36AA84D37DAEACF
:1068080016E4A536E1BACE76B2A52E043FDEC06303
:106818008ECC98349A9798A7E414F041F103C500F8
:10682800609B2ED169864D70D7CE3F3C7B17C7D869
:10683800A03865C6DCE8F6DAAA398C94D983808753
:106848006B3ABE1658331000D244AF82CDAEADC0FD
:10685800738FCFB8929AA39A5874DD789F3EB795F4
:10686800C13E8D44AB79E868AA57AD9A3C7A1500C9
:10687800ACA2411F4F99557B5F988D904BB605FB95
:106888001B58F089BE85600CAAE5F0A31DE79AC7DE
:106898004DCD772819C533003AD8F384DF20A547B2
:1068A800475A5A0E9EDC8AB53A4F6C25CAC0881DD5
:1068B800DACAD28F24B1AD63A860E53B894EBD002A
:1068C800090E091C996C61242DFBCECD785EDCA8DD
:1068D8005819E1B46BE398BDB5CDEF41806CA1E0E8
:1068E800958F07C4896164001FBAAD5D90A85F6C7D
:1068F8001505A90DB8B5872A25587A476E57C5F6E4
:10690800E50A39E3226601094EC2CF5B37F7E50095
:10691800738151272A4B1E86F5B55E0EDAA2869E34
:106928009B3D04F1169B860AEB11E501105D067983
:106938008A521802BC97E100A645F7B0B6DE500DA2
:106948003D7F84E20E12284B1D2A14017A3A95C520
:1069580073D330DAF87C3F3E9AC4725BFB777500DC
:106968009BA87A20EF9FC954DB4C50ACDA21B5B70D
:1069780044A748689A36A8AAA038E275E167E706EE
:106988000135C2C835A8EE004C20F6F32A168991C5
:10699800D3668F114A3AF6F37CD09D0438577E416E
:1069A800FF9A212E6DCA9C0221D0CED95F755A005C
:1069B80081A0817DB3B6382525F6E5B4A33847779D
:1069C800A00755D45426941686F0B5F42B5FE6EB51
:1069D8002463FCA683B2860031338EF5343EC18B26
:1069E80057C93AE258B52AA101A8BD0EC6662ED9E4
:1069F8008A3CB679859DC5F48C85843D42935300C5
:106A08005E541C497842B54992ADF08B3248FC86F9
:106A1800AE112141A51BA14BE1CD2565BD8F915F2D
:106A2800A6E98BA95AA43000993096A60C6E1DD7FA
:106A38005358CCB3F1311C037F08A8EEAD1DA61145
:106A480001965752C0A919B2B55E89197808600035
:106A580077B95BC9090F50B93B88F8404A28203EEE
:106A680060517A74A8C503916A48FDA83FA5E1EF73
:106A780022EB9F2C4C9E5B002BA078397AF00FD329
:106A88000808B649ACB2F522EE82037F7394AFA032
:106A9800234606A14C261A54309DD11E1901950093
:106AA80022D785133AD55FEF16B280D2C15D4DD299
:106AB80040A335B316BF61143967EBA5A47E7025D2
:106AC80086CF190B007B69004F9A6C82B92FB0648E
:106AD800F583F5B600B06D98458255EDC1C7D1C8AC
:106AE800B79C499C73DDD4B94B502F67835C5E001B
:106AF800E6871A7BBF6F0B657C8D1508A10014DA39
:106B0800332A5ED06059EF9311E839FC214E545E68
:106B18002E6B61194F328E001F281C0AC4C977C317
:106B2800AA0F2DFD48CC05EE53555118A7B0CB58E8
:106B38006D1A1EA887120EA67EB36436E9054D00AD
:106B48007EA6E5434224AC125EDB6930F894B61B9E
:106B580013638488EDDCC65996083703D0D442DA2B
:106B680035E33665A8CBB5004542521CD2C74A5218
:106B7800CAF225697EC49CC965A807E95A4E8FB335
:106B88005E19A644A40340B72BB346AA183FBE001B
:106B980090182B0DAEF19998ACBEAF2DC98A85AF70
:106BA800CD33F6502651F868BFBB9F5B3A6523F397
:106BB800758064EAE97CC100D96CF1B9655DDD7561
:106BC80027BE882D8A981F80FA0F7CC4BE0DC65236
:106BD80077F08F6C35A39AF997A94F6F9318B20085
:106BE8006FA85FA388547074AC4AC389F158495B95
:106BF800A1A99F0C3D898A6876C1F4F4A865999B80
:106C08006FCC24DDD584A70027442B6FE6724D0E88
:106C1800D0D93429D95AF6A380F9D558450DEAF2C6
:106C280070809DC1F414D913CA12CE13093EC10055
:106C380052EE03D61878813B4C070D6B9CE403F2A7
:106C4800EEF5A2C78E8311E60FB0351ADAA57DA737
:106C5800C774A6949CEFDB006931584ADEB11B0B60
:106C680085BF9AB1410183482AE50DC19C73C1F8DB
:106C78008912455BEDCFAEC0222555728515660099
:106C8800D0BA377F157ACB9B825ED0F183D15B1A5D
:106C980042F2B37C788C7D18DA2C1977142D809702
:106CA8005EE634492CD7E300069B53D7412EADB896
:106CB8008E24DA64D1D6C5880A199550CA97FB176D
:106CC800F931F55EF2EDE64B3596BEAA1083BC00AD
:106CD8009068EBB49A6A708960A3CCFF3F2ACFF220
:106CE8006E394B710EDE91802D6F6CAA58C5CD1090
:106CF800810BF3F7FA3AF100FE1E698C079BAA95FF
:106D08009349BE6783399BB3827F5AA99E428EEA14
:106D18005DE4429A24991E9F1019058ECE5A4600AA
:106D2800B7E307B2A96C8F2E7040351CC4F50D4C23
:106D3800C8D9274B2BB810C14C25549A748AC8154A
:106D48007BD53892DBE2A000162AA928698740BBC8
:106D580006518AF4ADAC27AB3D4D7CAF6191EFA3F2
:106D6800FB948B56BF03FAA63A2056B7D88A6C0014
:106D780088585CC001701DB9E83C290FB66B3A43CE
:106D8800731A58B8F0E7C717C9F36CC041C1430379
:106D9800AB72F0923D785400AB5E437E66B53EF12F
:106DA80069C580E6D9156190406E16BF6762082DE7
:106DB80009E1199A6725E15DCFCE144085AAC30081
:106DC800A21EBF94AD920D14E18B3DAF76E741CA88
:106DD800A4F87D6D46D215CD8D132EE747A6D48D28
:106DE8002E74A6801811E20069FB07D0B63ED6A51E
:106DF800244C9D19F78DAF06D6E1A2D6D683F00EA6
:106E0800E7920F10590D85F782B75029A47FE0004B
:106E18007FB15F049B4F0874B758A7ECB67AA78672
:106E28005A8D8C3DDE24646701BA2AB4D691AFCD61
:106E38002760F772BEADC500F8703C7993B62BE0B9
:106E4800C0C926E1347819BFB6A13E5A12288393E7
:106E5800BF67DEF096883B6CB9E62E22FCDABA00F2
:106E6800EAC134F6BE9945F0D7AA3A5BC62F6BA3A0
:106E78003B2CA33087EA76F679C14A8DEDCD6D11AA
:106E8800BE9CC481A387290012983CE4071868BAFD
:106E98003B540F10745DF02FC486B7971C85EB1711
:106EA800BF3373E39C6AE306C3E2DECEA946AE00B5
:106EB8003BBD7C9E76A3D4E8B44D098891CA864927
:106EC800441B0BAF1B55086FE4887B8AD6A4CA20E5
:106ED800A42FBD7C9071D50004D906479C97ABD0F0
:106EE800027FF2FF76CFF989193CD9949316A7054A
:106EF800A370889A7AD994B161049B2DF1AAAC0049
:106F08003E87FF97480523F026F6828B2C7A30655A
:106F1800DACF96619235695A2AE64B7573665E0D2B
:106F2800DB81BFDA3C7C0C00ED909D4945D84B9E37
:106F380030276F99A9B751F6AE90CF20A6E36230FB
:106F48009A50FD65CE8BB9596CE60174569CC20007
:106F58000AB434B2E8CFCD227A6A3A602AE3751CC3
:106F6800AB1E7AE2C75969D57873568102287D32FB
:106F7800A44190B1FE3BE1003D1D8B5A90E3EF7DAB
:106F8800EB7B8D4333976826231B8FD84A185322EF
:106F9800D6E412F95F9C76CBC443C9D8C2F6EA009E
:106FA800C2772328450F6308E5C88D2D9EAD61146F
:106FB800604C2D63257FD0AE6798286E4E7109C549
:106FC8005C6003E3E0295A00E4BE7BD00D39ABE3F3
:106FD8008D65C94517E96432F6DA9F62C72CC43358
:106FE800CC09D89D91D52A01844F456C793BB400D2
:106FF800C0711F05B4AB1EA7573A77CF7785FDF14F
:107008008BBB847053E6598D746780272EE1C407C3
:10701800364E64102973E500AE3F6B0177A27A7B88
:107028009BA89ADB38C8B51889F9A29961281EC4AB
:107038003B0A65135DA69357A01BAF23A8742900CC
:10704800F144154446E966A63F237CE96026C22040
:1070580054745EF4EA46BAAACD8DAD18E6C8CAD211
:10706800AE6395176DA77400B512FF1D6F2249E92D
:107078006B9E7FB255FFA98D99A213EEBA5411D415
:107088001710DDFFC3855EA2D6F68EA38628BC0046
:10709800FD7930645F7A5247BC8943DD6914F28D0B
:1070A80058E0B14220777B88A1D374B6C637F4E4A0
:1070B8002DFF3A3914885200ADA59A59AF2EFDF527
:1070C8004F46C75446FC326EB4990314DB4C237800
:1070D800068476A6BBA699F8CCA4CA9A11E937000B
:1070E800904C269F060053F1B6579823D7982B004B
:1070F800BB9C40F2BF043ADD32A3B3BDB3FD64D3F9
:10710800781E369E95CF4400DAFFAD0A5D90D3F025
:1071180073CC351E3039A6A293EA7D5C2EFACD5287
:1071280090934F2C4ADA337CA849E2F700670B00AA
:10713800C48E099B1BAC85D8F613395501AB117960
:1071480092C29F46E81D9D64174F873C5D839F73DD
:10715800382737542A1B5B00658C1B5CC30F93CC04
:10716800962AFD1F7DBB3884D8D28C57473BA6BAD8
:10717800D5C415D36AEF06D0E85AFC0FC010CD006D
:107188002399FC79E2144B3C2962588F04BB9C4735
:10719800B520A8DB05C778CE8490D88A6B59162EFF
:1071A8007404F0E33D1D9D001CBAE24A617E9755C8
:1071B8001FCFEB871CE5746F3047D47B6CB0C70AD0
:1071C800011F4409FB2A97D714488E1D94E08C00B0
:1071D800071C8C5CDD56175E4E65B56C0B6D8FA673
:1071E8000F9FB58B836E99063D2498B632164E10C4
:1071F800BC37F4377B60C50095BF0B0FAC0B1CF692
:10720800CE54B2A7705449E062D6DB71E94AF09EC9
:1072180054FC166704B83CA3FCCFB69066AE2500B4
:1072280095C362978BFADEBA1F6EAC47038071482C
:1072380086DA3BEAAFBC402C4EBCDACA1F369FAC9C
:10724800030D96EAF66BF1000E58437E2E785873BC
:1072580018EA1093490C5CF23A4479ED1DC5AEA9C1
:10726800B08ECAAB1D50E4B6DF56A163DBFDE30068
:107278001F8EF51F5482310C90BFA6ABA1032D823F
:107288006B854FA9224C9E9662D6C0FE0B39F766D5
:10729800D347B87B5D40F800D0006A97F79F18780D
:1072A80024DDAB38F792944016B1D12771AECCBC2F
:1072B8008AC58730470B5EBA81D3EB4D52C2BD00F9
:1072C800AD57D9966D062E4ACF4E3F36837030950E
:1072D8007B43D3A22593A579A5A069894AEC129F7F
:1072E800D69334E54361BA00C18886CECC0CF25FF0
:1072F80081A7409F8DF592809C41B537498640E033
:1073080077AD7F34F95278E7A8AFF043A5908300B2
:1073180038E23005B3D5CE3740E0F6751FC8C30C48
:107328008514A189BB3CDA1AA3C70AF4F0D49D805E
:10733800D22412C89B8F930022B200CCFD37FA7278
:10734800CB5F7917E6477E3FB41CF85F949296307E
:10735800535E40A55F9CFFA73D2C35702C0DDC00CB
:10736800065E2B5FCF07B2547FA1DCD5C6AA425E6A
:1073780009194400B3187F27ECEE32E6F910660DC0
:10738800C04F71ACB532CB00005A779BBF7A1884D6
:10739800FE58271A27329D79C1CDA96D5599629754
:1073A800F85824E2BAEAD67B2BE605FB9B9430001A
:1073B8003E7DD7CA711DFC0F52FAEEF937C5E4CCF1
:1073C8006B1B1E77FA694EA0152DCBFC4EBCABCFBC
:1073D8004644AAFA1A415F00CDC4AF9D38B92A09BC
:1073E800F06048759F4796C395E78E6033C7D5E927
:1073F800739D7E83EC27F0670DF7683A6204E1001D
:10740800C3755B30113EF834C66B39712B2BF7A06E
:10741800B3961ABF89A8BF560DE10108740D9F677E
:10742800AA45C23AF2D4B000274A737BA460193D3A
:10743800D63564A5C4571ADBFBF5A69318B0AC9EE5
:1074480033AF0D4CE7FB7231D8133AA046CEB700E4
:107458008BB3809C277D9C9D05F7B9AAA369F85F2B
:1074680036301B80ABF0B4BE1610AD6E9BA86664B8
:107478004054214EDBBBAC00A44662685E6C82B20D
:10748800DC659B82713FD133B197E0F72C80B0CD9A
:107498002DA54B928146AD8519E18C91F0BA220059
:1074A800C8FAC0A6A1AE35167CE507C2E112112ABA
:1074B800669F1DE882D939EA9719FC29BEDFE2E503
:1074C800D311E227F7BCF8002145F07FBC954CCFDB
:1074D8000503DDEE0CAE1FCC15D03FA4EB9E448710
:1074E800809F4155C55236C04C3636314C0C14007D
:1074F800A376A78207CED2C7DC3356F81442EF939F
:107508004E1174D23E58BF8A3F08830BDBC8B27C49
:107518001C3BB4DF4E8F03009BFE7D6EE1259D353D
:10752800DAD701F75AFDC210D884AA5400D6EBEA7C
:10753800AB2E7B11C9DF3106B69C7BC9F1004C002C
:107548008905100B093B0D4035D7F1782314FE321D
:1075580021CE64A4387C1F5DB3048FBE7C99FAD415
:10756800110A29E4920DEE00CCBD7E9222038AED29
:107578005C884ED4E8ADF55995F34A49F058F8A11E
:10758800CF4A3800777BE9B471FC531BD3006800FD
:107598002350AE40DE945009E45620E9F4DB7BAA80
:1075A8001D99E7832DB722B744C8B5D9C7FFA64EA2
:1075B8005CD89E32BFE1C100D368F5B36FC3DE3D2E
:1075C8003129AECF72371A9D448342AD950F168D7F
:1075D80042F4DCF886E1BEE1A30610AD94B52400C0
:1075E80062BDE381EBD3AD086EA89FFCA0C136BC99
:1075F80010EB1FCA5626771CD7740F1503925B61D0
:10760800DE1DF8DD7DF43300BFA7C62A2133C9BECD
:107618006511280799790D7E1034A4D942F854666B
:10762800ABD3AF5FB1E254BCDBF24C60280FA100D2
:10763800DEB24CACC093BB11E768073BB3887179E5
:107648009C352D9796DC07F64568D6BFAAF9CD7FFD
:10765800361DFBAD5532D00094FD23E15A7E0A7EDB
:10766800B2740AF5B5447523022C8B3E1140A94724
:107678006B136F560186E04F532E2FB6F0558C00D2
:107688007E18CA8DE4FE66D727980F8AFF6818DA35
:107698005E1699AD306A0B43036CBC82AEBA1DA06E
:1076A800C8154D1667C61E00A8059774580D658243
:1076B80060912BD4B7385FCDC076AC9BF5DFA89C22
:1076C8008AF464087E404A5237FE31269F9F2D0077
:1076D8001E6BE477A6F0DDCBF0CBCD091F358F9973
:1076E8008BBDFC9074F13C7987DBB44538CA3057C0
:1076F800355F6686B911A300BC905DB7D705E3AEC8
:10770800F094B056CC1A6C9F0A231D6345EDBA8FCE
:10771800A8C58BB42464935D66864D7AC2E31800CD
:10772800E61FA870C4D86194E2F2CDF264DB95FD3F
:107738003886CE3EF5430BB64317D38F09EE084F74
:10774800D55C8F8D8FAD9F00DE82B283BDB60C5B9A
:10775800F000A6C2FDD5DE594ADD2C68D7AB005E25
:10776800E003D060185AEEDD166A13B4828B270046
:1077780049561898E73FC9C7AEE18F9AD9D9E91C8D
:10778800EA715F3826CC01F02CF187C43E42958C13
:10779800E6F028C66F3F2D00392A62B4E2C441776B
:1077A8000B6251913CB5AA28BB7977CDD43592A10B
:1077B800D4E09CF7340F67E8A7F75DE6D130BA004C
:1077C800206DC3DF8642E9D9675400E3D892AD142F
:1077D80047932FE1CEB37E04E17E64E55137B011C3
:1077E800891C6E64EF028D00CDFD23DCF3E38E105F
:1077F800F56FDAE8C9F0CE092687009278A2627799
:107808003BF2FBCA3A7FFDF05E78CC07E0BC56003D
:107818004896AC7DC73BF6087C6C969643F23A0FC7
:107828004105C9B183FA31C19438EE4E84A2761766
:107838001A30E17BA1781C001869C3F4DD1E63C30C
:1078480010496B733647FFAFABC797C5FD1C40C5E2
:10785800048F1ADAC74915D1A260155A2B0891006E
:10786800157F54339A5F623D58FB8226C9EF98E82A
:107878004720B397866F685825EF4F56280161D384
:107888004C98B9765E064000C647AD9FB6D52DC860
:1078980041A8854306DF1E22A13DECE9DD2D5E0CE3
:1078A8001C315629D34AD81FFD0CD404C54F4F00AC
:1078B8008461C845E2B81155B75F9B7FF111E83E76
:1078C800287C5D52E15B928128F04CA5594B2DC86C
:1078D8002FE6E69E6127AD00A2BB23394405AF041D
:1078E80063988467D06E14AF9AC1A7086A9F166719
:1078F800B1A942FB38AEADB4FF754E03DBCFEF0044
:107908009734BD1B0B6F9CFA44577A51D00570EC25
:1079180004DBEFD2B75D7B6BC48FB403EADC395A62
:10792800BF6F17FC767B2D00E1D82A147CC99C0612
:107938000474BE42C217D9A52943F59E2E044D18DA
:107948005E2717C153A28E2783263566405247000B
:1079580002FC1C4675D2441A37C331E8D664B99E76
:107968007370B020D43A2D540F40B011AF2874165C
:107978001683C2452D66780074904AEB0950E29A46
:1079880088BC1377B150F87F65A271DC13AF0E760F
:10799800A58E12C10DF8726FE4E967307D84D800B6
:1079A800FE09709CC9E7075EBA170B32CB10EECD03
:1079B800F67090871C53AB11386BE4AA0421371377
:1079C8000C5402F99BF44200E39A16FBFD5AB5F0F9
:1079D800919ED7B34E3100CD78C85EDF67038F67BD
:1079E800DC93265D4E69DD672F6DB7E86966F9009F
:1079F8004476CD94EC2B7D9721155A5E5293918B4A
:107A0800426AAB7BB252A4903527F6E49BC8C549BD
:107A18000A51E84F80196500B0F058689E51616FAF
:107A2800354B2B7075C0E5BB44E3D1DED1707DDAF0
:107A38004832C98DD8F555A4A5A869E670D2DA00F0
:107A480080D62306CDDCEC076C248D6C65DD98AD03
:107A5800851352A25826EB85868EE23D3D12AD81F4
:107A6800C33A930DB3E55400600DBDAAB86FD8E2D0
:107A78004F56964FACBD1C5A112672AF22CC2C52D1
:107A8800C8A48635CB090F6DE96919AFC7E7DC00D3
:107A98001884A292426EDD261B66EBB0DEC075C765
:107AA80008156282AC9F38265A3CCF8B5BB880950C
:107AB8001A45DC04D601B400B8FEF127F374A465B6
:107AC800183259B86232E1D0610DFD06E168E2B6BC
:107AD8004C96A64B88B8DBC50FAB5ACE3F1DED00C0
:107AE8000D18046C9DAACA3CBBD7172CDB17B83DF0
:107AF800E478089EBAAE532D76810EA4777C1FB029
:107B08002E43A90C6C3661000AB3104ABC624D645E
:107B18005EC9DF1F768DBD581AB19F649658171C31
:107B280029264D729E8266E99555887AA982B90000
:107B3800093B4036918FA0076CA014769DF9E52685
:107B48003B79872C38F68DD45B398E62399195AAAA
:107B580013AFD8A7ED08E8007F32864FB9A39C374A
:107B6800F624328967A916B4335C3D9170A73E119B
:107B78006CEDED653DB6B7A94E30EAC5CEAEA200B4
:107B88002273382FF7AE4901B8D495C36092A791F4
:107B9800E3163A987827C61E5F5BE5FC698DBFBA85
:107BA800968FE2C828F0DE004E89A7B90EB8B959F9
:107BB8008C8FC9CA933710AA0BB41B7DAB0F4354E3
:107BC80060CA7760E3EFE17A5A8B2239B2BF9D0031
:107BD800E4DE339A27BA6386C4B0DF87469C13373E
:107BE8000C6FFB6E1CEE0297D142171027A7891A5B
:107BF8009F5FC4E1842571007B9EB6A5922C3C86CC
:107C0800163572B7BCF6E5232E41E66F79FD0BA356
:107C18000B94403AA1461DB971C773F102A9280017
:107C28004E882273153CF618D0A0ED998E97311620
:107C3800526E6A591364C1A0B2CFEB024DDB81FBCF
:107C48007EB106EA97B0870082F22051381CA8EB73
:107C58003F2CD457E8EA0B8C55B31C4EA2B67E686D
:107C6800CBBB281A6A7B81DECC3E922428C6DF0073
:107C78007C64F9293710BD6169C920D866909FE0F6
:107C880054240A7F5DC3AA61FA5F47E02FFA8A9FEE
:107C9800BB61ACB4CA034400D1F0B63020223B3BF0
:107CA80032446424352D19C87D39ECEA438D2B9371
:107CB800E33E67FEB4852557452BC82BEBAE9800ED
:107CC800E8427294A3CF02DD6B8E4E15BA26ADDA68
:107CD8004208036E98AF2A189B65CC6E0D49D9E50A
:107CE8002BD461470DAB2900896ABFF4DA99D066B5
:107CF8008A672A66BC3918E902C2F6EEAA92B5DE8E
:107D0800BDD41F6B4920D9214598642DE408330060
:107D1800F9E013347815714491D2E48DD1951B3F65
:107D2800199F70B9905BE853F6903E5129C762815C
:107D38004D627C52669374002359F197BF9AA6103E
:107D480026DC7CEFD21C7078F36EB8BD4ADF3513A1
:107D58004B73C4E21035DC8C4B518A89BD45FA005F
:107D6800B5DE78EDA5732BEEEC49DD31A7E9FE1FF2
:107D7800C895BCF15E272211A7400C8582DA047FE2
:107D8800E0E1DEAC8301C800FDB2F296BB6919D50B
:107D98007C50A4B21031F1CABF43FEDAD0A838BD76
:107DA80096C48AB6325B8B3C2289F13C4027080096
:107DB800E1CB8168C3538C3174C41236367525CD36
:107DC80035FF984B53AC2B60FE43CD5EC6B5D57ED0
:107DD8007DD01D35215AA100CC5F634304F8F6B36A
:107DE8007ADC90FB7DEA7959D288B56EBFC8F8591C
:107DF800D38FCA3B1A3A937DDE4396AABE712900F7
:107E08005C4A5E8B15EC41831248FBA456E1027272
:107E1800FEEBF49AE8C87CFF5E62A789D611A341FD
:107E280027A059C9D6D42B00CE50EFF7AE2B19F99D
:107E380096FFC49EB640376E74E8D190DDDFA0AFE0
:107E48007ADC4ACC760556E440FD2D3799B93900DD
:107E58003623FF1DFE5C54BF57BB6FE02AE5256241
:107E6800146C0B379F50E2530D65513FDEF95D6886
:107E7800D4D5306D4EE40F001D353F1C14EBBDAA60
:107E880002A68C3B80AC35931E535A0D597A9562E5
:107E9800A37C2FD63457B0D9D91E872C6AEC5B0047
:107EA80053A780CA1590B4B70FB854B3A63BCEAD4C
:107EB80052058B7AC8EE6EEEECF03AE4202AF158BF
:107EC80002C809BEBBFD7000AC462C0F1AB854FEA0
:107ED80061B428B5047E400F10EDBD62C35E448DC9
:107EE800929B2E14BB975C33519334C5C43E090052
:107EF800DEE8C54A858DBB213AF2F8D9B63EE8BE20
:107F08005B6133857206EFFDBE08A93E4D47B0D3CD
:107F18005807D576FDC64100553F88ACCDCDEFC397
:107F280003AB32049E3756A555B92F7E6B49F3151E
:107F380077DCD0AC194F6A469280477A27DD0F006C
:107F4800E9ADF8E9A4638DE396AB2B85B6C7153385
:107F58003B184FB5D08DE3B8FBE200ED733CA1A010
:107F6800B74302D53FCC0A004ECC7258189057AA96
:107F7800EB0450162CDDD74888C6C78DEA6FE7F5A5
:107F880098F609B96935AD500EE942E7A7380100FE
:107F9800B6E28A75C4AB463093D3BDCC1E0E758449
:107FA800CE4A9BD2FAEC7D80D3DD1AC666F0E22772
:107FB8007D61E193768D2000B1B55FE61B33C04348
:107FC800D3F653B11172798152E0DA68B861942915
:107FD80060DA59F84486567B72B8A46600EEBA0097
:107FE800CC45F535B084D820E1BB10A623715E31AD
:107FF800F6EA841993AB0A7E2D3E43DA87B09C20BB
:108008008CD88707EDB1E700E66264EA3B9FB326A8
:108018009973BD4F939E00AB65D96BEA2736E1FE95
:1080280060353CE3E881C3E9B6B22A4884D4C3008A
:108038001F75F29CEFC8F6B333A4486BB60ECD0299
:108048009CCED1B605DF145BC6B40EA11CF60D6E2E
:108058007239564A4E50C200DE840B0E22FCB50D12
:10806800E2DCD73520E87723C0222136D7609F3657
:1080780041C5F8EE2E7E38B8FA374938D185F00078
:10808800680756A71E692BA7262FDEAF0AC301C8AB
:10809800D8E2F927F723A3D3473C4E3217912C7A1D
:1080A8007489DA5F9E9579004338CFEDF5E9CAF710
:1080B8009A2EEBC95595810FE8E0B995640047CD34
:1080C8006FB2DABE03121B2071E55BFDC372DA00E2
:1080D80090993D3604236378E3868C7CE6AB51E8BF
:1080E800C1B1C6257E44C98EFDFB4138294A50439B
:1080F800662A199D97B1DD0017AA0662BD9E039FE7
:10810800CB482F7C787633AAC28A4658D38F4F3211
:108118006C266D1FB59F5A84C669084252DEB300AB
:1081280005DFCA8F541CA9D83DFBFDFE208723B06C
:108138001B803FDA6CB699C7C3C5C55DB5D909338D
:10814800C1DAC85887E0FF0071BA0DD4CD8694D93A
:10815800E520C1D77B5FE7606F6E779A9EF50705CC
:108168004E843E045603F4855EAF4C88AE58C70073
:108178006542007045ACE478BAA91466A54F38D1B9
:108188009466AB5AA594A46109B05B8E2E37F1A70B
:108198008F412B01CD6171005FFB93C6A74A938E77
:1081A800F8796EA2B30D1C485ED8CD54471F409A8B
:1081B800E7E3FFB5E3506DEF33F3A88D941FFB00A1
:1081C8004133546CDE23833D6FFD543DA20086701D
:1081D8004825588AED94F924B7825A18764D08CA6A
:1081E800CD62CDE6B91A8400FA1EB1A5AC24A52C3F
:1081F800781285AF4C40F2772A92022751DACC36B2
:10820800EC2F833259DCAE9807FFA81F8C6FA900AA
:1082180089EE64C6B60E740EF259B5475908B2A471
:10822800F7512CB87B4C19FD5B16269EB9586F8404
:10823800DBBD520598B19100856FF6C0F11C097B32
:108248006AE2781D615C2A065DE3B9CF673DB12714
:10825800F188A9D3166E626E2565A536B78D6C00B8
:108268000C31B2EA72FE6651CD3BFDC3DCDC0DF980
:1082780044CA49C674968C9D71508D30E22DA195E3
:10828800AFB3B129AC538D0065B8A29AC369574AF8
:10829800AEE212E544238DA05B225CACE31B6AE7E7
:1082A80039EE301DC7F98568F76715DEAE961800F8
:1082B80006F4D5BC48864C3EFA3A06E1915C9E5DD0
:1082C800905A59F43C282A8604FF272328253FD7AB
:1082D800CC08FD81346635007D349ABDA0E9C858C4
:1082E800B424BEEAB348F4D721E7D2ED03E00F6B1C
:1082F8005C02975E0F4A77F16F920AF6E486C40033
:1083080032EC3E6C37C05454F7753680AB038ADCC8
:10831800F2455B723EF20CAC66F90F908F6D798C6A
:108328000E8909F742B53200A182C165F48216525E
:10833800122479A242A0A415150C8FE24B88B1AF84
:108348002F23F4CABEB7F37500F8947C56D987007A
:10835800E49291A7E99FF7A95524D6C1FA7F1FCBCC
:1083680091B5B05D1DF6AFA0853BD192B2CAFF575B
:1083780024D80DA7D387250039338241A760FBEFA6
:10838800027329554584FCB38EC13BE028F2E10F06
:10839800B61DFDD2B31E1E06778CCD1B8D8CF10049
:1083A800F488332B205AFA741A6E7DD19D7479ECB7
:1083B800D454BAD4F93E368572EB524615BAEF84D6
:1083C800BDBE53FBD46809004AAC63CEDF8973B4E1
:1083D8001C012B0146179526C09A8840FE2BA30B3B
:1083E800B7F5E637A16F20FD8499F7979EEB250036
:1083F8005D6F95E3985F3B5F1173068EB4E1C7FE2E
:10840800F25F10993D44F549BF59F547B3C3DB2CDA
:1084180015DE82E2021B9C00C229E3CC8C7D5BF056
:1084280020AD99151C2AE24ACC14219B5A1FD6EE7E
:1084380023606BF58110314BC43C8F55072E240007
:10844800B13489B4036B58E9EE3EAD26BC76A80773
:108458004A83A2AB3D32C01A1BA3828C8E3A68A114
:108468008A33E7C9B3EAAE00AC98BADB98F8A089BA
:108478002D9A94FAAC9834749BB7F159C5CF5F84A0
:1084880039A2701F016126BA14E27AE02CAF1E00EF
:108498007F15B565790073FDDD473C1E00F8D904EA
:1084A800BE2647F59CE8EF4C9C83CC7DA13823F889
:1084B800AD9E86EB7CE6B3006D36D1D6643A010CEE
:1084C800EB1BBEA8223F5825CF29F96E7E1AEA8AEF
:1084D800447EF73A78D88798D29A757EB5D0090045
:1084E8004C913507EE8288D3352D99B3FB931288CA
:1084F800440B117E42FE748E01E3D22086DECF68E3
:10850800BCCF2097C76B02003CACB7C818D03787E0
:10851800C463D7CB5EA063B8EBA982B3C8108A281E
:10852800E1F5E143C47C1F8D7F94A6B5F93DDE00DB
:1085380091790047697277D441F1C96772916E17D2
:10854800FF2E6AE341F61F5C64B4A6FBF0BA300E56
:108558006898E0C9975488008C8D5A9E0E9FCFB4B6
:10856800D8C02ACFF4C5539FADBF97835DA1211F03
:1085780016D07998E2FDE2444D8CF79EC54AEB008F
:1085880035BDD3540E203E2DCB38C819EAE4A09946
:108598002C96A522D9B3591DAF13846A5AB0333B20
:1085A8001B19767162B1D700DCC7990EC6E4717BDE
:1085B8005E8AD32CB1918862B7FBB69B164992BFED
:1085C8009928E04AC6EBA4D80C80335C95065B007A
:1085D8009244B9A34F9C78E5134ACA35B123456341
:1085E800B30E3216E8395F9B67D8FFDA383567D69D
:1085F8006C4EAE81102CD50055E1611F2A8806A863
:10860800D37D7FC92C5ECD28BFC0A5D51A174DA232
:108618005ED8B99013F346207C0B09FC102EC100DC
:1086280093042CF9913E0812667F9DEDEA3147F6D6
:10863800491580FEBE22BFA70CB3EF756B8FF1D62C
:10864800460CAD5B0F517500F3FB094029D9BC38C6
:10865800097D9DC0A7D9D2E5282DD1305920FB4BE3
:10866800C93F774E2270E8B0640B0B8887D7720039
:108678001960CF85D62D73B6BBB5722AE550C919D6
:1086880061AE4E44A61290AA9711BF47D8ABE65CDC
:10869800662A2214F73C6A0012D34A98D17F4F61A8
:1086A800435316622840E6059F8B688533734BF762
:1086B8009A8007E5DE0FBD7765DDB8E3DDBAD60041
:1086C80031BB4EB4A6A19B231FB40D8EB698BFBF75
:1086D800AAFEEDE37B17F5B3318ADF7B778CFDEBE0
:1086E800BAF2BD022B7BE800D154F4AA1E455510FE
:1086F800AC01B317ED05CBDFE7C51D28D8DEA69280
:10870800D0E3651EF59478C2BD3800B02B57DA0067
:10871800C645CFA32BE5D5BC59F8C74ED01C1AD2F5
:108728005123CE54189DE42DF94B3FCF6FD85346B3
:10873800ED20F23A961E0C00FADEA85F56266FDD91
:1087480064773917DF1482F1CF4E5097E5C234A60B
:108758003E7E239488131F4FEA1C1E83803B8E00A5
:10876800E382B4644D196D7373EB8C40A3D10B6D28
:10877800A7B4A8A44E66124FE0CA78C67F3126C3B4
:108788005165FFC0E9F5A0005ABC0FA26B6CC76326
:1087980044BE74B5A157ADE50450D9E0C00A62F9EA
:1087A8009D90DAEE6F64F3B829D80DCC82FCC30033
:1087B800A1A849FB66A72B53ADBE1D6E8B57583732
:1087C80040DF5C6F7592BC57BA7A1801CB6300C35F
:1087D80011AC004C060849008E070E5DCBB408C5E5
:1087E800B3BC60705D9BC126D24B09802336BA1694
:1087F800E9918EE01E9CA312497FEB590A372600A7
:10880800946ECE37939C922A7DB3226CD9BEDCD36A
:108818002AEBE70578550A38FA2E8732FB17D52652
:10882800CEB8D395579050008A7AB8F5CA022C4032
:108838009156BCADB99B071A95DF66EB8CAC45CD5C
:1088480057430B4C1D864031AB271A53B8CB6600F3
:108858008FF79657872C909D4D62C27C187715A884
:10886800D10825C5D803F8F6E831E4A9B31F4B8829
:1088780081C64C15D5AD7F004C044CE520A06BF2A9
:10888800F32A50F6C554971FB4ED5BA91326E808E0
:10889800391BB5338D82B5F2C667C0C864DB0400E6
:1088A800E1B90019D8A7A25FE3DA9931F60F876812
:1088B800449B5091A8EACEEE8431C92B69E36C0938
:1088C800E350FC2F41D2AF007A72D06D9D78C0B5CD
:1088D80023C0EF3023698416023FAAAC40526E4C85
:1088E8003A5D403F6A8E30B3115FA5C76D98CA00E4
:1088F800DDBEAD02507DB1A12936F300816456D8A2
:108908009C2BBAA21218E745E13750FCCE07F94C68
:10891800A497A218FF7CC200A15EED89638E5CDD7E
:1089280089E627A9EEEE203194CFEBA8AB2B018D79
:10893800C63267CE5DB84F48DFAE8BAD1E751C00E2
:10894800F39C0936A4F68EA4E8E3DA56BD978009AD
:108958009A8C07F1BEBFF2F238B717C9198E4F7754
:108968007290F4AFAE61A900AA80EEBC1D0DEA00BA
:10897800621FE77A3599F8037333EAD8239D1EA15D
:10898800E4E14E67BFBCABD735B161D2AFDAA50021
:10899800278E410EBB010304D313BD3D25BD6BBD1E
:1089A800CC128A13CFB53D10BEBD679DC8EE29C84D
:1089B80049DBFFA0E240AA008D1574A30BCB9212ED
:1089C80099122C151B9FC25620B89F40CE3BEE3DF6
:1089D800E940D4ACE9DA389868126DC8C629610054
:1089E800B22A2E5F168896FFF277F2252DAD2F2238
:1089F8000186C69D4D1FD369A2727CB77C982ADB7D
:108A08006F9AD900FD24FF00C19A98D972F6D7F35E
:108A18000EE987F307AB9BD0F91C305A18AE528386
:108A2800915F8025E348929FF6A7AA9D3CCD170049
:108A380084612C6FADBD45064183EBB31DA5FAB922
:108A48008CE73972CAC0DF6D9B4EECE36C134CB5F2
:108A5800346E3080B6C22F0073A767268AB79F2767
:108A6800D5018E14420D2BBD10A6686C83BAAB7B62
:108A780058A98ECA27FEA5B48ED5AF062AC9D50037
:108A8800FEDD9F1451794A6A8EEC5584D57CADA3DE
:108A9800ED7FC60B74D60738B0B668D94F4A552053
:108AA8002E45CCE13E5C63008257BD2FFCB3D52731
:108AB8001FCED97CA603088FDDA6AF3DC66DA0AC3E
:108AC800CBC9FD0E02E6AAC0EB3E9B55A16CFE0089
:108AD80043AB2FB6E003E6342390B6C46D1C6B1588
:108AE8008509B82E66DA7220CAFA2CDB6D9C954D82
:108AF8003739410835EE3100A528881AA58B82F24E
:108B08009988AD6FE0D84736223154CC199404DBEC
:108B1800FCD338F1DCC9E57BAECEDC0F76ED9200F4
:108B28006BC895A7478BB799E9D7F6C92B8AF7423F
:108B3800A47261F1DD4CE00E2A3474EBAFC0C0BE04
:108B4800B290CAF20340BD00EB76DD80A53F1CF968
:108B5800FEB334EF024E64A4193982D581FA4C82EF
:108B68007D66693A9D2170017335B26CDB35B800BA
:108B78007BC7E755826AF2A4D1278BD583C010D270
:108B8800B8860608C440660C64E872E96F95540B11
:108B98002F1FE6A536484B009D0C9BE53929694CEB
:108BA800C00896C73AE471BBDB3AA5A0536D060925
:108BB80050E97DFBF7E532BD322DA24AA63F1900E8
:108BC800224E13E99D620C455E364574C14455102A
:108BD80009ADA6EB4DB5E1FCD6BD074ECDA1D87EBB
:108BE800F4975C946DA2B8009FD70DE9633B8D2381
:108BF8000E28D644CC11A12716CF01581188554FFD
:108C08004D5565374AC03D2B1BED6781ECA9060021
:108C1800DB9E2B5AA1EFE3A41EF6A084140DCA34E0
:108C2800D486B2E3573F4AAE1243A9AC2D9915A991
:108C3800109CA3B68F18080029C978DF4267659D84
:108C4800306C1C6BA921DA5E326428B2C7330E4C33
:108C5800CF50366AE5B9844CFA3ED0DF68564600F4
:108C6800EE090194FA00B9AA7DEAB9A6C53CC1A4E7
:108C7800E93A952C7E2FF986263A765A5BFBC3C1D2
:108C88008559BD4FAB81F7008FE07CC9BC43D092BA
:108C9800DC114E583225560C41DCF19047F7C6AE30
:108CA80020FAE157FD2371FC1DF80C5F4DC5EA0061
:108CB8007DBC6260D28B010A7F173EAD1157640FED
:108CC80008F2D7DE9994E3DC11118264E4E11F70A5
:108CD8006D74B89AAAE17E00BFA8929BBCA75EDC1F
:108CE800C6DFFB6259A715B1FA480A51B73D55CA04
:108CF8001C12D7AC11DFF9EE64D3CDED0F917E00D5
:108D0800AE005E4A91A2938E13B6E40B272A54C88C
:108D18009381093D6B0C6D3DEC819C3E4D490DEAFC
:108D280011AFB07C83285D00903026BCF8B91EA72F
:108D3800786E610EAE76A48CE81791633F2D92D0C1
:108D4800B6971193CA2B8E423ECFAA590667EA00FE
:108D58003FA93C89CA03C98B69306FB2EF817F1F75
:108D6800F73A843CD37D94A1E999941833A473C04D
:108D780006E7EE99B4AD0D006A746BA7EC64EE26B5
:108D8800A1F5CEAE7052A3729E7A20D09B430561A6
:108D9800BAEE0F7BC1153AADDD067A78858CDE0018
:108DA800FC6CB3467D3554C8406809CFABC02EBAB9
:108DB800FCA04FAF012EADB2E419A20D28ADE29E82
:108DC800D4EACC1A3B97DD00480982D79B991E75D7
:108DD800FCBF3B145F08A20869BF73F3301AD2C600
:108DE8000A833F37C93BD7E70CE01F9DD29090001C
:108DF800BE99FF17270E690E3F7E32368EC0794521
:108E080031DD0CF41B889B0264177DD68E983F1FBA
:108E180076EAC1B70B7CA3002B0787BA1E6AFF66E8
:108E28007A63BF23FC2CF3561C45984D5C9B4CA6DB
:108E38001E6D963579658726DF4C1D50C3523D005F
:108E4800516FCCA8BF61F14D1C500315C354927FDC
:108E5800E68ABB1073890C9CCA1FA34ED3D79E39D0
:108E6800021F94201344C400910A03086C44DE8650
:108E7800509E2D144F355878086B40E678B5CEA72C
:108E8800E1E557DDDAD3064E9B8695F70D4850008D
:108E9800DAF37BC2A459D9351DFF4A160ABB891CCF
:108EA80099B2E1B228AF35A3813FE3CDF6EAB2D853
:108EB800079CBD19051F4C0035D94298F68FE13B38
:108EC8008329A6256916744A960EF905C5A6E1E315
:108ED80079EA6ABF6F52A495202DDB8C32849F00FB
:108EE800098CFBF88215DDF8D7B071AE5E13876187
:108EF80042E6D7F66A5905ED0D6D64FDB1F800A399
:108F0800777FCE950A0BDA006A6F6D336AB7E3553F
:108F18001BD75BEA0D537B773012A660ACDEB994A1
:108F2800B6609339266D902E979E406463A4C10065
:108F380028DD886272E23769ADF43D31C8AADDB731
:108F48008D84DCAD4C19BA7C406264E3DD221C1AC6
:108F5800CFC4787F898F2500DF2413E982C559A9FA
:108F6800DE4F62B1E0E1EF7500EEF336489C3B7AE4
:108F78006C8010AEEAAB7BB8C34D00712F8F29000F
:108F880050E291E08A08BC03C23650C638ECC7BA32
:108F980080E88ACDE1264DD39E4E55874A87369C78
:108FA800677281891C16F200FF9DCFE7C2F090FD21
:108FB80075DDE4FB27E4835BF47B2976B5B8A75716
:108FC8003ECF311009CEF1921CC6557437B5AF00AB
:108FD80035053CC515D062951A9EFD3CE98E625751
:108FE80048C4FC975E9B1C1F170807A9A4C1B32B94
:108FF80017D7876D87C41C005DF7C38509444C9D4E
:10900800A626092909C47B2434C95EF568B46262BE
:1090180071C30A8BD6287E29047F00391EED5900BA
:109028001326A1310CBC739A991729AB2E200B611A
:109038006B6D5C16C81A36AAD1AC8713CC3158FCB4
:10904800CEA9B1B09F198D000B0BAB3DDC6957D889
:109058001490B2CDAB5D6643DD160D65C58359DD51
:109068001067D880AFB7AA84DD4044DF6CAC380005
:109078003E9C57A215B69FC49251B152980415C28E
:10908800B4D867A84F25F8105F62B6F5ED096B7282
:109098000C2E3E5EC88001008E7655C7C10097171A
:1090A800161290782BE906A0F5E8488DA79A8F3616
:1090B800BD0BCBC247232F3E4E2218104075090026
:1090C800969466EF18CBB0E88EC5A71BE51B0F7109
:1090D8009096929D863FED6A0125CCFA773AADA429
:1090E8008EAEEB84698AD800DE7ED78745D241C030
:1090F80076E178BBCFA849BE750E4F45928029BC52
:10910800BC74CAFDE17899B103BD965CFDE0BE0070
:109118004B515EFEF4B710E19058DD0715D98D4725
:10912800BF98E0495BAE96DB140ED3C5D790BDF867
:109138003398887E3EF22600ABEDD21FB3729918A1
:109148000743B9342805AA56FD20B232AA57CA11D6
:10915800132B36E47747BFDDA0FD19EC995B0700B8
:10916800BE2C4790A3ECEBA3351703FB3F15CBE6CA
:1091780027033C6C80B152D393ABAE3B071BCE8226
:109188003AFB2D8F2D3B37005E3C0DB008B603E04F
:10919800008DD679773520B91914BE4B9F6885A6FE
:1091A8000C79D8FA8EE4DDB8C09272EA1960F90039
:1091B8005660FF5E1389403988FD8D903C93EC1E04
:1091C800872DADEB8F9D65093FC3EEA95465865287
:1091D800F81CD210738FAE0083E6B3E2A759F333BD
:1091E800D03A51FB0128A9CF1D4BC5797D160CA596
:1091F800829E604346A460DBB0069424752B7500FC
:1092080021D9B7A1942AE933B203CFFC3E34F9CE71
:1092180017091131F38660C300BB87F4DF6266AEBD
:10922800215C81770E6DD000221F30B94A4EE0389C
:1092380092612D4907AD0B0EA12EA9F3C7D35EB8D5
:10924800AF157E99B8244F998F8483CC2518CA000E
:109258006538663FBC0C4CD5374CCC08C8605D619E
:109268006ABF4BA42399073665AE0378840801B416
:10927800E118D40CDDE5CF0043D3D6AAC77297A076
:10928800FD67C5F1CA6DD9E4E1B0330995DC1697DD
:10929800E12612C76D36F2B7A09670A85A89CE009B
:1092A80015E80BE057CF2074178C2BAFB866007504
:1092B80073CA7665016DDD817A55DEAAB2AF2835AD
:1092C8002784B78D4360520091984685AFDAA10193
:1092D80047385E0DE3CBCDB293E752D850EC592412
:1092E800837004D1BA0E5550D42DBF1F1FD08C00E7
:1092F800C94ACA1BED576735D6681E6F3CB1A290A4
:109308000EFED0D20E27C27485F74FA7B9E03AFAFD
:1093180087785BBE6D097900FC06D46077F0E67C3F
:10932800DA0B6C6EAD0B69F89F1D94649176188604
:10933800147222782BF6F2C4723C124E7D2AD900A0
:10934800EA73ECF9E7F5AB230A16C305868F978E07
:10935800B7F212F79C3082B5D0D6705BC9C4E1A6CB
:10936800E0301180D4F2BE008797CF82F59F20CBE2
:10937800A3EE5F5844752D3B9BD91F96F4ABDFFDD8
:109388008A309E7BD22E3B2B421B14BE50F7100016
:1093980052C42C261382160D9122D41253B581D0B3
:1093A80081377EEA0F6857F14D1E24B77F8C904CA9
:1093B8008AE552F74FF5DD00C92D8052AEA61C761E
:1093C8007858CF847FD737DB44B666DD8FD76AEE0F
:1093D800552A09EBD28CA4E81431A4C9596FA3000B
:1093E8000440DCFCEA347831C4B12BB63F33B1E039
:1093F800D22EC35A90146AF538247C71451D8C15F9
:1094080064F0C1DAF4E7C50002A307A6C07600E558
:109418004D3A9296032029C9F1509F1F07362DF81F
:1094280049BB5E54760D3E710EF47972EB740E00F2
:109438003ABA7E91F69FB5A3A8833AAB80B7CD5BC5
:1094480016116A76AF10D64C3C4D265C55E5066F72
:10945800158102180ED3B700D8EC445FBEB530981A
:109468008C7ACEA043001CD0A9868A5BE6B6D99236
:109478008311CB6FA70B5CDFB6CCB74685216F0095
:10948800155E26C811988486669EC05E2BB0CA9663
:1094980079CE96860F6944B86888D0BE89E0DB42E9
:1094A800F19D8C5B4B674A000A802B11BA92B91761
:1094B800AA8B3961D5CA5B66527506637349230E58
:1094C800292C19AF78454BC15599DD6EE3554400F9
:1094D8004C71007FE490B6F211F232526201D9EB7E
:1094E8005B031D52E806784FD1013ECE72D9D058A1
:1094F800D77CFE5C8B78D000140AA9F4D53682B5E7
:109508008D7D7F0E4975B01C1FCC485C31CC2B2B50
:10951800B69468F29B61005E5CCDBDF5B94A59000E
:10952800B59E4AC8AB5ECACBA04C02C2DC33C4AA03
:10953800AE525CD70842DA818B5D2B787D848C0132
:10954800A11A9D892F6D13003264B736D6EBEBD57F
:109558003D259A5B3AFF572772F63946A0F3E12E6C
:10956800E2804BBD5F0E402E3A1BC216248FC1000D
:109578006D91865EF5D7C49855EE98D1815F4248C3
:10958800452D7784EB1197B2513F50544340E74043
:10959800CC8F18DFAFCE0000806CE2D640C01C54E0
:1095A80084958C50264D4EC80D7E8A8C02E74189E1
:1095B8009FAA3B3F9AD7A4D692F85B6ACFA39E0096
:1095C800C37EEF558260A8DD80042849C9C3DDAC9D
:1095D8006BD6AD73A95E3A414EB008E22490B559F6
:1095E800A9CFAB085A7BDD00A4CD356AF19EE818F7
:1095F800F43C95661E237EAA09A977945F3B80B147
:10960800A71A06FC5955B96D565C015B8596800012
:109618003961EEDA2BF9EDC85793EA7CA5BA73CC19
:10962800E46001B9909874E42FFCC429F10128176B
:10963800EA45B0D638C18000FFEBAC542815F98F45
:109648003E40672CAF5216CD92DF684188E602573C
:10965800840ED5AB4AF727D205BDE9BC20CB300034
:10966800911919CFE9EAC01C97BBA5D1DE09A2F56B
:109678006E58D4F473C0F6DDB7190D5B8203FB0D89
:10968800CA4061C9704A60008E05B082DE75033039
:10969800EB028525D151456361660AB707648500E9
:1096A800860FABCA95531E63057ED0C243AA8E00AF
:1096B800B94C22288481C84738F628CBF2C661B74E
:1096C80079F480786E72DFAB1741B0E0D7515BF365
:1096D8008AD969B90F403B0071E6C12D4FAF46D515
:1096E800DC03E2B21772095A14157EA41D41EA3C44
:1096F800A647AD8C5A40ED77B15BF6AF6A0C6F00A8
:10970800C9D5D32A0C3137F8212508673CC50E0C7A
:1097180013F5EFA5906CE9615DB0A1A86C396A3DBD
:10972800C1D80A093AF9ED000AC8648FB9F2CCB970
:109738000587E0F429CAF2A4D926AFA111A715DC40
:109748004A36A51D08419E33374223301663170059
:1097580023167229248645675E3A32ED7D2141F849
:10976800FB63D3F93AFF25E4197E6B4CE30C0995AA
:109778003BF0DAB3002BDF001BE65B13DC5C36AD95
:10978800AFEC2AD3D8CFE851C30C4ECFBA25B612C6
:10979800A0965562C16680F6A33A82DD7812EB0086
:1097A800EF0B449A5477DA047416F460DBAB62A0CA
:1097B80097E15824E25106FD8984805388FDF48E90
:1097C8003A9BC5CC7049DA000A453E02983AE0292E
:1097D8004735ABC9CDE60C9721548A63830B0BD070
:1097E8008D5F329CDE6069E186DEEF86C8B92C00A9
:1097F8009613EA535B2F35CA41ACCEA4F2206045DC
:10980800838E731B2D9A551FD9423D3067458DF4C1
:10981800F31641C75170A8009CF9902A8B9C0AAD99
:109828001CADFE5B97978E4F99F20FED7536B2CB54
:1098380034E2E82AA8DA6E413B91655237650D009B
:1098480072B8F0679D7F0992E717CF05F893D65A4B
:1098580070051CAD951A5A142A78DD786289E6F3EA
:10986800C32A7E3B49D7620016B3976F01ACA6EDB9
:10987800B8825CE3951A433FEC094C898A41BAC720
:10988800B0A7BC5E2E170F9ABA3283EEAD62FF0006
:10989800472AAD54782CCB83530A1BA4460E4C5A46
:1098A800EFFC9DE9B377ACB6E9B6A7F173C7BF374C
:1098B800614B7D4C5232AD003F8EB47E97F376B942
:1098C80009ADFFDD6F5BB51B6591D1FFAB72932DC1
:1098D800FF9E663024077754A6E232FA07A61800DE
:1098E8005DD51B89BDB0549835F692EC0559B76D16
:1098F800A21C4B8F13AEA3A251187ECF61A5DB2DFE
:10990800F7D40B31EB695400744F911E75137168CD
:109918006A894AFD6FAC83A343217A00717E9EFD5C
:10992800A25550CCD151D7F747DA5E7F1C97FF007C
:109938002ABFCA907742B2673A1A5309C97CB17AEA
:10994800C1DD88C5A89C62EE0592EA2B408EB961FC
:1099580042003086BD76E200AD33F234FA7287D524
:10996800F0AD15448934A37B3A348D6B1DE06C8CC3
:109978001911CA5CFA5D58DED4B38C542BA32E009F
:109988004BC4EE8964FEE6158F2E9885C3D6B3A71F
:10999800E34A95CEDCA2605CB6ADC14D2102EF0171
:1099A8003D3675809C25F2007F27D2372A3C2D183A
:1099B800B525DEF5CE5932BBE1EA989C9ABB2BCC93
:1099C80067AFC48C8C8229ED18DFA787736A2500DE
:1099D800EC1652C9000DF515C34EF3E992C3BDB795
:1099E800481F719D2EE0A0EB2B5CCA16E6056800A7
:1099F8008CCE25E98B39AA00538455724F80296192
:109A08005D64BEDC6EB05B699CB71B68037E4AE090
:109A1800B40EA9F15C0F482C6E8FE2592319AC00E3
:109A280036F471C79FA3CDFA1DBEDAB02CCF80B033
:109A3800739F6F84238063895BA2BB383C0D367E9D
:109A4800ED083D37E25D6D0075B97F03867752AC4E
:109A58001357669167C6492471647086164F83331D
:109A680086E189E7A36D1B8ACD873A48008E3000CE
:109A78007634A62D8690DD9B0237353A6E1E818C92
:109A8800C19C86D431A4D3D24266FBD81224EA03FF
:109A9800DB80B8B68706F900F79563EE5B28EBC361
:109AA800A433B908290212B25F0F532FE0B3FD3176
:109AB800B5068D32F31770A23B85F734FE2ED4001D
:109AC800FFF1CD96D5E989B7F650799E5EACF6469A
:109AD800554C0C55E300DE3292A2145ACD3884D08E
:109AE8002FF5B340B840CA00A45D9A00FEDAAF195A
:109AF800CE112D2F665A5E0E68BE4F92FDEAE4889D
:109B08007D7DF902B74D63F8D3E8D4E79CE8D5002A
:109B1800C88E35321EFD1F123168140849204B9338
:109B2800C338D3C5D70A90ECF910CDB4983187FB68
:109B3800D9F36E976FA80B00468EC44260C7634B7B
:109B480085508712766348CD2F456FDE9D2F544090
:109B5800AD6E3695938C3B0A4772305D323E860077
:109B6800C17EA5674C17F916A8FE723F26EADDF1FB
:109B780036F89A93EBE4BC9E41A371ED4CED721D4F
:109B88008317ED078E1D2D003F7FADC0915E1079C4
:109B9800DD8D6AC11D638475C108F923B52B9B3619
:109BA800B5DDEFEB13E5F4D7318C34EE3F2B050030
:109BB8008549995A4BB4A65D86F9045C49DBC65AB7
:109BC800297248E6775D90990AD6D20917A3EC0F57
:109BD800DEBB987883BA83004DDBD05A5C23FEDD68
:109BE80008E6103C48DA1CDA8F4F2BAA5C19C885A6
:109BF800AF9F03BB60C95974CF58F75A6608A100D4
:109C0800844703C5235911F6D5C7ACE72B6CE86028
:109C1800B41D4C139129A22E354C0B74E73C20BA85
:109C28002877F7913F7BB30041522BA3101D23D80F
:109C38000A41A8FE7562FC0054651F42903EBB7F36
:109C48000E5E9C8286228BAEFC06BD0DD50DB20041
:109C58004371741F507EC248AEB6973EE0CFFBD228
:109C68004E5E2B0A43CEB37AF33AC96DA3006B3329
:109C7800A4CD81C7AEF9A900E9E3D7233A0BBDBF4C
:109C8800A89446B9409F707A4D7215048FECD60F90
:109C98002586EB44F64BE490521A0887F22AA60070
:109CA8007FE8FE4083C4C567D22E93778B3CB6D439
:109CB80012032048E6C7821863E954647F6EE89A65
:109CC800F5CF53464C3C73009FCA023D1DBB67C08D
:109CD800A8A6C0771B32E15DACB94CD6D5E3CBAAB8
:109CE8006EB26B8046F27E5DBDBA2B1C2E7F5A0089
:109CF80049DA6A1B8F9AF4B49796513885E3530A68
:109D080056C650FA87CE3109AB34DE28AFCB1929B5
:109D180006BD173331A95E00E0AADB8C8B1AFA98CE
:109D2800B7798E5996343B1785EE634B82290F22FB
:109D3800A16BCC2E32F0CCC83804F459FF43DC00B8
:109D48003DBA110D85AA42570506D5EF2551292B95
:109D580067805B3F2FBB8257AF64690B25EDD288C4
:109D6800D9C05A23EE434E00EE76BC4F4201BA9753
:109D7800D7C59BE874594AE40D206884D2B0C4451D
:109D880028E5189D12064CC3DCFB12A7BFBF2D00A7
:109D980043AE615AC79C331AA597AD75E77F430F49
:109DA800DC0FC6298FF5D76CE5B0E038CCA9926EE8
:109DB800F08BAE238BF13D0015AC693E137075191D
:109DC800656B84A6DC2B5913D2C956D92AFF6F7D3F
:109DD80004338D829C53714B448ED537F78C7200B7
:109DE8002CF7D43BC4A0ED9AF177BAAF7C8CFA6417
:109DF800CADE6BA02EA36EBB010221A478DDC0CE03
:109E0800A07AD2BCDF9F7200D099B62F7B72B6576A
:109E1800D656E2C21F1E048CB0D3B451461BF9BFFC
:109E28004D5A4670F65EEE29E5C3FE5FF91C300018
:109E3800C507AE4DE27B27782A078EA6AF1A09011F
:109E4800B1DC9B7EB12D1665AD292CEE5837F77520
:109E5800710EACD688D80000EA7665E421567AB54A
:109E68003A14D3EC95729EE4BE695A227DA4DCDCD8
:109E780064DF8C904623ACD506ABE77B99024B0098
:109E8800C3A5100E31C689A9B580341FF829FDF67F
:109E9800760E32DA41F82F8E91107A117CA6610B7A
:109EA800D07C65D81BDA310073F51ACEDA3714681E
:109EB800550154A298A795800469A6D545119C47D9
:109EC8006CD072EB88D3C656E33EA032407D490081
:109ED800EA76625781F32AFC6361B36C21DFD2FA18
:109EE8000EA05FA33902C4691925BAA691364B8220
:109EF800B954744687953100B1EBC55FCD62CC5833
:109F080024A896C030644B613BBCEDFD0E7415EB84
:109F18009CCF8027C88C164DF8B15DFFAD6C3A0018
:109F2800050754A3B6405184A278709D8149AEC1FB
:109F3800533A86794ECBF895AE8CC9D049AA91A9E7
:109F480055628A7D0411F40098415384592DBC89C7
:109F5800068366F71714EE317B1B6B0B0C687B3E90
:109F6800992E6D8A5269BF8B39E9B9F4C92B1F0044
:109F7800E4178747044E9F6B2EC3B84898B0F0E8A3
:109F88009398530A3E87EE0E5C73662CD0141267C2
:109F9800804BF4E70839D900FD69511347FADB9281
:109FA80037BA22BB973CAE1DD11DB87C16BD3F4ABF
:109FB800DF020CBCE19264C9B23D16DF65AD3D001D
:109FC800EAA237EE5FB209081AAD1FAB200411D61A
:109FD800AE37C9BF856A31B8C9481B9C29FFA65B43
:109FE800AE3532DEA0E73D00F2B20A14CB6AEAB51C
:109FF8007612C4E482D52F8BB2C1817EA75262B695
:10A00800E76BD6F717CC32E6E7FB414AFEBDAE0058
:10A0180019CFFCF1215273F22FA806F1CAF9CCCA64
:10A02800D25452239F267BBB057CC2CCC0CD774639
:10A03800839C1D3B431306008BF50D67F3B5B0EE0B
:10A04800901037CD9846DE0106936F3255DBB48AFF
:10A0580045FA1EF6FC4BD0EF4081DE796B0E4D00C1
:10A0680033D65264562A9662C1CD418F6354395B08
:10A07800F6E8C9C0AECE71ED3D2F9E1003F792E40D
:10A08800F27BC90F733F3300FD90755800EAED95D8
:10A09800ABC7160C0AFDDE99F8598A43C36FAB1992
:10A0A80019BEC263B587251B7F2BF98AD857B9001B
:10A0B8006B798F4AEF082E14595C52B140667E03C3
:10A0C800881F13E0345DABEE72078DA820296AEF74
:10A0D8006C3D13DF4D6CCD007CB91950859A4BFF50
:10A0E80022EE6FE3409B96114CC22922003964DFAF
:10A0F8004B0643826EF741033CAF060F187E2E00D5
:10A108007E7B18A786F5170FE3BD4B5E4BD8EBA1F6
:10A118005825C3CDA544539B9903D6796D0A6F1A68
:10A12800B9C68552CE5C790064D721045FBF8C39EB
:10A138006B5F1329AE5798F37C1ED1B5D26EA398E6
:10A14800872803DFF170C97BB20392FAEEB31E00D1
:10A15800F1CB7A2C46EA8E574B136F1029AC9859DD
:10A168001BEC1EF57FDBC4841C0683A3AEE0BF0F87
:10A17800252F7D7342A1510016685133737799FAE0
:10A188006792495A1B04C1D2B76B3E4D67CB2B551A
:10A19800A8EAE62812532C2DC8253485233054000C
:10A1A80079E7AE97A811F905B49337EE27A6AB3E29
:10A1B800BD7CFEB574FFF5620D32D94F9F99A0861C
:10A1C80000C202BB0B082B00BDE570B514393E3048
:10A1D800EECE1DD9FFCD825ED5C4324C93740F8C60
:10A1E800F3D238CC22B6002DCA58993CC45A000084
:10A1F8005A4CCF04C7FFD161AE64A029944950B826
:10A208003E8761865960DBC13F40E73E0466B3087C
:10A21800AEEC54C17A3A5300F85131ED56B8EAA27F
:10A22800CFDF88BA10118D1228DFCD5302716679FD
:10A23800F0E4EDA1F1EC62E3020C4863C257E900D7
:10A248007F21FE2F375245DABAEB7F41E9FA9AC8E7
:10A258003A4E995B33D52B3CFB0E17D6C774021DBB
:10A2680077CE935B3EC62D0053DB04923C42F959EE
:10A27800635B5BB864BEDE5E9B9D14FEE74304131C
:10A2880095584EA3DF513609689A74570B834400DA
:10A298009128624294C5E5DB66B835895D579A0511
:10A2A800852EB7008FFA8B86E965FED34C9159BD90
:10A2B8003E509587CABF7C00E0062B6A0AACBAC933
:10A2C800FB046C339D4836AF8B0751FE48C2D3EC74
:10A2D800304CD542038770F078AFCC72B5C47500A6
:10A2E800335C4C1E7EE329CD113F9B854BC492F213
:10A2F8008241CD9CB4AF5C57FE60543709ABAEE1E8
:10A30800C9A61FDEA76DB7008D45F95330A91B8478
:10A31800D8C5A9ED397EE88971A2E714DD98E4EE85
:10A328008FD2696DDDC1AF7474D2C7E851EA8B0072
:10A3380098D702E3036146EA76A669B219EC9C2134
:10A34800EA05B0581744A36626BBC42C2B61AA9112
:10A358003D503C6AE4315000307337CC90CE4746CC
:10A3680008D4A1369D1AEF821C026126E83C546E7F
:10A378009B9F907B61490B30D88E60A91551A9002D
:10A388005F5D8FB3A8387CDD0C2958363C06116E0A
:10A39800DC65D8C7065A539170EF0424C8F3A63F6A
:10A3A800547F78E277F76D00880BE82C29431AE789
:10A3B8002ECB32CF26D1D730F95DC4CE3A2B143606
:10A3C800F106853319BAA08F664A18B72AA4320055
:10A3D80055CE0C2B871676569FCE0743EE3427D9D9
:10A3E800CA2AD8FEB838351BFD07922EC13D216513
:10A3F8003878B655947A2000D0B1C2799D7E047C15
:10A40800F939DC00AF0BF9774B8E3A951823338670
:10A41800E1E9BCD9A726A1890AB364AAC6770C00CA
:10A42800E112BFA617D3216F166EFE25DCB10E858B
:10A43800EB0758B07389BDE1FCE641A297807C9D8B
:10A4480014E6CA27E7E8C2000EA5061913E5EAD202
:10A45800A45EE539268F1892D2828479F3FC3B708A
:10A468000841040D72AA1CBC840E5FA9D10C1C0003
:10A47800EE2893EAF9E7770A870A005485B57BEE58
:10A48800C3826BEECAC65EBA1EED93412468FE4DC8
:10A49800BD5C9AF063A7790066B63E63EED1C072E0
:10A4A8008B345736A7B37700BDDC05A850E291D0AE
:10A4B80022039139B23282D8B45BF6A60F2FD800A6
:10A4C800D3A39FF66C692F8C5D4F6ED9B331F6F428
:10A4D800053CBA745D4FF0DE68B9B763997D8A8A26
:10A4E8009C776AF01B2A8F009FFC3F0071843866B6
:10A4F800423A562A906D58FBDA7CE48F32901D530D
:10A508008205AA1425A8B69244B315FA5A1F7B00EF
:10A5180092AE0203FAD9A68A41B5C0127EA0762966
:10A52800DD70AE74F7ADA1E84CAF4961356760C125
:10A53800D168E7451400BB00EF466F3452DE1A7449
:10A54800DB6690DE2153ABB0561B0918703EB98606
:10A55800C361AE782BA0DFFCDA069688B4CBD500B1
:10A568003D1401B6E2E8657D7FDA4A1752E2A99800
:10A57800E8010156FAF146C7CF79FC24BA9FE0B545
:10A58800C1B61CFCA37830005C9E7FB3DA836F6D84
:10A59800C2E4E3D4B00CD5F8ECCA65D80EBA0B47C0
:10A5A800DE5F776497C49C4DD3FEF6F83BB1B500E7
:10A5B8006E8A51B02BA081B8204EB5C71011FF1478
:10A5C80094051F2AD2864BCEB5E2635E8CF28A824E
:10A5D800B5F9EF4AD67666000FAEAE6EE1896BBB71
:10A5E80055D2B7F00A0049449039AC594A5F3F49FF
:10A5F8000DCAD469545C5DB7DBEF4486E25DF000B8
:10A60800A3CBFCAEC6FCB7868A3CD0B60DF7E4EF08
:10A618000E1DA2735AA788036A5EE3C17C2B50B54E
:10A62800DDD8D3B338C1BD0093DC5A4B3412A73CF4
:10A638004D4ACA4DBE1F7AB96C3C7B4A844324E418
:10A64800839C882961A34DE25243432A9CFF410021
:10A65800EBC428E41559098D266DF3762E2AF0816E
:10A66800CDD5A550839FC2E42B2B5EB282DEC3A258
:10A6780095DEBD48500FAB005F2930B781BDAE53A2
:10A6880009A7D101367674C4342BD3518D9100D5E6
:10A698008671B7D7A8D378E333E2FDBDDA9E8E0082
:10A6A80097F89D09E0A9FCAE548DDB42296DA548B9
:10A6B8002ADFB88C588BDD8C96A5D6E9F73FB049D0
:10A6C8005F7974D17D68DE006BB06B8B6F7C64D072
:10A6D8003330AA3BCAC605FB5CE7ACADFFF7F923EC
:10A6E8005EE50D72D01082ED62DDC6DCAA09B60007
:10A6F8007468F6890FC18A93C510E6DA3F1CCD4D00
:10A70800CC687404848862825BA2B0D1544D05D0B1
:10A71800D0088783C828450040D4CED92CB7EFD3BA
:10A72800AFE4D3CFC7530AE9D500D60C83A8244F8A
:10A73800D714AB9FB044AFE9F80A0FB75EF19E009B
:10A748008F81F4C7EC1238FE2808C928E1D5E970D2
:10A75800759096FDACA9EAC4775DE8908B85A1B0A9
:10A768005417559F62366C0099CB94573583FDDAA0
:10A778000BE6B3545C4B87D3C2611E1464D92AF329
:10A7880094BBAADE19728E0A96C4A27E5101720089
:10A79800AB3C4A5770CCC7AEC923FA0AD9C09A94C1
:10A7A800FC91D6E82F9B27FB3493E296FE9F928C70
:10A7B8007F41C076C992BE00325D7D72F86B77A783
:10A7C8008B3AFD2C402E1271046369700E769B3C07
:10A7D8000700D40C2C14BE75BC113031C7F9C20067
:10A7E8009F57AA4BD60B6E14E56A9B718BA919016A
:10A7F80007D83B55A5166AB332AD84A65E65249882
:10A808007B59456DC691BC002D50B54CBA9345C5D2
:10A8180035ABD5792F2A449CDC3045E0D9F3725901
:10A828006476D13C047BD23484EA21A272098C007C
:10A83800380C73BE12CA898A8B3D6DCD544D1B7E70
:10A848004FBBC9E2B3697E63FDD2361B9307E20DA5
:10A858005F30EB59E3D74A001E23B2EC65B7370FD8
:10A86800B04D0B06CDCDD38C61BCDDCFEAACE6E9AB
:10A878005890FC718EE44D3B9EFD7CA47F3F2D00DB
:10A88800C9FAB554076100D0A652A34A8B4E519617
:10A89800BDE3A3FAB3FADB9E57EABA939B225A495F
:10A8A8008908478395ACC6003BAAE90812F310EB68
:10A8B8001808028F34E5ED6B98A94E092C4D49AA6A
:10A8C800D63CC73FB486DFF181D2345108B37F004C
:10A8D8003C474A25D75A9D395B0E1FAF4F03FE00F0
:10A8E80000DAE7FF34055F8349BF8031F0823C23FB
:10A8F80045C535D9B19B07005662EAFCE1F682905E
:10A90800AF52327FD9D340574BD27330ECF3ECDDE2
:10A9180092C86F3BA9AD1A21183C396304A05900AD
:10A928007B052419CB8AB817796731751F3B0AE371
:10A938009E6FCCFCAEE33DF16FE5AC308CB2CC8CB5
:10A94800A80ABBDB15B24A00069F250EC3118793E0
:10A95800040132E325A9BEE745D9768A4575F52273
:10A968006B0A809608DD4BC56BE3849268E06A0049
:10A97800D70D493D5737B1EE0AD17151B5E14413AE
:10A98800F16822A783E3132F027F5053F074E70086
:10A998001DB14DA3AB7AFD00BE33DD13671BE5A7E0
:10A9A800CDD514615E369ECA306296483C911838FF
:10A9B8005691F7D107F535B8DCE4C383EA71F500A1
:10A9C800B8E93FDBA618C1F95B18B0CFDEACAC0C18
:10A9D80016B1C91CED913092CA86E1E61875D3C943
:10A9E800C1ADE197173936005A74E90FF48E287112
:10A9F8008F944F3C2DE1D9AA2A0101C94210417018
:10AA080044ADF24F123A3F9F3F61D6196FE1A10062
:10AA18000F6D499055A1D27CC9461B86905963F7A2
:10AA280045EEDB56F1CD1C56B1FDEBE79D9CA21F10
:10AA3800F93690FB1F9F5400D1EE9ECE6BA409659A
:10AA4800A36480066C02EB0F4D1505E62B30BFCED4
:10AA58003DCCFEA0702348B9A865BEE1D4C64F001E
:10AA680017CB4DE1122FCF8CAB0234D824D87F14EA
:10AA780025E341B834158264FF9191F70F8789A3C4
:10AA880016CCEC78D5019D00F62FB4E0FDCAC66956
:10AA9800481DA0369106D7A3AB5A5BBA27DB77D2FD
:10AAA800F490CDD159DBF7712AA0043CF4F2D70019
:10AAB80000C345E1EF7C2D9EBBE10FCDEB30B03FED
:10AAC8003851AF4B9493920C2B7C9D1866B2CD8372
:10AAD800D473CEAE57810600AC8EF4D3E5930A63E7
:10AAE800A1BB08C1DC2B63950F6F9DEA37D2AA0181
:10AAF8004B5AAA5D925D202EDB3E442EEBF15700A7
:10AB080059DF07B2825C006D0F0DD144DE87ED1C62
:10AB1800A98647CE6B9F440EC77BF36921164D6308
:10AB2800DB317FE9DFCD8600D075D0615939D1722C
:10AB3800CCA52E03D0347544A1CB163380F6D4941B
:10AB48003C832BD7BB1DF445E9B282FCE69B1A0077
:10AB5800D1A950F18E11244A527CE83D53D656387B
:10AB68001E15DAE16BABC8F30BF17DCFCD3D0E417D
:10AB7800787B4D377CB18B00D06AAEC88A88A21624
:10AB880057FF611CF579195FBA4F84E4468769302D
:10AB9800286A2CEF2D47FA0941635385C280450086
:10ABA8008BD485DBD2734F82C1AC0F207757B10AA3
:10ABB800DD753568BAD4E53FE126C731C236FE4BAC
:10ABC8000A30F10DD9121600227ADC65CF3E26F440
:10ABD800E9210063647A0655471C0040201CCBAC71
:10ABE800A59B21F1E09A05EBD1FFB35CF7958F00A7
:10ABF800F987CBB22BFD89E2A2E18FF13377EA2EF8
:10AC0800B1543B618CFB151E6DA36BE19A12E932BE
:10AC1800EB3CFB2155517400F963554FC90099C6A7
:10AC28000635F5207C1DBC1BB6BAD96637A8372C6B
:10AC3800B2B4951D9728266A31B7A51EF15E10009B
:10AC480020EB1D7F573B3355225B6FD1744A9F4AD7
:10AC5800915F20D5336AA631D62DABE6DBF4CE9AC8
:10AC6800530F93E30C510E00504DE8D8D40335A987
:10AC7800A72963EF1C9A2570DA1F57180072CE5E59
:10AC880024E6204A6BDAAAF2D63D759D99F6510062
:10AC980006D29707C49770C252B1CFA6F7B958F534
:10ACA8002B331E46806DF170A47D2DB8F29827AA2B
:10ACB800AC474971AF467B00B8D59EB947E1399E8C
:10ACC8003E22A4D8438908CE3686D0F58C8D7B26C3
:10ACD800B5FE5A6667D8CCCDAA141097E8539400ED
:10ACE800EF9AA26E35C243DD9ADAFA7203D7861F4D
:10ACF800A74D0EFEBA7E07ECCCBEFCFA11CF403051
:10AD080072A00A6704F1A600023B08AC218FD47C2C
:10AD180027B3B63E3760CD8683BE7311E1F10DF1DE
:10AD2800A46FAA7646C316D17C8F7C4042347B0040
:10AD38002A56119D09206BF0CC636B3B59E914C767
:10AD4800D6DE37089254E0999D91AACB09E48AE2AD
:10AD5800AE2245F94C613E00DB1F5BD0809EA830D7
:10AD6800E0B83C7CCC4F87590CC77FC9D5A6B252F6
:10AD780071E319E4DC7484190CE2721A3B5A750009
:10AD88005B095EF9A654D1F4EC53D036F9C59F633C
:10AD9800C3701F14916D716F4093F6576E1A437DFF
:10ADA800D0884DB26D9F3800E11B8328BF8AA94621
:10ADB800E713CABB14DD595BCD1E44E81AA4D18041
:10ADC800ABB810DFB0982D06F85AB94C99EFB60019
:10ADD8001E41F0F98A534E5E0615AE77657108E894
:10ADE800812159B75373C260999B9201D0CDD70F77
:10ADF800A32301B7DC1A8B00D367704A8B475B200B
:10AE08007350C9DD973EC11C9766458F3DE0B5DAA2
:10AE1800A624898C7D17F8B4D4F9EE8CF18CE20065
:10AE2800360610C5519FABC7299759D4A22405A14E
:10AE38008F585AF740C3FAA8E67F24FD22431CA97D
:10AE48009F3F2576339C2500B9756D96935246AD84
:10AE5800BC8E937AA98D99D2312A19B944896CF696
:10AE68000081BD0E41DE54CA88F75B77A330FD0030
:10AE7800DA030CFD0B54DCBBB5772F5736E4F4DC52
:10AE8800022D809D8F7DC093F8AC9B8F7328B63BB5
:10AE980081ADCFF1928A1600FF6237735AFD1A10FE
:10AEA800B3CF69AB95DBCA1D6B91DB7278CCA66317
:10AEB800BC04B1447CC5C0F0D863E8362D952000A9
:10AEC800B0A94F9AD9631EE9F7F85D9EE163CAA25B
:10AED80095C332490156FB34CDD04D048E745ADEE9
:10AEE8009215A8E8BB0DF600F721FA03FD1D6ACA02
:10AEF800F8BF60E1A9EFC61A0DE889C493002B20BA
:10AF08000984BF256DBF0296B6FAF0614B898D00A2
:10AF180099B17B1292246852DD2F08F56241988915
:10AF2800549FE4381C670B0FFFCD3BF1E5CB4E86F1
:10AF3800ADD325D03477F600914F90FC4AB1999063
:10AF4800639138AD41BB354254E235A2BF5F9F13D0
:10AF580083A3501BE3EEB398D4415D666B1ADF0000
:10AF680089A954A1C84EC769982DD1F3DB3C951423
:10AF78008CFFDA1582E4F858193924D3576C1D99D7
:10AF8800A43BE086603B2D0047AA9CBA44EDEC2622
:10AF9800CE15A0BDC0022664114693A07B93AB12C8
:10AFA800B8458E80B40A25AD1DAC54322F667000AA
:10AFB800AE8EEDEF366C092076D9F20D7A9F9B3D67
:10AFC800CEE4D76644F52D754E748F6D88E4560D22
:10AFD800D58AE8BBD0AEBA0028F25220EF8017FD20
:10AFE800486749D7AD1D18D12DA02C0F87D536CE6F
:10AFF800CC9DBC74F52F9CC63F51F340AC44250052
:10B008001EF49DD8B7EC8F3F1C99518B7A7F60B6A0
:10B01800DE0E01E7DBEF491C465B1264336498E6F9
:10B028001E0AEE7AC447E6000C70A60283A7E2AABD
:10B038000F37FA29ACE0B80A65964F8547D9691EDB
:10B04800F5F0BCC9FF83D927B0FD434F7FA00700A7
:10B058003F69D4E7304B4317E31E8D49E1565C4CFA
:10B068009E91E6C00431C920DDB886E18814290321
:10B07800D4CEB2809D80DC0083A1F19B3332E26A9A
:10B088009BB0BEF65D5C52C22147B61594D56A984E
:10B098004F97C54CDC929C29C6A532088275CC0016
:10B0A80090E7E863399F1712154C7D24FC64CBEABE
:10B0B800903C62FB17CFD0B2243858A62EDF47B495
:10B0C800C80D074D784247007DF0BD092D2F75E862
:10B0D800DBE94BCB9255427D02561F46384F861707
:10B0E800BCEA0D2C788D24B7A28A6C649AD3CA0066
:10B0F800DC0E3555EED250BD43079E209A74AA3611
:10B10800165206A02C39DAD865638FB64B0AA33DD0
:10B118004BFDAEF4281EB0006C3BC893DF33F04FF4
:10B12800FD519C0088ECDAB9FC35BB3464D5775402
:10B13800A7234E370F1F1E76407F524AB0F7C9002B
:10B1480081367A379B75F444321F3D007D825A4D13
:10B15800738601FEF141B25EDF7AA278368C8B05E8
:10B168009E15788593EC9500B436BE8DDBB7F4ED6B
:10B17800C9EF534210C2677C145FB25D0E8FAE5D9B
:10B188006A395F7D6F42269ADD3B86AEFE0171000B
:10B1980076B2C77DC1605C7754415B5DEF19604250
:10B1A80061632E5773CA923AA0B7CB4FE562E36743
:10B1B80093F5D7A1FE13F6008FE5941A42B38C7667
:10B1C80040868D20DA372375F0FB6A6F9D68FE5F35
:10B1D8007F994AD02ACC6251C8D9E7D8445FA900E0
:10B1E80090BC23AB3959E5ABF00831993E08A971F9
:10B1F8001E3605563EF2F0B28C818613A652267191
:10B208001DC5AD29CCAE9300B442356DA10FBB83EB
:10B218005233DE7078B53AA7FEDDF402CF29CDA708
:10B228005F633B8900D0BCEF1369AA8D63004600B9
:10B23800017BC475C9372D45521D251034A2B2258E
:10B248003FA22D2C140203E03AB9A21DCE90BB22D6
:10B25800B92A03699D483A00C970749D5110AA2DF6
:10B268002EE1B66269AA65CCCE5E62C620F7F4A26A
:10B278006B47C18FEB4B2E862D6EBB0239841200B3
:10B28800EAE89286D9284AFBD46C1081732016D636
:10B2980051250F5A04F82C2F55DAD3DEB501D259AF
:10B2A800AB550183D4D9D100F2E094AB82A0875783
:10B2B800EFDEFA43329F89E95BF5CE2A95C5710521
:10B2C8008C22EE0313335E2A88E966358266BB005A
:10B2D8000BFADB7D3949D8616E879ED8DCA90DD180
:10B2E800989D3B33E4B3F91461789D7438739D9D40
:10B2F800DC0E534549E1D8002C7F08F0461B65D881
:10B30800D0BCAB650958EF6BD71D7052087B012282
:10B318006E7ABD6E5968245A5DB6019E66E10100D9
:10B32800126D801605250DEAADE986C5A6E3BC9A1F
:10B338007E9C8E03DCFF7B74550C4AB04AD3E542F1
:10B3480071A1A9457E8B9D009CD0ADB33059F7F60D
:10B35800F792D7C7DB1528A37CF5A671D182E658EA
:10B36800AB34CA9072825CA7ABA9D35E5CE3EC00F5
:10B37800E86BDD452808F150640F88878703BC0017
:10B38800D00A27707E33A85F2B1E47E39921B7D1D7
:10B3980051FD3EBE565D7C0061B1BEE05B8DC3DDF4
:10B3A800BC436292B874B873189BDA61CCD1A30B12
:10B3B800CA32A7A20913A63072CD961A027D2700B9
:10B3C800DF85E18752B5A1A648DCFA72CADDDC7FC9
:10B3D8007C39504FCCC32435FBA34EF58F155B98B1
:10B3E80022E5BE4231BFF000D079B64609D8F3B69F
:10B3F80082E5B3AB2C23B0945C6C40E93CDE69EA8F
:10B408005FD1178ECB1FB9B397FE7E02D3DC9D00A8
:10B418001D849FDEA5A01E5E907998F945F17B1CDE
:10B428009E69CF7F7E6D813003D0137978A703D1D1
:10B43800BBD230C2AFA57A00DE05466949510CB9C6
:10B4480011916FF73A70001DDA106DF7F78C1D95A2
:10B45800AA3B6B02D6663793882484D09D9BB200A2
:10B468006784D82B5D0F50B37C300E499735EE6654
:10B47800DFC19B3F7AFECC0D44C858858977D6EB4F
:10B48800746829F9AE9382006464690082DB13E36F
:10B49800763CD976B7E150D7953EBB3AD6C2861CE2
:10B4A800827A360B7D61BC218BB58CE426F296003E
:10B4B800F79DBD6803DE8BB087429E0F80133D5316
:10B4C8006E9AE26CE8F82155F62AD79EDEA7AF3FC0
:10B4D80026C585A2AC8E0100A229769B9DE4D6964E
:10B4E8006B5D643F563397638DBA52352B110090CC
:10B4F800B3DC74B2CB92399849DC5C1E1C46BD00A3
:10B50800E73DFFB25A9227194EC23BC998301060E6
:10B51800C4568B1B30E2AE18DA8D0566FD86CBF477
:10B528009C8FFD64F82691005507792FECCD831583
:10B53800C495230FC047C4F7DEB52B7CC76A8B3987
:10B54800778EADE64EFF5E8C275FC43958CC9400E9
:10B55800F5972E80A68778610E5FC17849008F46DF
:10B56800F6945DCECE3DE07844B27B248ED3544E23
:10B57800F0103C606D37340094F590A01E2F580FE2
:10B58800FC4BDC49DD816331EFEA02807A5A5A8D3F
:10B59800332462D6BA9D9354287017BAE8ABED00ED
:10B5A8002FC66F27A2C8400EE3ED7EB604220E6EAA
:10B5B800B98F0200DAB46F8ED30BA3AE7B2298D179
:10B5C80025E405D1FFA02300AD465808CC93A6C6B4
:10B5D80035028A3B87B8064A78CC4B2B739BEA59CD
:10B5E800C8C4ED527C04A1313E51EED2711EA000B8
:10B5F8007C51A234028712A044723100F8E744ED6E
:10B6080095F1D0275966917FE636273713B1316C0B
:10B61800F56CFF9B920A0B00B80331187850ECCCFC
:10B6280073608394991B6E5542CA64906358D646DA
:10B63800E4E2AB85C9B630077FA1390A9C7F2800B0
:10B64800B71EE6D72EE70A5C7A9B38B013B8848E0B
:10B658004FF6C47743C94D09C8314243281FCDC8A6
:10B6680053AE28200E20AB0074D015E8F9A4C6D933
:10B67800D4F96582D35ECC5875BC79F4B88BB2AE78
:10B68800EF511E430AA9FE18BBD8174249D8260015
:10B6980076353C11B62687366024BC4175685567F7
:10B6A800442741575B67F695D927D639B3D1D57565
:10B6B800ED6594982A27770056DE02B9E253AFCD9C
:10B6C800E520E15F8A5A5A807F9A6B784784AF5B9E
:10B6D800B17052254E00FBE2F14528F75EBE8C00A2
:10B6E80085F02A7FC8B8E3524E291B3ED703AE6EB9
:10B6F800C65105D70592F2FF0F913BC264B3A3C0B0
:10B70800A94894B424624E00A9E9E91CA018869CB3
:10B718007124D8C0796570626BAB440369005DC25F
:10B7280082ABB35FD5C9C87E31A2816DBC9E7C0057
:10B738009E6D299BDC613254838AADE4C3C05402F8
:10B748004C91B2BEA0969C5AA817557C8C2CD0D987
:10B758006B4EFBE9FC3747000DCA08EEA7F3F72D3F
:10B76800D35204F983C3408F428603D1A3021459EC
:10B778006917438BCAE8F3C84459FB5599610E0011
:10B78800387AAEF42C1B54C8134B3DB8332AE10168
:10B798004A965E763501F0C8849E44B637735FD109
:10B7A80008160885ACD76D00BC5CF47C595BB28C7C
:10B7B800AD0C32D2C0A27ED7334822A76D5128EFF4
:10B7C800085FCFCF8E262046B36A65B77ED1ED00DD
:10B7D80090A534510B738FA0497C8691B5E702D5AB
:10B7E8009F248B8F9BF5CBE16D1982B5D4DF0204C2
:10B7F8007898944AA51332001944ACF1CE90AEED76
:10B808009214AEDAFEE601C97C432FCB9306F37D92
:10B81800C004CB4D9B3D178848DEBECD88230D0064
:10B828001E51E5FB7289527484623A4A6758662A47
:10B83800C00F40506370830CA85F3E68C0A37D3C76
:10B84800ADE013E14FF6F70019741E6E0140C38591
:10B85800C729D647828E3DEC5D071023342FDED3EF
:10B86800CE26C8493AB64E03A65C2EDC89223F0094
:10B878008AD8A11C730E2D25AEACAC30B28E0683CF
:10B888007BC628248654CE3AEECE199676955C036C
:10B89800E4010502EE3AA50081D2620F0C55AFA96A
:10B8A80061258C07FC15AC9A7CF362347B405648C2
:10B8B80038BBAF8DAAE2B9D61F96533EED4C8F0028
:10B8C8008FA4C1B6E9DCB2201B6DBACCDE6F853619
:10B8D8003D41D92E31BCC7AB5C50A76522C2F78B5E
:10B8E8000FE2E9D708DE42009268217BA4CECCA300
:10B8F800088E85D7363365407018D3619219125E69
:10B908000E18E3BDEC9F4DB9C4CBF7BD1F01DA009B
:10B91800EB58CAF1EFD0F85165F43F0744E66B3EA7
:10B928009E49F2FD7F8333971E5639B901A7C9EEA8
:10B93800F5A69E39171FD8007B545AEC24831EAAFB
:10B94800C408783CE95CBEE91E67524B0D9307B604
:10B95800EC13DAAE5B7C8CF0FF81B3301A5409002B
:10B968004CC57F11207C4FC65789DC15CDFAC76CB2
:10B9780059EB657935A2238D1D31FE3D6D10017699
:10B988007E6D67E44DDB2C004E001DBC1B474CEA66
:10B99800F6D8FE54C0D36B74FEF27EC2519BD6C259
:10B9A800C37B9874C6CB9FCEB655CE802C345D0031
:10B9B800550095B8643C07980DFFC7CD0A16E5CD2C
:10B9C8007D18E9DC023E9C2B36F4E4B913BE6AA468
:10B9D8006F87551BE18682003276527DBD93C03158
:10B9E800467E968086EA733A4D46FDE7758EC8BE58
:10B9F80089CFCC37E5D4F21D2B2ABA4C4EDD7D0019
:10BA0800A345D75D09C51D788655D100928C437E24
:10BA1800635199222D0B00513EB7FE9F9AE1CB57F7
:10BA2800321984B77276C000F6BBB9346B534951EA
:10BA38006BE0A08B99F998DA32ED24B99210B631FF
:10BA4800382C18FED30778D1E963581619187500F1
:10BA5800F7B92428750186CB2423E65CC19E4FD70D
:10BA680069FF5D302262352349717CA90DDDB24D35
:10BA7800A56E3D9F95DB35009FEDEAD33D261A0F55
:10BA88000AF46EB3B40A01FA20C56C25DE60A58FEE
:10BA98009EA8DA35E8A1D190C547BF3C0EA8D900C9
:10BAA8008DF0F40BCA604F73142B38DB1471BE6C25
:10BAB80046E0C36F7D3BB5B46C46AF13F2F6617BCD
:10BAC80004A79BEE63D73700231D460C2A65D72FA2
:10BAD8000A05EA9B0F1795C6F976A27449F702671B
:10BAE800B8EBD1A3BF189B788F937AA1DE36BD003F
:10BAF800131A0CC89FE84D450C2C97BF274B5209C9
:10BB08001CDF806E4DE2F6707277B9ABB50DB63EAC
:10BB18000C7B984CCC88210098EADAF323A372872F
:10BB280079D74F9235898491643617714D0D038CFE
:10BB3800687A756FAB042C83452A68FBCA0CC3006E
:10BB48001FAB8C45D9407636D50EE57EBC245A0607
:10BB5800F1E298E42B2D5B9595FABDF65AFE8284A6
:10BB6800214EEDBAB7B0C100483FE3782F1C6FC52E
:10BB78006148E5736156DF1CDAF788F3098DEC0933
:10BB88004A22C0B3A643C0BD11C5AD5BF563020030
:10BB9800E2168663EF608EBF785C3AD003BD4152EF
:10BBA8004769C5F83A70D6A45369F4BFC5940631FD
:10BBB800C872AB59C8ECED0092DC5003DC95E9D8AB
:10BBC80026A5F0EDAFF60AD8AB2A719C3745D3EA23
:10BBD800019933AC313543DFE506795E04735900CA
:10BBE800DE250CD6A55C078F75386EE02F00D64F82
:10BBF80065722FAC15E86937B5BF8ED831B0B95426
:10BC0800FBCA371299517400D40F3B847C4D239D95
:10BC1800144E55BA3814919EB27D6A3458842EED6C
:10BC2800AE466FD25DD73DD27D866210C9B275002F
:10BC380006DBA21A9D37A7800085D74188D9F4383A
:10BC4800FEFF2E2DC9D5E04A5D621B0A4CAF825219
:10BC58006CD85B0FB67DFC0079EB37B70E658DDBD2
:10BC68005D23FAB2F69E752B5788ECEFC25D5757E5
:10BC7800BF65ABD54C8915D6F4D859B913EFEF0089
:10BC88008ADAD268A74122898D198BD57156149406
:10BC98006BBA18ED35B7AD899DB9675D9F650C51D5
:10BCA8001D2157E3176CC800ADD7C69CACF82FB957
:10BCB80062391ABFE7B30B1AA223F1BA9FBC7DF60B
:10BCC80054E860FDD195418CF150E9C290EC3900FF
:10BCD80045A6FE72775444961121FA5B2820D1DEDE
:10BCE8008791B77380FE9821C070A2073F1321E4A3
:10BCF800C01B66B8EC5F980010712E3E0400401916
:10BD0800092A69DF4285F60B4DA76F74912B1AB982
:10BD1800753B3BE6092D4B0A64C248FBA87F0B0024
:10BD280043CBB181C9FB82221C7F7A3608D78A4966
:10BD38003CAA9F689085F6C53C03B9989226CC39F1
:10BD48009F0E3D3DF97AA500647590F69B6158BE3B
:10BD5800016D7AFAC846A5E65A0D179DCEA5975FDC
:10BD6800B28C8515900A5E2408ACCFBC68B6AE00CC
:10BD78003D3058F97A4A4AB279FFC25AD2D5380AC0
:10BD8800362E616A1AB09BF85042F0ADC2A6BED1F9
:10BD98003C7EE4A9A9BE8F00B746C821797C5889A2
:10BDA800A807A0DFAA52646C06684134A7B5CE1371
:10BDB800191A9A8ADD3C59C46179C8145CAA5600DC
:10BDC800AE97998AC810173A866660538AEAC7B14F
:10BDD80098A7E344870139203EF2F30A3872AA058E
:10BDE8002007547BB20E28000B85EE5AB3E38CF67D
:10BDF8005DBC767A17DD7D986D9FB4D6312A99722D
:10BE08001940EF723B5A6CC1315832530202E400B8
:10BE18000341F88816CC2A1F9ADEC63AD0B78FC9D4
:10BE28005EC8B128E1B8C7223081885DDFA2955C81
:10BE380076E6C82F79FAB10035914ABD6830F244E8
:10BE4800AA51423A9A6BDBEB0EDCDF515E7B92170C
:10BE580021A78B637039C86EDD7738A6AFF6D3009B
:10BE680086F94811AFE13934F22CAB4555F4F7C0E7
:10BE78007B4436F6108B81F2B9DB2C0BF12CF13DAB
:10BE880064761BB4C18F9B0018C76ED75F18DC9C03
:10BE9800FD49BF7AB828357B5C84F4856771534CBB
:10BEA80032DEF58DEA505420EC269F7848E71E00D4
:10BEB8003D2969C78E60479C2FE8C93BE87E1B4433
:10BEC8008B309F39C7B35BED83C32B907D4856D920
:10BED8002D5CD55216E6E900A9DDCA5913C7F4EE60
:10BEE800413F1B82309DB2422C5935329CA81FD04D
:10BEF8000A7CD46D35C5839CDEA4A6221D4410009F
:10BF08009BE1C8E0269EF472F707F6A371F70D4E81
:10BF180005FA6476D53889AF993AE3B8FD114293AA
:10BF2800840F8F4226BC8900F73A2681E8BBE46774
:10BF38007D5CCBA6BB17DA61402E653E3074170DC9
:10BF480042EC8EBD18B571964B71E1380DE52900AC
:10BF580008CB9BF4E6498E6AE456FEB2BF507316CE
:10BF6800820233820CFBCB63FE62E5C38DD4BE0E26
:10BF7800D8384EF9F6A9080048945AA23E12B78F4D
:10BF88004F4CF14F6B8CE77FD65803ED5AFF35FCC9
:10BF98001E866122382ACA36EDD99F6B5A5B430048
:10BFA80090B48430354928F69AF5C478C133096AC3
:10BFB8003B41A17D9CB03644EC4D5C33C73A91D6E9
:10BFC800A40AA8365028BA009AE4330FBC807DE949
:10BFD80068572CD72E98F05538167D14D928EBE3DE
:10BFE8008EBC49BCBBB2D08E9777EEAE2E38ED0032
:10BFF80026788400A981A61838850FF008F03E83BA
:10C008002268771598CFF6E5E13F591135E6BEACC1
:10C0180001EDB8F32061C500057CF2CBC240D9E43C
:10C028001F3E6C0A6DCE9A91467E6DDE54282A76A4
:10C03800B856957D7820D2A4AE8AAE9B123C3B00C0
:10C048004AE42E809C5DF4FF9234F6DEA43536B2C5
:10C0580051E38E01298E612F02D2725D1F9077A85D
:10C06800343D8F5DAAF05100027CDBD223DED5106F
:10C07800D9CAA2122182C9BC4A8ADC1BEB630D50C3
:10C08800A71D8EA1776861D8611EE997411F5E00E0
:10C098002756246E326256AF4F5380C90BFA511B94
:10C0A8007A362B0002DF8117F8D42943312E0A7D16
:10C0B8009E45A251F414EB0010DD25A277C984C374
:10C0C80090FEA548B000305348732F2175BD1AD291
:10C0D800D566AF1F42E390A92CC4BC9341D5A400F8
:10C0E8006C9D04B29B69EC13B47C9BD178D858B191
:10C0F8006865BFFCDE066D1E0C35FCED60604652BF
:10C1080053AD5270762E9400C77651BFAB25FB8392
:10C1180083AF9E7FEB406DDECF676A1137F9207FD2
:10C1280001927E5E9A0C4E696B495E31422D8D00FC
:10C13800A4DD362171A9B9AE5FC3DF693BDD754A5D
:10C1480009D88310E910EBD252E905D159D2C95761
:10C158001D05EBF983A64600F281DD12DCD7163DFA
:10C168002167D2D434617BADBAD62272940C1F23D6
:10C17800A8962EB9AC8BCAABCBAF19570129E500ED
:10C1880070DD4D38AB323859606E043FA93BFED4A0
:10C1980021F8337BD06ABE08D01DFD2F2FE029F28D
:10C1A80092F14DD0BAD16F009718539F482CCE0109
:10C1B8007DBE23ACCFA79E60D230AF2C0383D4BD05
:10C1C80021513807DE3D11410061B57805EBC80003
:10C1D8002D5B9E697FF33F594A7451AEFE7E20A9BC
:10C1E800FAA0819B0C8D5ADCF7D78BFA9F7ECF3152
:10C1F8006F1128B8FAD0090088907BBB570FA68228
:10C20800ADCF79AF132D249FE930210AB76A7102A7
:10C2180014903CDA58304B3707C2A3C70AD9DC0060
:10C22800F3B1C4D91AA13FBF7D452BD6B331F3D49E
:10C238004E765171855F8FA4D04A702A944E91C86A
:10C248003CFA3390AEDBE300C84D3976C9E92BA33D
:10C2580002F5B58C385902A06674997D519BEC277C
:10C26800D0828F5C6B8C245133E26BF7E5F6350096
:10C27800D298C7D93F44E9B96D0455FC16BB624052
:10C28800043CCEF017950178964F9DAE9B9596E7A6
:10C29800C83029514872CF00DCC72AAE09A83776C2
:10C2A800B6ADBACB3F3707994ED6E5CF78C234EB57
:10C2B800AFCC3085D6A5098DBE49DBA71EFE9F00F1
:10C2C8008D50A4FB8FE533F440AAF321BE15D5CDDC
:10C2D800DC1D0F8679ACD10715DFC1CDC1203665CD
:10C2E8008BB852608EA25A000BCED0A0582223A041
:10C2F8009FB4F55D1068E74220119C62F4F97D9BBC
:10C3080067A5FDA451CBB10B36F9957D3388EB00B9
:10C31800275DF494EFE8D22F009793E1A92C509A67
:10C328008F25B45A8BAE7A5AA11B70B4F105EC98DC
:10C33800EF368D60DB6B7E00D4DF9C8BE85D01FE01
:10C348005EC1F8B0A74537E19C23E667EE8C72A37F
:10C358001352AD278C53894F295F2481670D9600AE
:10C3680049A709C1F19F8E271674E5E9C6F6832A05
:10C37800CB73490367DB98D7F2AC310525FB9933BA
:10C38800F01B93EC4C48D20027AB29C0619D5C445C
:10C3980053F4306E2F9D2B7488725C84BDA2C0A9A3
:10C3A8009822F18D1DBE5DD1E22E33DCCD66AF0043
:10C3B80064340CE411A4C5A019EED0FAFB07AE8AC8
:10C3C800A69554233CDDE78ED330C2AEC3A0257BAF
:10C3D8002F94C69836BAF6001FA6C51BCFE7B0C182
:10C3E800D6E84698EC2E9A6963785D6AEDA3AD812C
:10C3F800E21CED5700351308225C037FC2859C00C0
:10C4080094F1C0669EE2235068B7EB5D09D62944D3
:10C4180095309068EF12AD442F6B7A72A97A430772
:10C42800AB13F011E1439800176E2298DB853ABEF2
:10C43800F38A75E48E2CFF5D2E8EBD326F72D64165
:10C448005E94DCFECFCD4BCE7229EBFF8AC017007D
:10C45800A9CA337E66DA8BCC26FAEFB652E975ABF9
:10C468003F2574C088F04C2EF66174AB3B1B53BB60
:10C47800152C0A3ECF933C00AFEDF713C28B4B014E
:10C48800805E64F7C8CFF2AA003F0A6A6CE2EDD476
:10C498000324DA59ECA8EADB943683ABC0A05F002A
:10C4A800A59F47FCCBC2436EF702AE1232797FFCE0
:10C4B800E127E0E128593D0D3F458F05E5174C1B65
:10C4C8000757AEA932EA7F006C26CFA4CC8B109A0E
:10C4D800F98EE25A40755431F5BDBC231917AC6C7E
:10C4E800A1F16884A411555C939D6FCAFD8E8700E5
:10C4F8009BE12953BCE9238C08D9F0BAF4147B9149
:10C50800F254F9287A92379A799F203A4866ED4092
:10C51800B2483EBEF964F500C7270B5CA70264B5B4
:10C52800623E42E69F0FC6E0611B865C6CAF748C6E
:10C538000AE6E950067C6B6E3B988CF0D4845B006D
:10C5480007B0E91761AABEF104D16A9A70EDDC312F
:10C55800C3AE084B47831B4B37CD3C6511003DA646
:10C56800037DBB4C59B3F000ECDFFBBED9C97DE2BB
:10C57800070C328BD1EBF9C9BB5D8BE73D8EF69D7D
:10C588008664A0F9BC15C36CE26368BA5FF35F0008
:10C5980032595E3FFDAB1AFA445A4CBF0C44D3E9FA
:10C5A80063F37429963AE31A6A1524B019059A7246
:10C5B800E983EDC2093FCB00920E3A1DEC573A5B76
:10C5C8002D184C7D6DD0092638A94058B733E0E2C4
:10C5D800FB526A5454B0E0092BF91EF026CF000034
:10C5E800CC2CFAF5E762E2558E7013E738B3766B18
:10C5F80016EC85D4548048EE5B3711B7E63B167CC1
:10C6080061C4EAC4F3E6750057EFFCD0EC616B1B1C
:10C61800285EAD05FE1965BC6FEDA0E1022AA610E3
:10C628003B634794A8F5EB27C50AA011C77D6300B3
:10C63800D56AC74B544BA4D7ABCF9FAF40E86A1F0E
:10C64800B19E3FF51B2959B0FC2BAA64EED01F41BF
:10C65800017B3C1DE79988007F552239DA01FC806F
:10C6680037FA15629BF2539E504876133E81B317F2
:10C67800C9A5D1D5D0B1201ADC6774612E0AFB0098
:10C688003FDC45D6329CB7FCB8FF4244723DC64BEE
:10C698008CF5D4825FBD876A53774C130C0DBE713D
:10C6A8006F2DBC7897153800E8AD9DEAD2B8DF3316
:10C6B80082F682A2E2950AA06D36C0DF150E2660CA
:10C6C800E32C9BF806973F06E4D3B9876D185E0004
:10C6D800BAD97395A9C0BA49D2AEBFA6500E00CA3E
:10C6E800B10EDDC697F7ADDB71AAC45982BB50EF16
:10C6F8006616D12827500B0007D0A8A247EB96D082
:10C708002F148B47884CE76C1926D6F4F577F0057B
:10C71800C6B26DFC566222BA8BE64093A5AC7F0088
:10C728003C936ADE55C31E2B25C25933D1AEA2BE37
:10C738005B7F759A103A3BED6AA68D0EAAC88E9F4C
:10C748004CC2613FC48A3C00754EA418C5357EA40E
:10C75800D914851C61B020268B0EBBE747347D6B4E
:10C76800EAC1AEE37685AC45D933E7386415D6001F
:10C7780086B064A92C91EA8A67058C6F85A8A00405
:10C7880049AD81294F5530CB963BD1FE4A02CB802B
:10C79800111FEC6EB93B520022751B054ACA05B43D
:10C7A80019359490013ECDD29FAF88A98819688D1C
:10C7B800258B61999708393969F56198DEEF1F0073
:10C7C800789311FE7B8B8AF3CA8451B9F3F4FFB0D6
:10C7D800CB851497BC8484AE8A7FAD8DF0C50DA639
:10C7E8002C72B5A863AF01006C78458BDEF660E764
:10C7F80000C725EC3D2F3D7E9E72C7ECFEA36FBCA3
:10C808009D0009CD1523AB7AA323CF3004960600EB
:10C81800EA049159372DEB26D5F9E0AA66244FB5DD
:10C82800EF8156E5F8477FC498E98C9A1C197F82F6
:10C83800C742849F6C3BCD008583FA654708E39E19
:10C8480018E85F56C4502D8ED0F0FFF54A922BBEE3
:10C85800C652F506C0DEA35F194D91F8E42E880094
:10C8680048E3FCF845F1136B7391EA0725E6C061CC
:10C878001764F58A0DBF74B1D7F82E740770B02C01
:10C88800E551BF751C94080041899B2C2A89938E19
:10C89800B303C90A02BEE2EA32C460570C12FE1B97
:10C8A800E984EC150D22C494AF983F30EDA34C00F9
:10C8B8007196D09161E6241786EC5CB37D766DA500
:10C8C80067CF74FBCD9779988E935027ADD50DD946
:10C8D800E43CAA8A82A7A400DDAF8B9B77200A36A6
:10C8E8006B23DA3B6600392388678E78007B32A198
:10C8F800BBC84F296FA0015D6B6D378C28F9E2002A
:10C90800DCB94841FC241002CBE2189E87800EDB7C
:10C918008D197899E5DF9CB6B632570EEBF671C0E3
:10C9280085400294DA861D0073CA2217F5661F2116
:10C93800874034382136555571002A173B9C6CD3F3
:10C94800C8BDA3B17C989195DC7C73E54F7818003D
:10C958007FA769880EA6FC023F0DEB5BF279E74DD5
:10C96800257B99A2D0C6F493AB5F8B335FF37A53E0
:10C97800C3DF50E9B57236006B533A578AC1922724
:10C988002880621BE0658B10E5CB2742317F49C3C5
:10C998005184051E921CDC5B3E56AE4B0C662B0088
:10C9A8000C1419A5329E57CFD1CA16240031210381
:10C9B8007ACE987B04E2B1B29FB717E79650D7EBCF
:10C9C80036E227F9AC5538000BF0F81B916C890F4B
:10C9D800EE84BAB311BB01C01041A0932042190FD5
:10C9E800C60C7D9E6137CE4AB3C7605956A67800FB
:10C9F800A4CD4716BAE5CC347553D3CFAED38E68E1
:10CA080003AA2DF074E5DFC156B379F34797B6ED65
:10CA180007CC2807FE11E7002BB6430F3801362351
:10CA2800A186FAF51BA33DE407875CF3321A9A4204
:10CA380015BE38094E393C170CE04A709B4D54001E
:10CA480088BEF3F1215B87006171A883010C22D1B4
:10CA58000B6EC161556C65408740515E0DB1FF009A
:10CA68007BBE483BB32E1600045CFA0462D98137BA
:10CA7800789EA431CCCF12BBA6248A81F30609F78D
:10CA88007BFFAF83432CAF9B11316ED14B9EBD0012
:10CA98002D5F08AB997C7AB7AA65D9EE6D3757A098
:10CAA8008E47E43FDD3B279072847D0EA83C40EB27
:10CAB800C4CA710461A75C00D49F6E4051E1882507
:10CAC80088B16DE0FC8D2E4669668881C51566C201
:10CAD80009323E18F7E880C45A1AF19D8ABDBD0094
:10CAE800E3AC4BFE0CCECC5956EAA6D9F61B08137C
:10CAF8006423B80285376100BF344D91930700085D
:10CB080089CE32048694FD00956339EC83DACDB181
:10CB18000A29B41A893399DBBE65854C7C91C40512
:10CB2800BBD6F1C064FFD23F8D7011F3629CB70091
:10CB38007ED216D3B983CB5EEF0392AA6AFD87B57E
:10CB48006A0A9511CDA054D0B6DDC555D33967DE34
:10CB580065BEB2018ABCDF0091BD8CF5538E2BF9FE
:10CB68005E10A5A962C3E3C2B0319F6704360229EB
:10CB78006C63E39DB50810664AAC7A26DC69EF0061
:10CB88009A66BDF0FFC53603A579C8B229E747FC08
:10CB9800965E7974D4BDC4416F719F11234CDB78C4
:10CBA80022496B9C38B36400963A928D921840588B
:10CBB80006338C11B7B980050B4D68DDE39334E07B
:10CBC800CEC66F438551CF65D5A9A8B37247BD00BE
:10CBD800BDCC8E6618E42CC9E4CB4400B2F0F592C3
:10CBE800CD61CE3969782D870F313BE41C7E39B68B
:10CBF800AFD654A993C79F00E0FCA6E4C1C16BD986
:10CC0800CCCDFD791343D51889F68CADD10EA90288
:10CC1800B8A3E3D44E45CB2E7D08CE3D73BB8D0023
:10CC280040FD776B65667C4A467469328023BDABEC
:10CC3800B00C42175215C8E70F8306D42874F80BB6
:10CC48002ACA5024F77EE100D1CAA9C8A1F5987C68
:10CC5800473271096271D37FFBFB0B01061533E381
:10CC6800BE324E08A3B3CEC5E29A9BA43306F300A6
:10CC7800C71295911402100F2F0F0B3268D8687CD9
:10CC8800764630E9ACCF7E0C95DC7EC3BBC9CBD9E8
:10CC98006C4CB6F945496900C2F5FF48A96580069C
:10CCA800302303D260B61BCA77F122DC8E2E02062F
:10CCB80089389C87B8D0C7BD2ABA129A227BF60059
:10CCC800321DD71EA1E442F0EAC222E7D6189D8A97
:10CCD80043328F4943A9EEA88D327E1547DB3008D1
:10CCE800161F3651A78DC30026452B3442509EAEE1
:10CCF800CD309FF60D320A2EB6F6BDB39C076E46B0
:10CD0800CF7AE35E23FA8B781C4EB0D5746BCE00D5
:10CD180095318D0EF1FC32A179B626390DB3743BED
:10CD280050991EB033F6F2715CB76EEFDBA0A1B874
:10CD3800D8496685F3129200803EC6901F5829266E
:10CD48007EE68DFF26332106DDEC107C45D86A127D
:10CD58009900934A8200DD84B7787C202F58C70059
:10CD6800F023A1E3E1981F6663BA9C203F7D967487
:10CD78008A6BBC296E940265DA88D7B3E32CD3B9E1
:10CD8800C4A29425DADF12002A1499E5C7A7421035
:10CD9800A74DF219EE17281D3A33A237B6D75D38DA
:10CDA8007A4B81067D212538F26728927D6F5F00D6
:10CDB800EB16A69B32F50CEB1A0378277693CC8CEE
:10CDC80030BF6C004A43C10C6D91B4C68D23C203B9
:10CDD800F0058216F6AEC3001EB18FBBA02118EC79
:10CDE8003F5E261FD51203DE340F8761551E99AEAC
:10CDF800BEF36F5A6BB7252A5FB47906442A0F0031
:10CE08008B048B7B5D31043A978C68AF8A901C1237
:10CE18006F99DAF01D0C951ED45EF7AD703779C79F
:10CE2800694F4156C120290083531906040DD9FBC7
:10CE38002323F549351381E63A9B0E7AC15613959B
:10CE480048092FB2E5F6BFEBD62BB40C66F1CB0040
:10CE5800C5F8742ED6E1DBAB366A54B5596105AC1A
:10CE68002AEF44BC85968898CD6807F723A47F9D50
:10CE780041A6084A887A1B0028F8AC324BB15A06FA
:10CE8800D44E759DF85554C8598572EC8BFE2430E4
:10CE980017612CEBDAAAC39D98A545997A949A0054
:10CEA8004809A8B1D822F383C2D28E220113FEE129
:10CEB800B7E896E8CB344C73C13F4D510A809309CB
:10CEC8006B64754DE6A4280047EADD1F904A9CCBA9
:10CED800A21DEEAAB5686D4DDFAB6449F43359382D
:10CEE800C3C351321DBDD994D74B2304DB6A450017
:10CEF800606FD04EFA5818A45067816CA8D0FC74A3
:10CF08004E140C2D61C7F04512ACE4667589FB859B
:10CF1800B496B06A61E6C9006B6604AD1A7A0881F6
:10CF2800DCE71F2AF726DA5B0B0D5AC141EC6D4589
:10CF38008B619A807973135D10CCED8B450EA3003D
:10CF4800E0BB412AC1F568A5F74F0AB35BFED68B53
:10CF580010DF17661448739E882B80FB23F2028A21
:10CF6800F32D88EDBF09D2000655F577E3FE7BFD6A
:10CF7800E29EDFCD053E358219F5E19281DEEE05B0
:10CF880052ED1C7405F3146BD50D13117FDCF400FE
:10CF980003D06A35D529703578DACAC7AB072C9C17
:10CFA800097CFF417E024DA3FFFC0718029B12CBB0
:10CFB800ADFC2A4B22947A00BAF9E776EC0F0C986C
:10CFC800637011C1C001EA41725455BFE34AC2D02F
:10CFD8008D16B9D60263C6C5B0DB556487729C004E
:10CFE800A8A65321FBA58DFC2629FE17D7849DD71B
:10CFF8002E584530CA6BAA6C63DD566FAD95403F1D
:10D008007AB75C7BC41E0300CD5BAD1459CF57EAD9
:10D0180014AAEAA4A5A776C9689DC6CA87456F3031
:10D02800C9CB873D4A832D7732C2A17AD7B0940005
:10D0380005BE3D2F8AEE67B34B4EFF05386383E983
:10D04800047B889DD3A0402AF9C7717BB17D44F940
:10D05800DD2769E5FBD4F200F34279E3C916C5EE92
:10D0680033C155CF11979801B2FFD61A1F0F18B8C0
:10D0780031CEFA8CDC9AA96B656AE2BA0C0DB8005D
:10D088003928045CE8A88CF4302D34137051CE355F
:10D09800D6F6E969752DCB8F5198A9E110F36AD9B5
:10D0A8000F951D776B737400ACB88C8B37E4658172
:10D0B800D53CFE8A90C4F2CA839EB68CA49284861C
:10D0C8005056BE1784BF6E3CA902F48777C99300F7
:10D0D8005EF6C082B91695FF260AEDBC4FE7A5B1EA
:10D0E8008568A84B3E0C8F2C8A0585B48283B8735B
:10D0F8002FEABB2E3BDF81003B7E6D881AD8B983AF
:10D10800E0E04C27CC905C7120352F51A69DA551AD
:10D11800EA9600AA02915792DE8383B07590E800E0
:10D12800E56CC3020D56DF5558F7E0BB808D3E2EE7
:10D138001E64D5EEE7F27C5EF22EFE0E10DCEBE20A
:10D14800198DC5F4F6C1EB00D59BA74BFEFF80D126
:10D158002ABA51432B9D5B730112F91CB51BECCF06
:10D16800FECA89BECD895696EC58DD70357D3300F0
:10D17800B4938C5A7EE0710B404618EEB77D181CAC
:10D18800EEAD84B5E97D034BE7A1AB562DCF9A1BD5
:10D19800F893290D227D4200AE88D72C528191C682
:10D1A80085804DF9A5417945E14142A93E89D19A49
:10D1B8002B85E24C616E31F83E337B2AEAD3A1001D
:10D1C800D7759BC7A1EE584DFDCC62552A1AB209F6
:10D1D800E660862D9342D8B2C115D6569598420678
:10D1E800B0CB822F2AA5EC00E925F2D5F8FEE17D27
:10D1F8004844C3A31C2B726D8821BBA7F9C625B36D
:10D20800B6C4FA5D45A1600DE9B105108A42400037
:10D21800DCD54AB7CA02CC199CEC97381213CFEA6E
:10D2280004C3C99DF5DBB3E55E1D4FAE560C9A17D6
:10D2380087DF3FC255EF4900502EF6343806E89D87
:10D2480068325A33D25AEBA6556251809D5A1B3226
:10D25800D0BB3841AABC9C80525368898827CA0031
:10D26800C486E6CA61F031CFA9A62289B51FF8F1B4
:10D27800406EBB04A8B03D4D683C8210399726002B
:10D288003C7D0C7CD5A1F200DF8115CD3C01AD348D
:10D29800C7E2A04F498CDBFFFCCE8BA1BFD604654B
:10D2A8000BCAA063A83A3BC8DAD088542CFF6400A4
:10D2B800F67C6F6D9013E5910A26629B0E44CDAD06
:10D2C80058B682DD34C58F889D83731AA747CFEB84
:10D2D800B153758C1AD0E900195E2057780C3B9A27
:10D2E80097B0725D0A9E2D2901FB7A4FAB648F724D
:10D2F800773AE51DF86812E8BD76CEB2FD6B0900F5
:10D30800CE47853129553DB1828DDED5F11501C055
:10D318003C54471CC8FCDE8C2DA3822111F6A64B79
:10D3280017C4B3B5BDF90E000A7BCEBB4E1C9AF1EB
:10D338005EC4E7E50EED208CE5FFCD87A0DA265E1A
:10D348005D88579C3222CC39588DFD1A239EA20045
:10D3580083581C6144C3BD95948145307D671F1F68
:10D368002B19039BA06EDBE352E1D6FD422D0DC1C4
:10D37800DABBB6625451AD00CBBB15C2DFF703640C
:10D38800BF0E9FB357AFFAB736EF28C2274CBD8DF3
:10D3980088F063F60C56795551743F37C638D0007B
:10D3A80016F83674396D23977E20EAC0945FE853E7
:10D3B800B1B29543D37E05C013DA5061A1EEB464CF
:10D3C800E8C11D14BC1C7F00906D949F2B2363380B
:10D3D800AE222B79AF93A9D4483E8D5CFC95D6D666
:10D3E8007F13025E00D3401EFBAEFF29340BDE0024
:10D3F800A3CF602B0746D13396677F6C754C551CBD
:10D40800CD03A8C2F9AFA49EEB48001974986539FA
:10D41800BAE64CF28EEB920084FBD10397D8F7A8BA
:10D428000E909EE507DDA4E8B00579261A6184D13F
:10D438008AA8D3C496DF0E1F48571872065EDF000D
:10D44800E2200495D52A2D47124F4D9532F870A049
:10D458004A1F37B3E6D1B1C6241CAD98658D84E266
:10D468006EBC43E5B0114F00EA72A39F1437BF1397
:10D4780026EB84E3A8F66336297DCAEF1AFE5F5AC5
:10D48800739265F28BA35D4717CFCEBE0B24CE00F7
:10D49800BC48A350570E0F789F6DE8CF690C8DCA12
:10D4A80061AF4370650F2095684C82CDD7C384392E
:10D4B800D7A8245FAEDAF800ABEDA9D7FB8BDB3732
:10D4C800130CB4A2FB3578D716EA5F0EEC01884737
:10D4D80023F3F03BC6E9DB207384006A9C347E00AA
:10D4E80027A3F04EBD05D8E04D4F3B4EF7B2A7CD70
:10D4F800A3541CE733008E840895A55889B373D3C9
:10D50800D350CDEA6F396500D205245F4894A01145
:10D51800CC2A56560E24E4A5A6CD91839E45BBC4BD
:10D528007B1570F212C7030563140AB9CAAD9300DC
:10D53800C43293E3A730F1649EEB5F9BD3BD4EAD3D
:10D54800DA2ADADDD9DD572DA1670DE1DEFA5FB2FF
:10D5580058D9B7E7E2393E00F4E5F320A38D230E4E
:10D568004C3BAAFCA4839EB444FE92CC12D9C85B5F
:10D57800BB2186478FDDF00AFCF43B0E4E21DF000D
:10D58800060C0A1F0D1BB6E3C6BDF80BE1251FE00C
:10D598001555B2A1721DFFA9BABF1D4DE566FF362C
:10D5A8005CE75AE9CB960100FD5B8C4188C56A248B
:10D5B800AB7379A7557FBC6F0137CCCD35E73E609B
:10D5C80070C0481CE1D2FFF3ADCAB060A48D44001E
:10D5D800F8BECA7C47CA3CCE5E82C3036D7FCAA12F
:10D5E800CA31276C96E3B96906CE3D516E22231DD8
:10D5F800C458D1EB6E114B004B6AC566485211D521
:10D608004ECF3726C4BB970CC8360B4289B8CEC953
:10D61800D27E07749ABCB886B808AD3857836100C3
:10D6280093E5FD4A061ADC670D5028FF2710FD70A8
:10D6380041819B7DCEBFFCEFA77DC7C19681D35C9E
:10D64800CA881A7CD4D56700E27601266242B6A859
:10D6580063FDDDBC07799D15E2702F28A27FBCB75A
:10D66800213623346A9AA3D323415460BD01B00004
:10D67800932D1FA380A39FA23B39BF1E84739EB323
:10D688008DBA33A24F1879229251282DBD610D7A97
:10D698003CA504112A06EB00EBD8FC0BB985B313A3
:10D6A8000C163B76586F564DB20EF595D1596E8AC9
:10D6B8001B74653CAC67EFD4BD3BF191CD376F006F
:10D6C800FB603CABAEA7DE2DA9463A020ADB104E42
:10D6D800DDA730ADA297B39661E42FBDA90BFE3B41
:10D6E800C6D716B16F5936007C0880DB088BDB2A59
:10D6F8009F314E1B3151D16E53B247D9BE29B71451
:10D708005B57884818B58D0465C6377EB6738800A0
:10D7180018F4B63FEE3620692B8E9FC4161F9FF370
:10D72800518DC7872E0C5D0C376B92F3702D84D505
:10D738008D81D84BDCD6E10065D2F35102B4D64DC9
:10D7480081AD61DBCF9C1D0F67AD7383AC80AC30BE
:10D75800072C1DDC037C56E7A38AD1F281322C000A
:10D768002B63AB3050ABE25C1F5EC717819B1C0E6E
:10D77800FB594ED7279362D4BF106F4B548DF86C6A
:10D78800193E25F2A8E2AC0019BA31E6B1E8CD821B
:10D7980039CF0D3D50C5C867EE945A4BC2BC69E1FC
:10D7A8003C9F76854D0E463A212C212B6C169F0006
:10D7B800865D96DE6A28722CCFF9C23BAAC55A1F2D
:10D7C800C36DB2CE571310B33EE2D2513706A751FC
:10D7D8005806939F938E4E002BA539CE8A22096D49
:10D7E80041FD482CEEC87EE9073BA0DDFF7FCB1743
:10D7F8008DA131061921D9614E6D2026C2B81900B4
:10D8080008344D0F519B574B7032F4AB5BFAA3BEF3
:10D818003636E738D933E1AA62364527EFD7637D34
:10D8280018B109DB1A891900C7B2A04EDBB9CAD6EC
:10D838008687914AAC832FA6A43896B4F170A61FA8
:10D8480087E0661F15D0A5C342AC54E2384B6F0081
:10D858009206BD945F07020297CE2694C96C766142
:10D868005E44A380C15B29B1443E5E1869056350DC
:10D87800473694ADF5818400EF159F42124E16E6A7
:10D88800781421611441E1C77A5A6CBA9BF230FBD3
:10D89800DEF62E4381431AE98E2C6544FAAB2E003E
:10D8A800BF4B2A8697D1831A9F1F20B7C665055F8D
:10D8B800516E4EFD351CF8B5EA2249440242915892
:10D8C8002CA0057A69FB64007E8333B11C4BF4EA13
:10D8D800970EB54006CBDC3451D69860666FD62AD1
:10D8E800DA29EC4F0B3253EDF0723388EC6DD1002E
:10D8F80079A61E6299E0AE57F53DAB256563BDCBB1
:10D90800E9EF8E40B73B495BAB0086F4AD3E467D00
:10D91800A0D1DDC724DA3A0075EBBF581C17DD43E8
:10D9280061AC5F45B4E551CA4858E3B80BD529C680
:10D93800A6B0612DD8B009EB18747E6040665E0011
:10D948001AB29E4760DD1E57B2669412616A8681DC
:10D958000827468327416ADB5B6E1544D7A1FB780D
:10D968007CBA2DF621D2DC00CAD6F33A15182AE47F
:10D97800C6917B325CA797ECD5CADAFE34B8176932
:10D98800A3E4B3DE6DC7F0F27656E7AD77A12200C7
:10D9980052DBF4166525FFD67A4AE454749340C8DE
:10D9A800A279CA6522E9ED4422BD6ACA821F7810AD
:10D9B80068F79E1B69FB7100FAF81811113E20F5F3
:10D9C8007B1AA894FF292EA32E2D91B5E76F26ACBC
:10D9D80002AFD4EFDFABB6093A0FB0EFB85BD600B1
:10D9E800B51281CF3DB2CE65490A991F8AFF4EE92B
:10D9F8003B97C0465986CE4BFDC949E3D2ED6FC26D
:10DA080057B6A45E2B1FD700F67F2E08C823EC510B
:10DA18006FA7D084587C631A47BFF275D83A2DE6B1
:10DA280004C38CA0B63C62DE27387B1922A43100DF
:10DA3800C21378D59C118B4A1802F6405C5EB63644
:10DA48009C720E74CD2C7D3BA20950187DE8860F80
:10DA580003AF854712789F00B93C1BF070462AE552
:10DA6800C8EF6B6870995E1B22A06D30536722C5A2
:10DA7800C86DD7E6D98EF376E83059FB10835A0083
:10DA8800D68C04D9EBC130F73A732C6BEA1CA6B2DA
:10DA9800706961935711247FA4A7482D3D71B1DAAD
:10DAA800677037B56B679E008A1D2DBBE4B015E61D
:10DAB80050C56FDF79CE927DC46FB8E85BCD3E600C
:10DAC800F00C9CF0C3664B973F49CE79DC3859007F
:10DAD800518A0EEB80029EC6B98C9CD5C719E959AC
:10DAE80074F0D2D9228F4E80B2BE01AC0106F28406
:10DAF800C1E69F5F70F4F000CCBF65C2C620B86372
:10DB080080A744C95B643D9D7464C64B97D0F817E1
:10DB1800ED7F764FE7DD189E6E6E0B549FCE2B007F
:10DB280024D73FA7C6A9C211394F7B78F6A3EEECDC
:10DB38007574F200B90475262A46225466C6ED09A2
:10DB4800EC1455D9093B0D00E17D8BA6FC8ACF7FEB
:10DB5800C97E6CF6485C7392211A6C325C58F10AE3
:10DB68002824F68142E1D029440831A94A34C40066
:10DB7800F2E4BCA8681914FA0BC129D341DAB471CC
:10DB8800997EBAF432A2AE6D30A7492B51BFE9E0B5
:10DB9800FDA727630FC258006D26C9D6691B4751D8
:10DBA800A25B643478041A6C7230A1B6917458017F
:10DBB80096FE48740B07FFEDAE3F8F95812E43000C
:10DBC800FC92E5756BE0699AC6ACC8BE48161DB1F3
:10DBD800AAF7511802F347AE1AA8C704CCAE6423BB
:10DBE800D0E46299B891E9008EC1820B9C46D52198
:10DBF800C4213A0C930A7BE93DFDD964A56E409592
:10DC0800BC9B090CE9A94093EB6E3D0F03D341007F
:10DC18006581EAE347BE264C38EA693014FDC0E363
:10DC2800F3BF49B809A785484C332E7905C60328A0
:10DC3800462028229744EE00172BDE59F70503A14A
:10DC480071B84C0954F76761E49A7BFD28302B3B87
:10DC5800B3BC442238239B5BEDF220CC5B10BC00A4
:10DC680069B175F1F7C0B30B75BD15816E2C3C8E8B
:10DC7800BC6F06266F8FAE69AAF23058A78E86B1A0
:10DC880055AAD4C84FEC6100E329FE35ABB3A7B35E
:10DC98009EBDA0EB7487D62A50E589E2B37F5B94DA
:10DCA8003F4F004F0CB4A6DD3B23333850D51B0043
:10DCB800839584DB31B0D7C21147C3E687E81D647A
:10DCC800B62FF418B79B8689B54A6C0807B48AD46E
:10DCD8001CB800B271A09500BB5867DD184C2B8D9D
:10DCE8006DD2169A35E768DFBC0E643C140E6C6082
:10DCF800CD27A29DA1793E1C6F26CB09946F4B00BE
:10DD0800CB7D08897D81A4AFE9194AA6A96BFE9647
:10DD180036ACC989FAB50CA7A6442A263891E87CFE
:10DD2800239B84D6C6CF1A00F8CC15E97F472E80EE
:10DD3800C6733148B665680D7E19DBC44A0FA4A3C3
:10DD4800E43F142A656BBDBB9EFA656F75057000CC
:10DD58002679BFBF701FAFA8C67F5C7ECB75C0DABF
:10DD6800482D84E0BDF64604750BB7BD199FCB97C7
:10DD7800709B8E6EB4F81900426275BD337FF7DC74
:10DD8800E1828294D8017AC60B07A7EACD94702560
:10DD980054C3391BABAB670E2D5A32623C70DA00A4
:10DDA800BA0D5ED8400BBA8FBBE6079B70D5A0B002
:10DDB8008D2284A8B6C0B9E3453EA10C1ACA5228E0
:10DDC80002F67ACD68D3D900D3AC85E5C19711C2E4
:10DDD8000B2E911263F55E2222279BDF53DA301A4D
:10DDE80062A4698EA2DD74DE0FE79D593964830051
:10DDF800BC43B1117E5B08DB16482CD415A1B98051
:10DE0800F8850513E364B0594FCFB35AF4776741E7
:10DE180081FB0E02F7974900869CA3D0678A463B90
:10DE2800241098CA0184936133BD529A8EB36FC28D
:10DE3800F0CC5BB2A764CFE727DFC40237EB17004B
:10DE48004125CE47F62DCB3E78B5C0309D31A37B1A
:10DE5800B5B3F580EE20EEF89ED765B5925B24AF9A
:10DE680083695EEFA4B7B900E565C61F1558345D30
:10DE7800FDED3FDA3CE7ECEADC3D08C34AFD0D1452
:10DE8800BE03D19C74CB4FFA7D6A24DF9B4A8E0077
:10DE98004F7741BAC3D7FC7345FAC8D0C18206434D
:10DEA8008778C32482BA66381E870167162F2F9990
:10DEB800F399A2276C2894004C52D5AE948E35CC99
:10DEC800AA9E94DDEA56191595ABD65723A212ECF3
:10DED800FCD8E1BFDD6C426DCDF2234690A55B0016
:10DEE800A5DBAB8F2F0D9E315031A2B483CB24BA62
:10DEF800C95981B317EB5D60F75894F99719CE8A21
:10DF080076FC6E9650D93600AB263A349C22A57D15
:10DF1800A23C6A26D66D84A02A0DB4E8F2784DE1B9
:10DF280032D4FA8C77B2EC4D506CA711DB638D00BC
:10DF38005D98243415B853F8BF22CBD5CE05C7E079
:10DF48002E87437DDFE2E9C9BE51D3E42F29D95B8F
:10DF580094C79229032A97007AEAE8EA96485C79F6
:10DF68001975B70B2ABB3CC98D815D8EE58C69E0BC
:10DF78006D23AE95A8BA5FE9E884A075256FDF0028
:10DF88001FDF6DFE6A5D72D91E7698D2028D6AE92E
:10DF9800C693C883061988011E401A8D1E96741BE5
:10DFA8000B46149F0956D3008F8660EB8118DB342B
:10DFB8008F9D3E83E0330574B7101DE1389F62A141
:10DFC800722E9E214E47958357D643E8622F000054
:10DFD800D01BD13FEC5B11E6B58395CF8AC86502AB
:10DFE800C9F8177F6A09CCF919D944C17C530F467F
:10DFF8001A2112AE888944005C748D4FECD5A408B0
:10E0080002CF0B7301C85A76E5DC216D85D47FBF3A
:10E018005F6FF7493FC0A68639BCF6C6617D5A00D6
:10E028006CE2551C73898145E3487D1BFC105B2419
:10E038002A39CD2F0137B78793F2D4D33C2BAD6A59
:10E04800B1CA3BCC5E4C770055BCBC444DBE910375
:10E05800B9F100E5590EC5C083D4E280E12371A669
:10E06800383679521797E04C79F1BBF633EF3F0019
:10E07800268AC9F1B0121783A67F783B1BF3A2B694
:10E088006545BB258DFBCFE0BE8A7CA8AA86F147F3
:10E09800B841769FAEE76D00060ED2CCCC4E156225
:10E0A800A785A613BD9026780C8FC02204AEF9D69A
:10E0B8009788CDF1964F9906FE3110EE09B5D2003A
:10E0C800F1FB4E3572BD882401089CE8F7A231C7E0
:10E0D8001310D191DD576D647CEBC86DA10A41C75F
:10E0E80047B4C4403BFF9000DEE5AB8EC86D5204D8
:10E0F800DDD5D4F19F4978EFC5BC3E3A1FBA7C659F
:10E108001CF500D3E47CAAAB0D4BDE22A783F700F5
:10E118001BB271751A9C99353F121B8BDE8226FE45
:10E12800EBA06018C9A60B202E9D0D48356D5A7EB0
:10E1380017F39B08C2713A0026C097BF649602C0C5
:10E14800777FD7226AF253C72C4A8E1C4BF7452A91
:10E158003AB4656FEC63F1927370768577471A006D
:10E168007B5490A51596384064812C99D3A9BC138B
:10E17800C2C734EE676A397C357F3C73F4CB2CBC5C
:10E18800F01F5124339A6E00E57BE94CF0D53DEC45
:10E198003304E7AE5B6EEBBC7F55E392A1570BAA45
:10E1A800BD9E0F5A6ED4374888A6968605DB900028
:10E1B800EBBFC74403CC57DFBC37219405DC5BE6D3
:10E1C800ADAAC519024CCBAB980B74C4D92F3BFC34
:10E1D800D431AEF8D344AC002A40BE651F531C0DA1
:10E1E800284FAD3DBDBCB26C2AC1D06CB3BC34FB6A
:10E1F8007555DC311B9822C4BC6B350658F3EF000B
:10E208007F2CC7296DBCD225B034CDFD1497E6E725
:10E21800675EFBE6C98E3B463C91D940E176735474
:10E22800B16A2ACA53C2860010F8C03AF32EF0A188
:10E2380028FB24221709D9045B6B0E03B9E7EE1DEE
:10E24800B6AA4B143B6D3092C08141F26C42440037
:10E258005A9F8AD7E606B9DCB7550E1E098EA286E4
:10E26800987F92A1A0CBD3DAFF46E61843646E07E5
:10E278003A08F8FCE85819007DCFF845330913141B
:10E28800C8C5B221CB16E22FE68F32A8CBA83B4DEA
:10E298005D422B6A5D184382A650D1C6F6E1BF00E5
:10E2A8006EAB9649563C8055C8140B9FA3F2C7AD78
:10E2B80063EC455D2DB6F12334B823220BA21C94E0
:10E2C800E6C81CB681599A00A5578D331A855C009B
:10E2D80095FB7A0AF5EACA8C30D1AE84E2A309AB81
:10E2E800B48879C6B9C08323DADD4DB41497C20067
:10E2F80054DEA429CBB3F888B49EEDB83816E7509D
:10E308001BE06DD37DC348C471DE4766E42CCB3671
:10E318002AFCD4DEA58CD70070FCE40D01301999D5
:10E328005115E6796DACF3DEDBE90514770A804E0A
:10E3380056F11235824A24823CD299A1696362005F
:10E3480098CF0F6DFDC8052C9788FE7613A73A481D
:10E358006D7E2DAFF1BAB354D4299DBDFD977528B4
:10E36800BD8763AA08A7F6004360031B919C330C82
:10E37800C6208DBF0961B65514E0EFFBDF348B2949
:10E388007A1F7891FA7AF3313E23F2252F4B2F002A
:10E39800B3CB9A6CC3383E61494D01A9F0BCD51680
:10E3A80045E8A74C6279907616DBE299EE6FA63FB6
:10E3B8000D43426CFF856200B1851A7DE52F3F75DC
:10E3C800673B3E535EFC738C9F15E21C2D903DA26B
:10E3D80050398EED51475A5B59BE4EE85E120A001D
:10E3E800E4583141ECBD8605CA0D64BFA225074635
:10E3F8007DC84F37C07DB46E2A0B395B48E945D8D4
:10E40800F0B89CE3EAA81800CE10C5E0FEA9F0CC4D
:10E41800E5E5A8CDBFF4180FE368204BC8863BB9E3
:10E428006A32F3D606B6DB55F8260532EADD000077
:10E4380053BA84C71A5E149F7C90ED6B8DA9443043
:10E4480027D041B040A582814A07980DE5A95120FF
:10E4580034050CB3089FF800340C39A5C5C4EE7612
:10E46800F2E559D95B1B50A5F834F85A8913E0FC3A
:10E47800FC8976F7267F2B289C2B44AD6D6DFD001B
:10E48800935124417C06CF9C28B3CBB7145C6C0D08
:10E49800B4418A51A4D32197CEE9D3710F5432B530
:10E4A8003E2E366E8E2C41005FF4E085C9AAD784D3
:10E4B800126600F3D22388D672716585364E5042B3
:10E4C80032D69E6CA284F1E3CF761AB4235D2C0079
:10E4D800BB196E47212901175D52D5DF1F110A1D8F
:10E4E80033AF26CB9D13373571D11B019CF4602ABD
:10E4F8008B8FE30D61FA3D005146380D1E0F6643C0
:10E5080025978706404E14AA2985E6ADF3EFF35107
:10E518008F2BF29552F99C7E6C5E127CA61100003E
:10E5280063410D4D9ED05C70C5A17769F81C85F7D5
:10E5380049459E6621ADA8B1DA725879FA94E91670
:10E5480016EFCDE95B201800184DE7A2A06BFB562B
:10E558006152778B1632A967FB1273DC7068998950
:10E568000E336E7B9AC961EC894F21E09218FF0047
:10E5780098153DAAB4B8464019FCF63FE0EF79F18A
:10E58800FB3E69B2C88A4B216B3A3546A3FE1F7D14
:10E59800DE8E9FEA5EFA8C00B3AA21B130F0717466
:10E5A800A0396504D655D4E69E44A44F5F5514FAA5
:10E5B8008023D659C1D95A08C45127EA2D07C90062
:10E5C8004CAFEC71EC7A03E66F0B5C270B54F069E7
:10E5D800A37910441850261EF32C514A25F26A8C50
:10E5E8002471B787E23D220009005BA2E0AA60BD62
:10E5F800655608FF77873D6319F6D304E097EC90DA
:10E6080036195E92EBC29FA9FCC4B80CC9BE9B0028
:10E6180080E2B3E5DA08C91C5C3417AFE4E51B5F98
:10E628006A14163159D724142B76E53F3050165CFE
:10E638006454DD9AF99802000B293743463FCE927D
:10E64800A07B4B09F5C2172820E880F973422731CF
:10E65800C9026B5D95F578B7D3B0197C5B5BA200F6
:10E66800C4E64F6532429E722D71EBABBCE32DC3FD
:10E67800953B4B6ED96BD6233F7DC88A2B5EE6420D
:10E68800A9D4E57CEE9A96004BC1FDAC68181DED47
:10E69800822D20C4B10511ECFDC1FB4DC7DD193930
:10E6A8007F5A6C63D1D6FCBAAE7C9474051209000B
:10E6B800526B44FE474B1034B50AD26FE59450B7FD
:10E6C80030B603A82300B7C0A398E101B4A3DC6D5A
:10E6D80005605444B5469300AFA1C64C541B3F6730
:10E6E80057E38B2881C1214D132334404500D9833A
:10E6F8009A6C9BA4E93C7FE4D5C3DD27A882CB00B4
:10E70800ADE439096BF3C0915857F29F14729C8796
:10E718007F8F7FB32AAA9EAFE27B931FD0608B15B1
:10E72800071CEA71D6DC13005BB0FE010B540CE148
:10E738003EBA0AF0DBD5469DD0B83CD22E298FBE12
:10E7480030A7C282FF36C470FC160592AE191F00AE
:10E7580066080B6D7410E35C7450E8B6531BA2870F
:10E768009BAD9C1A6479FA6273153F840BF0D36BE6
:10E77800B42699D445446900541921DED001BAC998
:10E78800B3E931B30644C3610AF556A1F107763DF2
:10E79800A2650FB6F74752F1FE0531DE76E8C500EF
:10E7A800332D3B7B3D77679837B0CB05145AABA127
:10E7B80014579B064DAE2E1BE317C5F0DC4ED2BA9C
:10E7C800E0E5B32021E15800DDC584FC7DC0DED53D
:10E7D800F7ABF5645EE9A5AF640B4B6684DB15DD2A
:10E7E800AD8680A22C528D60A429B7E3D7997D000D
:10E7F800F222C44A041641B5BAE2CF8DB84F720569
:10E80800E18635C99F2CA456B32555D7553396FEB6
:10E81800D488B4A4F4FB73006A94A781AF853E92B0
:10E82800F72BA9C985D064722D64D032558336057B
:10E838004BD7CC2D8E18A654F19F16722B6C8A00DC
:10E84800BF87B76B660D77B49C7C0AF72AB396FF2F
:10E8580021E39DFD5865EC75A305D35CBC54F0F32A
:10E86800A09D1532B7D9C8001B6740C14A7E547AAB
:10E878006AEA5ED005C701615156E26E6B04DC6E30
:10E88800E66A8022443794933723BE619A250100B3
:10E89800E6BDCED7B5BAB3A2395913AB9B7FAD69E4
:10E8A800FB7311233C3DFC75F1222613C9DECDB95B
:10E8B8001D8810C53217580017BC442AE8686BB683
:10E8C800B673E5438642C154A8479C43A06C68BA16
:10E8D800F4E0512E35A24F23CAD56318B4145F0053
:10E8E80011C54F7A15510A486B07CC64EBCA37D467
:10E8F8006E94786791DC0ED9EB44B162F6A9EFEE1D
:10E90800B2867AF0D2804900DDD48A2EBF63BF7503
:10E918005803427D2136488089CD2E17405830242F
:10E928005EE956A668A32AC1F362EA7E65C46D0053
:10E938001CF3629EEF8847E47CF036C22AA1343883
:10E94800D9A9B6CE87ECBB693060347816C19A066F
:10E9580054293F9EE5400B00A20567DDA01B72A568
:10E9680010790C47A35199641FC45149B36D307590
:10E97800AD6866DB75CD281FC6FFE6802E462700EA
:10E98800B16F72540D135EF4F4E9AFFDE94B93E3F4
:10E99800B2519D2F2BA3204F9CDBBAEC5D9532D84A
:10E9A80095CD14ACBB775D00432D6E5535E4B8A802
:10E9B800B36CF9B89EAA39ECA27052E200A5F23005
:10E9C8006591A5B401849454C94CCBF0F492CD0060
:10E9D800D908DD7B7DE151A339823D31BE28EEA601
:10E9E800E6A86223DCEE03CA79339B2F7AB2DF975D
:10E9F800DE89A8568B5EA60014A243ACDAC8D19F64
:10EA08002F1729EC63E9DEDFB505BABBF7D0445907
:10EA18002A402E5193A7BA2598874BB479C2FE0095
:10EA280078DE36A60AE2BC23DEAFA24145C38C01DC
:10EA3800EE7C07C4F1CEE8C466957D21D4F6F26D6C
:10EA4800F1C07E139FF46900685AA1FF731FEAACF6
:10EA5800F9844DC055210D59A96FC7040FFEC7751C
:10EA6800A38BAB56C17E4C7DD4F9C7C76321500038
:10EA78005DD8BDB1BB2595ACEA38163DEE7E6E88F3
:10EA88003D1E64F900FBED1C1AD51525498E197633
:10EA98008F6DBA320F1162005BBA0AAD7F394C94A0
:10EAA8002A104A144B371C437993FC1B41E5EFA706
:10EAB80042F372C61B6A26AAEEFDE71D3DAC77003D
:10EAC800749207139AA9C0C5B5A93A883BE5547151
:10EAD800C9B069B6D7DC6B026CDB2944B0CF97426A
:10EAE80093FE8324D7DEAF003349FC7B286D07559E
:10EAF800D307D9F300D0EDFAAFC5BBB8CF3B77B099
:10EB0800D2AB92DE9C27C9CDA85203EEB6320F00D5
:10EB180073E101C2FCD998DF7FB920D560E4962E55
:10EB28006D0726616F3F6B0556D814708A032C9EBB
:10EB380045DF0FFD1FC594007BA8527217DA1345F5
:10EB48008BC6FFAEDA88CEA2B0962E7788E8A2B23E
:10EB5800DBB32B7B74684BF40901C4CD3D523700FD
:10EB68008F474605B939878027882872A46E344AAA
:10EB78003345FBA086453872720DC060B9DE8771D7
:10EB880008EC20993BF637007D30122E5A61165D4D
:10EB9800065E5E1F176C42A2CCBC9185447D311283
:10EBA800B49C8B0061C948199872E7837970810019
:10EBB800559918DE5BE849B8D50814ABE7DA78024E
:10EBC800062FFAE03D6360AC3B86712D21C5CFB5B9
:10EBD8007256E3E304F55C006B90B215861AE255B1
:10EBE800BE38D53BCC69846CC7536ED40865947F16
:10EBF80067021A53CD4BFC21E9C53316FD680400A2
:10EC08002BBEA95190C8BCBCEBA145D29BB4EBA1CB
:10EC1800E10B7C966AB1934EC06CE203282B31EA73
:10EC2800DABDE35522C81800198EDED62CFD343320
:10EC3800A998A018429851560A182448A10F4ACFFB
:10EC4800E1271EF8FA0F1A2939DCFB46F322F600F1
:10EC5800D3215A25C6412AB8F44A04AABA2DAC15BC
:10EC68000A621EACD6B2460392A8F85EED4D57C4B0
:10EC7800650BCBE580192700B1A39ABCE381F1A904
:10EC88003F1591FA11F7B5431F38682BAF3766DA8D
:10EC98007E0EAD0EA3AD379F8482942F1AD9DC0067
:10ECA8002DE568107279B4135D278DE0C92DC37303
:10ECB8000D63587FB56B99E849BC18BCFAD00E9221
:10ECC800ACCF847C74E2D500C162E6FAB2AA25B55D
:10ECD8006C7B56A528751419EAD39FD4FF197AD3EB
:10ECE8009F2068774FEDE6809EDAA50C87EFB60087
:10ECF800EFB1E3C057802F75E0AC08D18B821CC8F8
:10ED080076362604265DE14228F877A1B00F006226
:10ED18007A07BC8F03997000CB35211EA6E8BF4245
:10ED2800AF227D5FECB18956252308D5D1748F5465
:10ED38002EBD97C55B989400D120CEF0AA7F2A00FB
:10ED48004F2B38FAFBC7F9B28CA7F9F18C621D5327
:10ED58004E6C5C6A68ACB9AF54AF33ED4E5F4AC3D2
:10ED68002F5A413BC3CC040019BB2FDC6AAD9D650B
:10ED7800ED91E48870D69812E8FC3080C0777E9BCD
:10ED8800093DA8D74E39E1B0056B8B108DC1CE0077
:10ED98005400227A8DDCDA11ED6E3D953135EFA6FF
:10EDA800146629898844EB140AF8FFD7D783023DF3
:10EDB8007A273027D41C8400436E98351E9DB5F8F9
:10EDC8000683A2A78854D05E2528D876ED8543FF10
:10EDD800A839F14F4A19D0EC1DAF229BFCFD220047
:10EDE80002431896D9AF6A668803C35991BCC636E0
:10EDF800B38453921E1C6805A30D74CE68233FDFAD
:10EE0800928AEE22DBB74D0061F76257ABFB46AB47
:10EE18004BFCC713538C940E62A359BFEA132E6C94
:10EE28000EE53B62EE921E6338D3601EF48D6100DE
:10EE3800D50CBC8F844D6EBBDDEDC54DE43E22C9BB
:10EE4800627BC7EDEC2C8383D5E3A8C6FB395C3322
:10EE580023B3DC12155FB3003D166942CB8A3A54DE
:10EE680039DD701C040C81ECD3C579AFD198F30C53
:10EE78003FB16CDF0843F3C523BF154751D50600E2
:10EE8800BFFD72214ECA3B8CAE85E94FF0322BF59F
:10EE98008BC11A914D506B5391594AD1C0DA493CF4
:10EEA8001838EDBA280A2A00D78FEFB08395250BBA
:10EEB800462407D550FD0960CEABF35EFEB451354C
:10EEC80069A9C4035D33E52C5589C5248B1AB300A1
:10EED800EC302AD171AA08EED377793D7067E882C1
:10EEE800B2A0C25B60192D1E0CF1CFAB7C09D1D248
:10EEF800E4BF6CC19DF8BC00FDA9EBCCF2117F0109
:10EF08007F6216F633F5CE8557A14B539F604C951B
:10EF1800FC5F73DDD13E5995603C07DAC9B75E00E6
:10EF2800D9F6ECF3CD6A365F93FC70D30B7CC0DC6A
:10EF3800813F64D8D4FC77ACAA92D5AE3ECC258E5E
:10EF4800E9724095C04145004D12ADC49D8CD07EFC
:10EF58007CB2273F4E67BCFB33F54E5558C38058EB
:10EF680073930C4BF622B6DDBE2C2B46EF8954006A
:10EF78001D74BEA07245DC981D2E85FA4DF5390E1C
:10EF880012727027F49BFCB6BB20C96F10C935708C
:10EF9800676845EFE78776004D2BCCD553F77C3B68
:10EFA8004037D8C65E5F60CBF8B382B14D865DF559
:10EFB800C976B57BD932DD6F965305CEC3401700AD
:10EFC800858DEC39136826DE7599CC9993A56BE38A
:10EFD8002A10BE4F79BBA0E2287B748A05A71C0AB9
:10EFE800DB1C1E6B1AAB6100E4E7F131070905CDA4
:10EFF8003E4687120E86D29468A6177C2CD23BD048
:10F008009D30C1A3998C68C92B8A6014034A820079
:10F01800F7A6ABFEE4B44DB9904248395693AE3FDB
:10F02800943A5EFAF0CE1E61E867B323E53CE096B9
:10F03800C011096ED4FA190085C21A22941CBD5851
:10F0480025BD9C7FFDAFF26C6DDE093B30078BB6AA
:10F0580025B9DD5BD7DFC9AA6E5DA3AFE286C5001F
:10F068003D9EA69C8DB809DFAA601E0AE2DB35CC5E
:10F07800823F2392C34E59D2BF2347C8E6D46FD2EA
:10F0880004D48135BE43BB00A2CFF0AE5DC98B4727
:10F09800BF545D78590F179886BD8BAF6C8B7CB3C6
:10F0A800D98E9BAE0A8388DA1DB7A1B393EE990077
:10F0B800F61CD1569E562A1160177A865724CDEE33
:10F0C800D90281DA5510C25A8CEB25EDA2C9BA478C
:10F0D800CE2A389F1C05260097C48D4C5778BB282C
:10F0E800CB057F843876040BDB732E1B5CAE1B7359
:10F0F800016F14DBB97DA3D7719381F841663F0096
:10F108004B501AB2D0484DA5B9977B13C5E738388C
:10F11800F32738EA4AFA8109D8E27B3D5983ED346E
:10F12800D958B549295252002BAD11F3A9C95A1D16
:10F1380093F3E935C26D1AA1E93DEA0DA8EEA6FDE3
:10F14800DC80B714E4542D4DE75D4298D3AF4000FE
:10F1580076FFF70149CBDFF44DC0703DBB9E03BD80
:10F168000787E713C584E01CD4224EF97342E1AD4A
:10F17800DFB0A6D599BEDD00AC626D7D26964D4EFA
:10F1880018A3ED61DA0C445C85DB00413178A3DF1C
:10F1980038344201F53BFF0E7390915056EDB7009D
:10F1A8007F4B5938DCF0C1F852DAC2C23FC27ED276
:10F1B80072DE974FA0CB03C083D0986DFD387C4991
:10F1C800FC4ED27B700922003BBE33D84499B0561E
:10F1D8004FAB12A6B24FD0C7ABA1CDA028C6C74B24
:10F1E800E091DE578C395AC06AD3E9BF190FB600CF
:10F1F80018B7D18197595F02979C04BA961675641F
:10F208005A6D02B867E3644B4DD6A2AFA47CC1F433
:10F21800B496345B95E16A006EEFC728E33CD89654
:10F22800491D68015E9FE6D2B6DFC9E61D3530D4B8
:10F238000130660DFA8F955F1D60F14E0544A200FE
:10F24800E918763201DA3EF9D8CB14EAE7E095AC52
:10F25800D3612DB0AE068EEA490E9BDF4149FC8989
:10F268000DB4AEF2AD3EBE00A57F0ECFB609990A29
:10F27800804C845A5C27A2B7338430A23E74442061
:10F288004BDBDDAAD934893E6F929D4AFA53690057
:10F298003941295A8E9FAE0041805BE94DE6D04046
:10F2A800DBF960DFBD2C2519168E499920437306BA
:10F2B800498C789E6A39AD00735B6A51E1012B264F
:10F2C800DA820297EED04D3C75523CED8CF949D16B
:10F2D8004101EE789816354C429940E45A9448001A
:10F2E8004FD32C6ED1491AECC607B925E7C3DECC3B
:10F2F8000FBC24C65BABB1393385E79BD9340CD935
:10F30800ACD356E5EA1AF900A653A9CFC1739AF807
:10F318007E692C27AB5974A80780B4DCFE6DBE3E0D
:10F32800B99A5173475054B2E8148B89CE9CB700F0
:10F3380023530CB246027596BD2BAF620DEB400409
:10F3480075C6A170D74055B0BE3629E858541F3647
:10F35800C4D95103A9FA20009CA03227BE1A4263DF
:10F36800AB49A72EA18A9D790AEF1B0E6BF208F50F
:10F378006630BCBF858C2C875CFAF73CD045AC0066
:10F38800BB135C139DD97833CC2D46322F3FE29CBA
:10F39800F852C3D79C4A9C3A560FF20913DA113C2B
:10F3A80017B289B4568D1600F7766AC81DD6BC24E4
:10F3B80031B3BE30F7375E1E92AB8916761E101F2A
:10F3C8003BB9CF63E042024E4E619FD1D0A5E00029
:10F3D800708FB33284D5D98D4CE498EF3AC5CD916E
:10F3E800A3D65035C6AFE8EA43168F3E20B7FF4F85
:10F3F8009D78F6348CC18B002DC121A7CFB5347907
:10F408002C1B886B2F378CBE297D60A970145BD6A6
:10F41800770FFC0C24760CF68A086E3FDA24740009
:10F42800ED20FF01CB0176E9F7D423FC34BE5A5511
:10F43800BF28BDE42B2601837D17042539F8ACD7F6
:10F448008998AB4901B587005C37851CB0584F3F98
:10F458000485E7FBFA28C39550A7547F53B15A9106
:10F468006B65A1DBC10B8FE5837E866C3E29F700B7
:10F47800CBCF0234BC59D1E8B7D2227C5EE28C5B98
:10F48800128E7C328D26F6A56D82357295EB8653E9
:10F498009C6B34B32597230093D64A4AEA613A72A3
:10F4A8004EB2F7FC63375AF3BDC21B44741F62D9CE
:10F4B800622815F23F6F20EE609C6B6B0FF01E0008
:10F4C800B456C44BD30C00530A5FDC35802B234A57
:10F4D800640B4D730470C1FF1F2BE83951D71820F6
:10F4E8007BC9B4ADD49A010043CF9DCFFA48D5F279
:10F4F800FB0D2C71BAE990AE5FEC8D3B37ADE8A3FC
:10F50800692684DB896E216166E94C642F7B57008C
:10F51800386770A0CD5296FFFCAEA0E374C756744E
:10F5280093C552EDF1D60F11295C0C49B11315AFF3
:10F5380030953FDE9E599C00BBBF8B1D677CCDACD0
:10F54800FB46C88E8417D2F530D0DF4E380E829F26
:10F558000FDD20C3EC9407CB5781EEDA3C1A840008
:10F56800F7F830AF8271E166ED7DBC055972716FB5
:10F57800ECCCCB8A5B5920C1E982F8C8A81D553E5E
:10F58800462CAF0947AFCC00351282CE96633E04B5
:10F5980002817698C99C3DC0CE2866E954A4034EE2
:10F5A80010E2967A89867F4E544C99B29B69230063
:10F5B800D13CE4A6C2C2CA816024E4AC8E3512B73D
:10F5C8009B98329DA6B588B14B94C887FB917E83E2
:10F5D80097A823C88F9ACE007B65DCC1C925711313
:10F5E800C1E0005D532090C08DC9F873CB03C2AE53
:10F5F800A8B6746298CFFEEF88554948CF2C4D00C5
:10F6080089EFA0EBD511F6315E0FCC3ADDF04BE275
:10F61800681BDC0D3DF97EEF26FFFE024EDC5C76B2
:10F628006F581C7CBE777C008714C24569F1D949A4
:10F63800B164C4C0249EFC7D73B4F112CF747548C4
:10F648001E68CA46CAEB18829C8CE402CA5F6E0028
:10F6580062CDA508BCAF55694A96705374ECC08456
:10F668001E451D531CC1FDE55C06BB69AD2FD56168
:10F678001C349C634DE5CC00156A772CE995A4AF42
:10F6880011609E5ECBA7113DB494448B5CB84D715C
:10F69800B359AB562ACBA9E53B4AFEC03017F70051
:10F6A800041D7705B3B94929EAE81A9C1BB659DB4A
:10F6B800700AF828A8401613285688EB0D24D1FAAA
:10F6C800BCDFF71FF7D25800F126FD4D7DE4735ECD
:10F6D800D89276E34DF53EE82EDF5F8F63786FC5ED
:10F6E800CEF784726DC7CED40C9A76975F11E2007C
:10F6F8006AAF7DA0CB7B9CF8007AF53396C7F26998
:10F708007EF3270B735BFF86079B4EC3F370C0FA2B
:10F718002E423599B1917B00D573D5A94CBBA799D9
:10F728002D4A5CA7B6CADD59576E5A86D881156727
:10F73800A451C92174171D22A8D53E5E2182F30069
:10F748009EC166DCF696E52DEC1D83F74A3E0FD682
:10F75800936DA8262419D8F8C388CCE4FD7CB6ACF0
:10F76800594B5333F6E84800AB17358071799BC382
:10F77800017E340FD333EDA7B50B305A6534DFFA69
:10F78800DBCF627AEEB664AF1A873589E29CE00077
:10F79800F89C451C4E922783A538CAF25684C34567
:10F7A8002964D61C75D68BF18AB7F8969ACFC0C053
:10F7B800F801CEA58CF12200CA24AAF2F547331429
:10F7C8009A59B7D0A8C199A7144EC8FBD781D4E2DB
:10F7D800D0AA84D8D7520BDE282ACCABA52F2B0071
:10F7E800EF24554EF45CA5C46885CF0E89E32F80BD
:10F7F80015005281E7FA90406EB8D71571804ECE49
:10F80800CD7E8B7D48579F00F8FBDEF85DC0D74D55
:10F8180098609EE807A948FC2C7428CC94A667CB6E
:10F828008C07F8865CA0727E0C904C71EE4A4D00F5
:10F83800B9BF9829265C5A45AB55027F7CD1F6386A
:10F848008078E1B19B2BEAD52945C03A70CB0349B2
:10F858007D76F8AB151E76001600102E7D7D23F6FA
:10F86800495C377A8C895AB57C6DE8909B454B0783
:10F878000B60CFB4B2ED9CB94F9EA9EC5B65540008
:10F8880066F6C3B9EB5959098C43D6438E00477FB6
:10F89800E5291470A453DD0320F2F26469E7570CDC
:10F8A800CB4CE2574CF0D400FE5EF9213F554C7723
:10F8B80075F926D3BA9229B05598C7F2665A1058E6
:10F8C80008EC6158EDA6EF7947946F891301E900B8
:10F8D800B05387976DB023F89C0F57929D6D8D603C
:10F8E80017CAF55033A4A994D60167192199FE695E
:10F8F800A643CD634B747C007DB0E491B006F30A57
:10F90800A9117319F6884E6BE58FA9B8BE42EB5E54
:10F9180055601EF967AD3B233648013F0F0F37008E
:10F92800EC0F5B345F94510FF44AB412C832A95CEF
:10F93800699AF59B6CD00AA49566224837BB0F26B6
:10F94800265E6E354546430058FCEEF235777BD38C
:10F95800BECF6184D94F1FADBF230E955EFFFA70ED
:10F96800E0027987DF4F1FD5E35108EEB8EDAA0012
:10F97800E73BE4ADCE1033701D4AF273D7F5352658
:10F988005D9B95EDAF42E367B02128915233BB14DC
:10F998007140DE5B05E48800625B3BB11646207867
:10F9A8005A3D3B484D12AC9DCCD03CF85621942290
:10F9B8005ECC45E3F7CF583B4AEF5099D708AE00E5
:10F9C80075346796EE3E93364308762E6AFFB25F2B
:10F9D800CDF63E7EA683A237961BAA5EE2467BF74B
:10F9E8003A882942F337DE00FDB18DADE7284D880E
:10F9F8001608C1A07ECE0FD35B6C2BBEBAB2BEE98F
:10FA08008C5650075E060DC32470F7F624E41000E8
:10FA1800F6B3E320AF23CF81F4725D52AA1CD7441A
:10FA2800BEE70D1D66305FDAEFAADE3477C44527DE
:10FA38009543D07496C3B000AFE1A1300B6B439AE5
:10FA48001837CD64EFAA9899920DDCEFDEAFB9CEE6
:10FA58005D31889D53380FD17635ABD50CD317005F
:10FA6800D32BA00F616A11C407DDFA80DA7CA18567
:10FA7800A6CED2770B930BB87CB7EA2613C5F4C78A
:10FA88009EAE7122B2EC11008B045015D5C0DAE796
:10FA9800AEE24B67F02BBB3F2DAD3885DCBF3F7B1B
:10FAA8002AF77185D8C787493E4E96E7A0DD300012
:10FAB8005BE15F42D855B8732B02F1F2E8D863F0E6
:10FAC800C442B1C1E8B2724E9DC1326396F17CB3B3
:10FAD800CF093BBEB3290500A0CC69F91F2A3839E4
:10FAE800AE8CC251C39F67AF9910FBE0A2D8006BE0
:10FAF800E1FC365AB4BDD1F16DC77A7637FA6E009B
:10FB0800874B814A5AA43B176D07F1F1C2F7DC9B7A
:10FB180092321015BD11051C25DD3C1D26C37DC480
:10FB2800F02B0FCDEB540C005C985F4282FEC03B7B
:10FB38007A462BCBACFA77F5F265C3381F35AC940F
:10FB4800A8852EE65F3BF4BCDC9E077B73F0A4001F
:10FB580089C82BAA048620E93608EFC630A7C6F262
:10FB680062388A98D2E86F9B17DB9B99BBE4349282
:10FB7800105A58ECCB386400DAF0E76A1DAF754DBF
:10FB8800256A2CEAC54A6223913A8433D4DC03AD52
:10FB9800E5DA510BE5A0E22693275DB5801A5800F7
:10FBA800AC385E6F3043EC9AB46A054FDBE404FD71
:10FBB8000B443315F4C7A0C91EE5DC5BDB0DC8DCBC
:10FBC8007656756A88B7E9008E401ABA603AFC9D85
:10FBD800E6A2779A6B34D5E876F96B7A3719D5AA05
:10FBE800DEF9DC49562C963641220D21AC0F08006F
:10FBF800839E5F8133B1D778CA5EE1EBF09394536B
:10FC08009E60C2F4F9DF42D3D4747B64E3831A8B19
:10FC1800DA5C4729B2D1A8004A3E8B5E8F68365815
:10FC28009C41FE8950FE600BD017556C1E620D2753
:10FC380032B6FC8C067C007E7698CCD2F1926F00AE
:10FC48008375A41C3ACE4705F88933EBDD6B921215
:10FC58002037D1E1DA9162B60D10B5AC85037BCCC3
:10FC6800003103FDCD2FDC007CC6EAF26259E0D9F1
:10FC78006E7C3A93EBDCA73CB531C710E5CBB407F3
:10FC8800B2A66AB66C228696172A35D9F7131300DE
:10FC9800BF1696CF67DA1EE90A0A198CD06A01D412
:10FCA8000C8F50B1A9963BA4BFC55D6B01181F46C8
:10FCB80086F0746214401600D5CD0F1874F5468C82
:10FCC800E039097E39854738AC209486761F918AB9
:10FCD80086929FF2A12DEB7C7242C232BBBF0E000E
:10FCE8007C41868712F37D2899C1A6452EDBFD8FBE
:10FCF80080019B6454A02DC5EB6C99A408D723D729
:10FD0800D059850D58078B00341B2B419B35F8249F
:10FD180056F2B6689D6D065AF453FCFCEB317AD75F
:10FD2800B3026049518EF268F48D30B1E9D27400A3
:10FD3800FFCE2D5374316739C16F48C36AB76C5D04
:10FD4800FC41CAF1F51928EC73BB12EDD9040BB3C9
:10FD58006C674F3F334CAA006CE86667DAA6798F68
:10FD6800CF96C06F78AB74C824A3E82217097784AC
:10FD78001D548017CB7D42B60B650CD3981ACF0063
:10FD880066DE71D1AA591948397082F00D2D6AB909
:10FD9800CFA617EF143FA35402435FFF3DEC158C29
:10FDA8007CD4A4D54357D600377517228C12C329A3
:10FDB800A0A1BAC926F369E5F036234816C49AF615
:10FDC8002D47220A1E68D1893EC8628421E2650057
:10FDD80084E72F48656C06B802FB373D5F534387BD
:10FDE800C7A3DD44E9DD14D8B7F8617409FBC3B8CB
:10FDF80031C91F31DC8992005C5E951F44E0032104
:10FE080096F581F83680EE71ED6F63985715B764F3
:10FE180090001B41D5D6E69C2A30EE2D66C3210002
:10FE2800E5DF57A15E0B37C50855BFF23EF229DD65
:10FE38001ECDD3FC86D526BC7BA8755D44ACBB3EE5
:10FE4800F16B1371D5CDF10050106289DDA4797979
:10FE5800A2B540C804908CD11705C69CF3A4C36111
:10FE6800CAF9441E1A9EAE982070A3041BEEA30084
:10FE7800CD7478BBB848F64869D2CE442058845E21
:10FE88008465D5EB3317B81B542FB5817AE4BCC50C
:10FE980075F70D9EBCAFFC007910EBBDC15C8339D2
:10FEA80073AF3113C8858D40F6DC001AD29C10F868
:10FEB8003C7C98BCF83A854D6F942589D3D6570079
:10FEC800A5FC13FB6A51ED975600D1338138F9062A
:10FED80063D76CD761494152D2715B823D0F337849
:10FEE800CDF6176FEBCB18006643E99B77EFC9A6F1
:10FEF8001450698897D66ECF8DBFDC7BD6D67C919F
:10FF0800D6F065DD0A1D3B088D8448E9AD51CB006C
:10FF1800EC1234BD015AD8C35A385875ADC74116CA
:10FF28002CE992D0CE357BF3D17FD79CB5D90F3849
:10FF38004A7F490E9EF38A007CD95D8FDD93C17696
:10FF48006EEC0B3B597270D953E0F654815005DAC8
:10FF58002496FECABBF1F99BC5FC2F7E2FB3370050
:10FF6800062976A7D9135D75E7B68F014160F3546A
:10FF78006CADDDC003B6152F958E26E20424529C85
:10FF88006179E0EB4356E000BCCEF93E3D1A1A0613
:10FF9800619DA88F57C3A873822789CCA24FDD6CB7
:10FFA80054997F7F60884FE659C0C075E71FC80025
:10FFB8004139D830EE8D5C5F77A57014D5AC74E20A
:10FFC800F34613648B8A631DCB03EF0D1F4F576CE9
:10FFD8008876524375E5B70053E14A340D3C8D7C71
:10FFE8006D9DF4F3928922318488D574DFF9E20398
:08FFF8008444260B8862ACEA88
:020000040801F1
:100000009645896DBA477B008F3F8EEF9F9E3D2AB4
:1000100021636DCA231CA64CEBEDFAB65CC88D3B80
:1000200043F5921A8BAD8031D00DD6C8BB0F90002E
:100030008116E232386F710B8E6E5BD1BD427D97B7
:100040000FDE03EA1FB2D6BB0321DA20D640A68C0E
:1000500043D1A233BFFABC00A32DBF31D4870B1DFF
:1000600021C3114444FF5A24267A22EB59FEE5E6C7
:10007000554F941E142B05BCB2538CC520FA7F003B
:1000800036D2F5D640AF99858DF177BA19B5A4E08F
:100090008C82C1F3C2828E3D7655588CCB967CD82B
:1000A0004BA0F0E0EA086200ACFDAA0B751AC7E6A7
:1000B0004AD5A693FC16EE9F697251DE3DFA3FFACF
:1000C000F8EC7D64DF47C5D5C5114562A3439900AF
:1000D000ABAEB3803DE488E224CCE4EF6A34F5A50E
:1000E000E32CA22FB8825C7E0C77FBF642C23B3831
:1000F00068C172579A7D6000B2924185429D0FD5CA
:1001000037D3510B3995B1648E76A3509C2DB9FF2E
:1001100013B81E4E67B951EAE981CEC799D57E0062
:10012000492A8B5645191CAEC59283B7F8B58CC9C0
:100130006F7FFE8FA8B51F8FCC7702179CF093229C
:10014000E6A7057FFCB66900A80B49BEC425F6A446
:10015000B51F492E47A9638180E963ADD7D3FB1052
:10016000303C3A67537415749742ED0D91F1B80025
:100170008311B7E2AE5E6C59AF6B6F57299A7DACB5
:10018000283222F33AAD613E6D2A2ACF27680BE36D
:10019000A671949718998700F0BE5573E76E9EA5D7
:1001A000E88BF798A1E4285115AF3CA91979E4E24E
:1001B0009825014ADEBEA44F3E11DEA715D95A008C
:1001C000D4F95AB800B31FF5DB3CC128A613C0937D
:1001D00036FB01C617C848BF8264FB3C6170DAADCC
:1001E000AEB0A35E5C866800203A2836EAA2158588
:1001F000A17678C8C37FAA1005D1FDA61218289F42
:100200005C5488DBD18C77937E0586CE594A830077
:10021000629BFE776CC4C7CFB230933B2FA1673788
:100220007D7A084EEBA6B9B94671795FFAACD10870
:1002300058821FAAD605E800E8B2B5A509F754B759
:1002400028BFEB1433C64D9A38F7CE453486A71F26
:10025000F94A7B807364AE399573A0532D98D3000F
:1002600053717DA605F9FA3A58F0A99A04C9A64D2A
:1002700087C20E686FE5168061F79C1049BA9C50E2
:10028000E2F4424CDD43D00086453615B404E6471F
:1002900021BD2A245A7BB8EC2B5397D6B8266691F9
:1002A0009BC28DBFEF62BA3ECBE7ED1044C6AC00F7
:1002B00025EA1BD7734FC31C94E4ACA445336454A4
:1002C0006B32EA15B47E1F60CBE7FDAFB4E6209A2F
:1002D00040F5E1A895DF3E0016C56F0F8C39B3706D
:1002E000DE33AA0F1377936C568F54E55683000FB5
:1002F000E1EE79707A657B51EE237CBC60FAFA00FE
:100300005249423BA900EA495D777FBCE47B30D784
:10031000824B25F06E002C1B5B96E86D49FDE4399D
:1003200082D90BF968DFB10080164F5332BBA61D8E
:10033000210561663B153A86314DD82CFD6174E983
:10034000DA7D466C9C8863E0471480E487055200A0
:100350003F6EAB49DD5A4E29FEFD87A472D8BD62BF
:100360008DF7DB3657FFB1F6F8A9BAC07C4CB974EB
:1003700024CD1FBD41E37600143DD59F8F5611D883
:10038000F1A4B808CC84E59761C1181D96ADAAF216
:1003900013733FF5BA11D402B2153A56AADA5B00CC
:1003A00032163462DBA07B0CDDC966C04BECE3285F
:1003B000979298DCBBABFFDAD92783E623DA25577F
:1003C0001694B9A2A6BEFA00874EAE1BF8430EC81B
:1003D000472EA8942C2F3540BD3D1B516DEC8E66E9
:1003E000BA0D3844BD64EB593EDFFCA9D231780028
:1003F00014D16CC45D3EE324607B9A09D048B17689
:1004000008B0C7D95A14B574E9A0D2829B2B0FD675
:10041000C55916AECDC00000E0C561B7C6AD9AF4AF
:10042000C65725D9FA05477918F5755D6EE1087B41
:10043000CCF4340C9B63615D186662A8069B410096
:100440004CD487F14AB8BDC8A101A9BA2652B80157
:10045000D38F4E5029C62600EAA5265EC8202672F4
:10046000C0E8880E48BC7100AC848BE66456150E5B
:100470000466BDC3C0C4C62D83D288AAA9B54F43A4
:1004800075660F76940E0F0473F947BFD7F4F60024
:10049000747AF972D57B4ACAB2CF8B7E2387D38F09
:1004A0000B19BC14DEF4DE7F930548B0A2B62928F0
:1004B000EBF3A088565A0800C32506381C5B4BC1D5
:1004C000F7291BB0CF86B467D9F6D44C0524AB917D
:1004D000EEDCDF138B2707FAF283540B7E7F2000BC
:1004E000E13A9187CFED3569CD86B46519568E7E98
:1004F0004E77092AF7375ECBA02F0467632271720B
:10050000C65D10BAB4BE310050AFBF28CE2DA6EDE7
:100510002E7380ADAC231FBDB60C00D10D722BA97C
:100520001DE0D5EBD0DDA05B76FFC41DFAC418003A
:10053000B24CCAFBBF4B6FC302511B4FCC5175ACC1
:10054000892239734AF192175A55F5F0FD1E25F6A6
:100550002B7A0ED5F85EBD00D6B84EE514633A117D
:10056000D26891254DEEC75A5C911C3912FBC3E647
:10057000DF32C95FAD4A42BEF3D485B0AB96DD0031
:10058000C74C12035E18164B69E1AC67AA5B31C712
:100590003624772316B6E4024E210AB489D043FAF2
:1005A0008EF6B731E5123C0022ACEC5D68F59FA8F1
:1005B0005A4A9493748D04D6013A7E20C884D0346C
:1005C00031CC0674DF89876D93E6516C0166B60005
:1005D0005FF232AD505C178AC3FD28843807A0C390
:1005E00050CCCBEB75F5E1B4B850B9040CEA4EAD84
:1005F00098991CF22DE76200E60610DE759BDB99E8
:10060000366F88ADE92FEAE767C7E707A2EEDA2A77
:1006100017B494F0162045DD6E033D17E701DF00A7
:100620003C6B8CBF3DC71B160A72038C80B6054419
:1006300015C7F9EE0C21060DEDFE78177F8444A452
:10064000641F23B8CA92DB0013B5F94D29DDC856E3
:100650005D3E906A0B3975BBC644DEC39C1E5E1FAF
:100660008DE42DBE48758B1A56327D3096B3D1007D
:100670009C2913451B7C3A9AAF1383A5C8F6D576FF
:100680006DE70B371D45AB3C263D37119AAC183E44
:100690008DB7AB3B21508700A67A2AAB32C5AB8B16
:1006A0003F9FEF393DE262B6516CA4C4616FF1A780
:1006B000989AD3B1DDFDE148596C797C1A73C10079
:1006C00044A097DAFC1730626A5587C69A9915924A
:1006D00095223EFE915A6156FB899246291D55C1CD
:1006E0004A3C509A0D646A0067B8CFE9F1C43F31C3
:1006F00047D1F65EDC2EF11D6D1974C3762D972A55
:100700009B07E2D88B3CF2E3D5CF8F5BEC504400E3
:10071000E61160260F5052A8B87CC0390BB66A4665
:10072000D33BADF27A56B3C76904E97F1016A586AC
:100730006098FFD580340C001DDC8A8BEC5BE7F2FF
:100740009331070CC63F985A877E46F94C8EC6D81F
:1007500086F07AC6AD906DD3719758F0969C7E0066
:10076000879C6F64EB71AF72191771211E0C58FAD8
:100770004983FD97CB5AEFF657030BA2FC852573EF
:100780000F5B2E7E10474E0034775C2ADFA6461F93
:10079000EDAE5806217A8C95261E8B19BAFC77721D
:1007A000541B5D175024615776B678EDA5CCCB006D
:1007B000CBF902556D72C9EE792BE42505566CC153
:1007C000CF7D11BBBC1C66E5A8CF0A122F63BE1BF0
:1007D000FCE66A75B841C1005C5C3FD202EFD8E725
:1007E000B2AB9336ACF50C95715969E9CD3B6FAB63
:1007F000D9CD1F7D4000DD1D0FE4D798F459D200FC
:100800002A3041B97A12831724E9F09B56C6B5D134
:10081000C5F77C80BC51F940000356F9D958C8A9E6
:10082000A17281E32733A5000635A68C265E60D72A
:100830005DEB344F91B01C38FA4D93FC3B21FF66C1
:1008400063386CD19C04381D8BDF5623C0D5D7008C
:10085000B6E218019C4743FBBCC2B5FA3DF09D6768
:1008600032DA08A78DC708CD99E8C5CBF1075AB68B
:100870001266E05B4841A4006515A4889F1D86327E
:10088000CA7A854655584E01B39A90B8493AB71E70
:10089000582D4F24B93EA145F215D0D8D8E1820099
:1008A0002382A60748C53E5502CDD8DB6A532336BE
:1008B0001F964548F20C51D472A96A1C007A1AF4AA
:1008C000D0B0AF4484EB3900F388F3169094A18C38
:1008D000E55FDC87F38B5B9AB7EE247131CAD70BE7
:1008E0004A9E7FEAB6B36BC3A693FAB2E4028600CF
:1008F000A0EA53D7E2C3A27FEC4E5235A4B36C1CDE
:1009000061715102BBA857F3863E9DD6EDD59F8CF1
:1009100038C4FDB179DEF900CE446427CA58E2BF7D
:100920004CC7E68FE1E1543E90965A884662E42D2A
:10093000780694C4BF281A5C396AD496FD528300A5
:100940006218D3F548609C83D7B8282101509F8E48
:100950006F6B82412BF632952004A373CDE1225FA9
:10096000D68B11191FD381006A73B02745277BE30B
:100970003F820423F46B9A3E7B01357B9062A39DFA
:100980004EC814C2B7607932D814908A705B530095
:1009900083909453A1E417710A2C8048BAF56150F2
:1009A000A8B6BE5F8FB6E7CE1ED6AB0257D4785F2F
:1009B000CED757CC6CA0C600C0831EB9FDDFFA9E0F
:1009C00063E58A3136702B92ADF19FD1A4CC61B929
:1009D0004592A6C9C8A185634077948A3BA9F800CF
:1009E0000130677BCAB94153EA78B7BFD820616547
:1009F00094CAF7C0423B3D004A90FBF0877473AB4A
:100A00009680C60F56D9D400B85422E6E6FE63B8E5
:100A100010879AE6EDB0132832690DD3B2DB61C4BA
:100A20002F7C011DE358EC95CF4B519BE7968A0034
:100A30000A706B4BA354A4CEFC6747733F76A305A3
:100A400015541DC97E5BA67E89CF1DADB49EE6926E
:100A500077A3FE3678156E0088ADA080D6F1B72258
:100A6000C9F4FC5C7A8E447B2A710616535D6031B2
:100A700015BF96983FB03FE832ADDC11C4DB0800EB
:100A80006F6195568884C13FDEC6855F5EF68044FF
:100A900095AFA1B46D747ECCC3145E79CC7FC7F2E0
:100AA00052F521EDF1352000545DA47F1F011FB8E0
:100AB00047407F04234BF92AB3F8145B5DED9F3266
:100AC00075E6EBF64A431280827C884C9FAE2A0082
:100AD00044C1C8FDD41E44D6C769AC5267B7F9EF0C
:100AE0004D7AD5D15B38BC18B30E71C3DB65D355D5
:100AF000B8762B5385C3B3005AA17DDD9F3A751498
:100B0000A053FCA423245B3413E325090D0C2F7D93
:100B10005E080EE96A5E4A11040C3F7096520D00A1
:100B20006130476CF0CE9A863C65BF9DDF8FBA710D
:100B3000C4C1747C81A6C095DEA2621CCE3E01B603
:100B4000E8CD6C900F8D90004625D1BCCBC3F6FB51
:100B5000AA4C4196306AA361B14E8AD0CF79FC0A83
:100B6000D6A0C85BDCD1CD20FB287A157A7C3E006C
:100B700026D296201CDCACF44C3AED4BD86D53DAFF
:100B80001D0A5AF2A5D319303512C57A4ED672997C
:100B9000806F3CCFB3D64800C2667035EA027D5103
:100BA00017BCCA471D1E7D2E9E1AD1C9B71B68B43B
:100BB00040BCA7B0596AF2079DF8CD1372AC220071
:100BC0001924EE7FB8902651132B401D40A5B4CCBC
:100BD00026B0999CC3DAF3D8D2CF1754AD9B4455B5
:100BE0002B615C35BCCD8700A038A6A44ED6128AF6
:100BF00014B87D615E06461D843A46C8462CDB3A31
:100C0000A7CADF14E09B92381C3E0FCE91D0BC00E7
:100C1000A8CD0345A3AF1173069C1E5E4A72306ACD
:100C2000603040455741E22BA6F19122C195B28A2E
:100C300044BEAE545D127300607F29740AF8608F61
:100C4000F6F6E1B1AC18F1858EBA7F36BE035716C1
:100C5000550E7E05B323CFC700AF1F4F992857000D
:100C60007DA87989BEC8A973EE2DB3A09406F1B40E
:100C70003B6575067616C93239489EAF0450FFA50C
:100C8000714693133AD3760001CBDAD8721FCA307B
:100C900071F6BDFB70F399645EC5299E15A9B6BBBC
:100CA00091177E97085553B35D6E3756EBA1E90057
:100CB0000AF91164BD9FF008A2417D4FB2CEE50B49
:100CC0008AFC1A7A915052EADF0C7B86B7782D2C79
:100CD0009207217ECDA071005228884B1D3CD7374A
:100CE0003F9D4221FF69B097489E61A491A64B5D4C
:100CF0003E0197D68F4BDC293155BB27338BE7005C
:100D00009DF8FB6C2FC0B7266E060CE16C9A3CEC8C
:100D100031E312A5B1D0C424F53DBB4A832ED2B431
:100D2000E2555E70FAC3480009CCAC389D4DFBBE5D
:100D300044141BF3221D06A222503133F6DBA9A86E
:100D4000510277D758E7DA35E9EC479BB040A2006B
:100D5000F0E2A212B46A8E08F01F8E61DE9B2CFDB9
:100D6000A35B8BE3628338CE7B17FC3B4F5B6A004F
:100D700074D34103B94AE4003160B245A0453EE76F
:100D8000C1A24496042C04E0A34E32237405154BF3
:100D9000DAA7304B1DDA44B1E3910B11001BC600FA
:100DA0005BE495438DFA4712F4BAB2B8B95551765F
:100DB000B48C7CEE66449C0571828AC18A44DB9DBA
:100DC000757E9268A995C1004C18AB9FCB3D8EDE15
:100DD000A5F8E5DF8626D5DD8F5D3DF6D63A43667C
:100DE00067BE54624BA2788EFF959FA50EEB020062
:100DF000FEA737F71C8AF88887BFC6FC96948C43F9
:100E000062998C55DA3DE27F527CA4A115E8E76037
:100E10004747725BAF3E820001AA4ABBCD71DD1429
:100E200099AD6FF3915C04495A5B3E7E28BEA1598F
:100E3000685113183FFDAA60D2D094EAFBCD8C0014
:100E400047C15BB117DF927F5E5A428956F5CA856A
:100E50001141299386ADA26F048307C67E9E9858E0
:100E600066EB657089AF8000C7EF6484B39133C1CE
:100E7000B324EBC67D5659A8902915297A2302B9C7
:100E8000E804FAB8C2D4DC078BE0B5454CFB590046
:100E9000C1494B657F7DE5BCD056BBEB24CF3EED11
:100EA00005017813C87851525D0CD5D8974179B4B3
:100EB0000EDD6865407383002241EC990C1FD1FA66
:100EC00054836FED68D368AD2745CCAE4D2FBE136C
:100ED000ACD26C0DE25D3189597AE87346E4FC00CE
:100EE0003603BE61FBB6FC6E7E11F3ACFC40DC8DBC
:100EF000ACF535B4F2785CCFCF103F65829A723D85
:100F00009A15F7C4A3171100926F3FB2A7CB0D2D0E
:100F10008650BFBE8A5E8AA107C90794FFB0FEFE55
:100F20002FB17386F89AB56046B47E2C3029FE0046
:100F3000975E46AB35124266C389C24C25812AE4CE
:100F4000C766E13E3C982451211B6B70B39E492C2F
:100F500089DF9257FEA9D3003D8AC35062E206ACF6
:100F60007AED1D068715E65D168FBF902BD52F8F66
:100F7000D30BF74CEF9E1D71C86E6E6EF1CFFF0064
:100F80006A790CCE8C701F73267AA70B5CFE68E220
:100F9000E926759FEC981599F9DFF530AA657D99DA
:100FA0002A0DA842C040C500542DE9999AA4DE0834
:100FB0008CE2B30FF389302DDD7C739DCE192CAB01
:100FC000AE14E71AFF40E88B51055835B26DAB00FF
:100FD0003CC1E416AF985B9BF3EFC3787A3ED11720
:100FE000D85168B390C5D2204032FED082B333EEE0
:100FF0003AD9560E33770F00EAE89C8C112F6773AD
:10100000A728F71A80EB0C99C71C071058030E2C61
:10101000F6EA79975EFA77843E99732210137B0083
:101020001E4C7FF580CBAA5515A5F17C5D7631E588
:101030004965A485629F0F0558CF5C6D746ABA9E9E
:10104000996330CE356A7800635384BAA16C4C89B9
:10105000E82ACAD2734850310D3715953BD7CA9C40
:10106000A7453272D59BC41DEA01B9C788FD8A0025
:101070000F9D4B571D6B0DDC5E810E39A4BCD6D382
:101080001D274767246F6F471FED2A5B55ECA86B40
:1010900084E9339CB027BE001B0FE4C4CB39A424E1
:1010A000813DD93ADBA7569F858C2C4B9BDCF05CAD
:1010B000FF4435CEC1EE860E8310BF4D0C70330059
:1010C0005BA3E72DB6A04E48EE37F9B6C7AEC0C356
:1010D00059B846DE2A0C37E4ABF37D6796AA6B2538
:1010E000CB134221A81C06005B8E0E57B7D8B4362E
:1010F00019B3EB5E88AA41430CC46067FA62DDCF86
:1011000023F3D75675D2558CCCC047D2C4C71E0026
:10111000067F289ED4FAAD6FE3CF81F97B24028E3F
:10112000969E122C8AAE1E090BE2D7E4AD87355588
:10113000C0CB70F0F8AA800082C9A38195A95F4452
:101140005BCDA5382C121FA81987BACFC50D8555C0
:10115000DC5337C75E6E408ED0355317DD6CFB0015
:10116000728B52E455041193B66D7CD885B5375413
:10117000F24CB4BE40E3FC8A1574BC2792C3AACBE0
:101180000B132DC35E416E00B2A8C52CF42B68B2C0
:10119000F4CE83CA176E25171928F6A8C32787D758
:1011A0006799DD714962C6720625078B557E160068
:1011B0006D009D3BFA67472AA7864027EC3F7D5884
:1011C000E981764C3315FF495A87E5BBCD16522C81
:1011D000A1AF6A32B17B4600A6654AC86458695916
:1011E000E2028A20BC39CF873416D42C22788E5262
:1011F0003C32C3680AA4212710FA41B1CA2AA500CB
:10120000030348B78E14C1028C29803291C3CFA644
:10121000EA14D2D78E797520D8EF1941694F58F169
:101220003583993D8231A500FEE20235591A8027A7
:101230007D580BE311CD56BACCC16606FBCC561BCC
:101240008E7BA3DC92985041A00131ABCE8B9E00E7
:10125000FE693D038C488155AB2D70C65232036840
:1012600027EB892EEEFBD21461355F00497EDBEC63
:10127000660BF9B0008EED006A7D2B26D546278BD4
:10128000EEF6F43827F5335BF370C858FDF4A692F8
:10129000FD27B1836DBACB2345C5A0B172FB6F00AA
:1012A0002CEB2CA01469B9936C5B85759AD55F8083
:1012B000D1D9E0F1352F84195F88E769A7B147CA12
:1012C000E5DE82B75BC0F50086B8AAC8CF7079F4B6
:1012D0001D4DEB82BC6E36216DA80D0164F7766B57
:1012E0000A10834CA4DF607FBBF609A72D0B080012
:1012F00063AA18147FA3A0F4B2DDCFF2A07F4E2220
:10130000A8E3F5F8DDF710FE19B775B280316F1D4F
:101310001F55A6B2999B0700FED44610C69A832B90
:10132000D6010F845824CFE5F2181B1CE63191ED4D
:1013300032BFB34B6443E031219B3503326FCE00A3
:10134000BCBC23A6A9A69710E1939C9B49DFB19151
:10135000E001581939033295EF0403BBCB4C8DE102
:10136000D63DE507855B2D007D69F7FA23CC4C3E21
:101370005D7C4692B6B660FFC432CEAEB951E06233
:101380009C0A459FFD86CA65AE76171C14838E00A5
:101390002C6E8744E5BB407C6E3F5BFFCF4095BF22
:1013A000571B6AD88F76225DB6C704AD377F06C853
:1013B000FADC25EFA615B600A69F89DEFDF158F6EA
:1013C000B7C0484C7FD7C3CD8D455606BFDDC32778
:1013D0002BCC29BF7805F4FE274E7B3D8A49DC00E3
:1013E000A06C658AF6E8C966AF76CFDA45AE2BF118
:1013F00005A0CF9B70654FAFD05AD0AB26D29419C1
:1014000076CDF5BC2A6A2F00FCD9F9A1914352543C
:101410006E25BF90C3624668E5574EB0D39D5277A4
:101420000872B942B479FD901A40E7930C92830098
:10143000E811B8003AA677C3BFCFA87204E8FF014D
:101440007DC9AB84F945F473860BAB618CB41B7218
:10145000665F96362D37F90069E91E48286228EF45
:1014600065F77BAE34E4C2A5615789A6556C362278
:1014700089E3EA5DF9AFECE57B39DE6590FDA50017
:10148000C62F7D95EDD6D09F45AEFB17BE7C5AFF8B
:10149000FC981F7B69CE713DE719C170EF58BC23E2
:1014A00093799001EE86E7002F9832BCF7EC6A94AE
:1014B000AF6A752554B176F3DFADB5EE938B7362E9
:1014C000D7A44C8BE63F367EA64D251E04A9EE0020
:1014D00094AFDDEDB6030DD91BC9E8259AE20A20C9
:1014E0008A6F992963C55DDA6E4FCF48E62BE09C81
:1014F000820D80DC18EAAE00F625D1D2C5E7ED52A8
:10150000508610820D87B08967A308196C52FA8F34
:101510006F814D5D8788D202B9895969038F1200A6
:101520001706A4C2730EF3AF5D271D0E4E5A9C0220
:101530001421A833D4F0ADCCC12AE90E6BDD699C2F
:1015400041F096FE060168009CCAE542BC509B270C
:10155000503C6292083A9C617A6F194E509C52122C
:1015600057FA51F888419E964B751B6EECDD36009C
:1015700077DFD405B65456D6F8A46DD91B0CECE32E
:101580000DAB736640A4A2670516562C07D39FBB0C
:10159000AB910E601EC6C50003C334CD7BB8CB4FE4
:1015A00029BBD1FDF9A4BC98674D7803D3CB553541
:1015B000F32FD193B4BA96FFFDBE78A5D42158007D
:1015C000891691BFD7DD8C1BB33047A334EC1226AC
:1015D0009EC1248B9BB808D9ABF71BACA430959B5C
:1015E000A03F860DDB2A15006694797DCDD004D10D
:1015F000CA1B3BAA7B768E29EAF66092C8AA1C3EDB
:101600009B861ED8D4F6910E07CFFBA519B74B00C9
:1016100094D7DCAB61B3B88286848850445BC8EB56
:10162000F80C7F59D46DB58108C82785271C08237D
:1016300061FA9A8BEE382F00FFBD6D2AE852523FB7
:101640003F332A8EBC3595739CF8C95EAF67FE2D7B
:101650006F45764BDFCAAD6964912777695E8D006F
:10166000BB26AB22489D615759A013ED23E3E21D31
:101670008B601BB1C71E056423C0E4AFE80567811A
:10168000F8BBF8F481487D0023536CDC8DB1F58FF5
:101690001F6C6C16C0486966D62998B3D657C9A87E
:1016A0006A7BC9E4AEC8990DD0480DBA4FCC410051
:1016B00098A436C9F45D5B5952196E9812CF9F8D6C
:1016C0007090A7C9FE4070BBCFDD5CAFE226D59C11
:1016D000BB74E77D46221900C30813D2835BA38540
:1016E00048AD7D01C71C3BD7E2D617F69072671351
:1016F000C781E82FCF78B348C936C2F29B47F000C4
:10170000A49DCC225978CACEE7A1F1C23142C5B01E
:10171000554A22FFB5D73FC3F03365B48A0DAF09F0
:101720007CE61EA73C5EFA00EAB295FC274681CC17
:10173000E1BDE46175D99EECAF6DC509ADB67378B6
:10174000DEBDFA1478FA1F9C2AF891022599E4006C
:101750008855D6386D85B6E655FB38A180253A29DF
:101760003C5C7243787FFF80F933D3F285199B226A
:1017700039AC981D06633F0038621EEA83813A4403
:10178000F2D9D84974BD3A644FF8DBDB2EEA3774DE
:10179000D902875F321C423EF48A94DFF9A123000C
:1017A000194B073096856B352C8EB1A8F0BEDB80C7
:1017B000AE2517BE295A2836BA2B2A654375382D0F
:1017C00099A7A8C8E3E713002D76337C3EDC95DBB0
:1017D000B9FA01F7EF2A7E6D2E4E4E36A1B71042B0
:1017E0006A87A1A3BF9A43BEB8A6B50BCA9294005C
:1017F0006CF36A8DF1D1B2D226E6D6175A3E6C2D23
:1018000050485C4C4592FCB10E59B81E3251DD7007
:10181000F991E88793739B0062D53B220C013DB29E
:10182000608D9DD375F351113ACD7E4005C311E112
:10183000B3CE1EE1112AE6E52702463F96DD4100C0
:101840005086253C5A38D956F3B4892CDF111053F1
:10185000FF86974A0A48170F6FA8C664A197248E7F
:101860001C3FDD30CB33F900E75AAD804ECF4AB68E
:101870000A4E01513EE4BBC8EFE28411F1FB163978
:1018800047430A780E0B3C8508550339D42FAF0027
:1018900089B9AF0BB5FAF6701B2FC89EA86AD04263
:1018A000575341EBCCB67BDDF2B320EF8C862F246F
:1018B000D615C374EA550C00EB5608EC1610CB2E67
:1018C0009C3AF7884ABEA6277880A114244394D076
:1018D00086A6B649F00A0E64AF5F44B9BA479E00C7
:1018E00055750CDC4EE18FF5EB82CD373DE7609FFF
:1018F0008FA97BC04531CD141923855B021D1F556F
:101900000D308536D7E07600E70E26B37A653AA526
:10191000561D980876B7BA69D0EB2CB3FFB7F274AE
:1019200087F6A0FD5157C81CCA82B766C604FF00DF
:10193000DC63A9E7212A4972883794A38261BFA991
:101940006DBF0E09858B19613846F246560B1B9503
:1019500033BB500ECFD37300369B6921C1EA8CCCC8
:1019600053C7AC6EFAE5368337F1A8446E94D92E8E
:10197000294E7D4235611072A79211967C56D10096
:10198000A1902C25F53281DE7FEEE37044A6F16450
:1019900052E874829C26B6BD09F66B1B5F59208CF9
:1019A0007AB870AA36023B00833A29EAC6DFC1C47E
:1019B0003ECB2877D1FFE4591248CA865F22D4C2B1
:1019C000B4F3B58998CFFDB0A89DC11A6DFF9300FF
:1019D00021AFEA0A40FBA22D0655646B010476F4A0
:1019E0007FC158515DA0709EA12CC5AF781235F40F
:1019F00033D80F39D7A88B00AD2A03D9E79137C365
:101A0000C884E9D6FA5DFD32DC4858A42258DCE0EF
:101A10007BDC3A6BB4E66DF6C5E1A2F119650B000B
:101A2000EBF912CEDFB925E834645E60203F4E2228
:101A3000FEE68995A5E6AB8DC66BEFB5770DF2A7EF
:101A40004AA3414C73110600FB006489A81DE60FF0
:101A50000C01889B07BF19DAD63DAF21FAF9331084
:101A60005EC39B97EE83367EF8BFD13EFBE6100047
:101A700026BF3FAB3BC1ABFEC1033FCAF396321852
:101A8000746FE19664CEA1D669B3F396E0815945AF
:101A90003FB5994B7D583A00A3D9FB3D96F777CED9
:101AA000B01E46833E07248E60E4596E0C4D0A59E1
:101AB0007EE123718E5CBEE261E8806183B14C00FF
:101AC0001AA4874E72A1EDD9DCCD91125A0618AD39
:101AD000E1F72637DACFDB10CA981F7DED3A771190
:101AE000549E11855E7FC0008A249E07D248947C54
:101AF000D75246C2F5E18CD2EEA6710BF2FCD1FDB5
:101B0000360B7A08E4C9A5E7427C51368466910019
:101B10006E7CD0CB133D9168E2B4C281C3BE3A64FF
:101B20006DF44950BF9515084B4EF43A0E2FF6024E
:101B3000D842CC2D6F4FF900073057CBB01C40DF97
:101B4000BF5B0E61B11A2F57B984F3CEE5676BB155
:101B5000FDD044CD02A54F75DBC8C4322D1B420019
:101B6000A84A5DEACCA62FDD50521F6923D60F94F8
:101B70003086C518F8A5BEACC024FCACE0219E4957
:101B800054E6D28CA2B90D0022D46B7A2D4C8BCCAA
:101B9000DDE4EE72F59723A758A46487BCD52A4DDF
:101BA000D04604E35971D5DC75C6BF4B11A159006D
:101BB0004813479A6D863F395311B4085E5D288AF1
:101BC0003DD27D34B9132B7C74FD487ED7E0672766
:101BD0009C5DB6E25AB2E3008FB986BB7EA44F2E5D
:101BE000C813259B338C8E6C28614004B1AAD17236
:101BF000CB01C0A13E1070AED079594D193075009F
:101C00000B8F413BFF1F9853D6CAD4684167AED7AC
:101C1000E710A87EA4B56BF9DE603C953751AD178F
:101C200030DB01B6C6198E007ED02D5D0D282495BF
:101C30001CD310624F67AB0A1B97999BB2654EAEDF
:101C40007906A5A8EAC9CEC7405ADC2622666C00F0
:101C500076656BAB3B6CA01D2B3C942574FDBC01E1
:101C60006F960A34DBF1A4C3DF8504A4D07537BCBA
:101C700004981E00AB19A800FB73D091D4DDCAA054
:101C8000A04F610740F2E97FC48B5A95D8D0EA4E45
:101C9000416AB8E9797D84E40D8FAC1EFAD17100F8
:101CA000BB3A63209A681D90D591CB86A71CABE305
:101CB000EEBFE7285D9E618749F8C89D526BD91534
:101CC000B7AB3060FD3C3800AB2E0B250598D22E0B
:101CD000FACD545F583CA2F77C6915745D52AFD6BB
:101CE0007C1FA4FFBD1D33D7DF0AC5C9AC63FC0050
:101CF000D0C3553156A7911D599B86EF1039D9CCC9
:101D00002A27A9F5AEE80F78F013C64D780034D72E
:101D10001F685A6E4F0156009BC06342007727D55B
:101D2000446711D412D5136302815F694CB07C9F64
:101D30005155505049D612AF029E176A2B4E630080
:101D400024A2F3FE60D57404FB386BEFB23C643C14
:101D5000DC6A31D779C7461DD90996C725B37931D1
:101D600037542E2B613D480001E8FD1ED0F096D07F
:101D700066A6CB30F6B3513E0FB498838A3359D35D
:101D80003661F9B7591E31E8A6447089BF336E0039
:101D90002045B9DAA229C0162581CDE66C6358DD4D
:101DA0009808331899194C20B430AF17824BED1DA9
:101DB00003D662C66ADBF000E61BC84144C9E19362
:101DC0001BA9968744DA4920C3D60FAAAE9C681790
:101DD0001E5AA5AB5F1AD147C9AFCAE3AA7C7700E8
:101DE000AEE3A043F0AD56F0E97ADCBB76781F4E47
:101DF000AE3F6B5CB469CCA823D145B068104E6D82
:101E00003C70F5ADFF1B7500086DC4B6DB2D29795C
:101E10001632B56BAEEA9E6B916A7F37A45BBE5FEC
:101E200097D0DF6771FC2778BD5180DCE386B10075
:101E30006DC820192EDD477DDFCDE3CAD37411862E
:101E400028F8CB153243DA9F3D2DF463047CD97812
:101E50001689AD6650F528001514FF03CA2B912092
:101E6000B24E3A0D6245044B2D9153C45F9AB1A80E
:101E70003452754500261649D2B5A679EF2F720067
:101E8000C7DFDB94A69C048156E222A26BB0EB3C38
:101E90001933C67DCD63FD9D49B504799ABE4E4088
:101EA000C6CF324E45EE6E00949E3D808E7C8CCB2C
:101EB00002EEE63933C07870D84E301610E6CCFD0D
:101EC000526973B0E8E034C5AA86A301E1180D0099
:101ED000C5CD2338569D577EC18870B4370E6ED35A
:101EE000241A68FEAD7D8B5BAAADCCF171D1608305
:101EF0003A609D247A6348002F24A2580B8A1FBAA7
:101F00003A1E2DCB2313D92CDDBF74E8B28D59892D
:101F10006B451FEE73C99C821D9DC8845DEABE009F
:101F2000A887D638996D47202E3D1DF15F274E1D9D
:101F30003E37A242A80F156C5F914F48BED95DE2B3
:101F4000320D59370A804700E2209CBA368B8DD378
:101F50000103A7B2D2E774260E8F02B0B4EF86F762
:101F600051B0450069713D9A48CAD43DFF92DA00EC
:101F70001391D6CA8F14086740A9C1B86AD674F9FC
:101F800074BD1602BC9E050DAA89427388EF8E4867
:101F9000C9186EB02401A100A647DBD46B167E40A1
:101FA000E33B17B8D117B2ACAD9906E72E9C53B4FA
:101FB00037A919B80E47021EF5F8D32A5E2A490040
:101FC00092D7F25D0FD2DCF3B7885191C1E8B62FFA
:101FD000A0CA66C36D8C01FDCD9932359EB92D0A1C
:101FE00007AF512376DB7E00117964A537967842DE
:101FF000ED42FC07B86F8F3882D7AEF4207B61CA00
:10200000573B2DD90BD0A4B7CFBA1DC680A33A0039
:10201000A336D85A858F8772DF314FD01104A4FFC1
:102020002303C9C7AA054FF92D6CA688F37493380A
:102030004BC18CB0BA9D8A00BF66D964A90889AB30
:1020400050A9C5739161D7067F3BD7042884A2FDB0
:10205000A63B5487EFE479D5B731311ED345B100A3
:10206000B7B632E84A12847B91D58603908ABE05C2
:102070004EC6AC487A402AB5AC80F3C22BB36AFF97
:10208000AA3E3FEC00BA5300595248DFC5637B3982
:10209000185EB9C338284D695346F0C5A238F89F79
:1020A000B4EBCC6DA6ACFB7630A79513614D330035
:1020B000ABEEF9A1127AA0991ABD9B99B68DAF3EED
:1020C0003DAB92EE8AB2E703C16CF94FBC94D71DC9
:1020D000540D20A86F7D2200F89293644C386666F8
:1020E0002FEB2D4FDFCF31EDB3FACC85B7944F3FB7
:1020F00086F60CBE8D077BACA2FC9178D03707002A
:1021000059FC8EE47BF033BA491468AADC1DB70988
:10211000481EEA28583C3FE7A0D33EB0A6136FB74D
:102120009912E2172C539900EE560F04E4AE6BA1FE
:1021300018A9D6DC16135874BB0F44D9B1EAEDC9FF
:102140007C12BC09CF0A25865AD8C88C30DF07001C
:10215000A699278D29988AD880B407543D6761E5F0
:10216000F3BCEC6FB5D219AE367D48115473B9D0BB
:102170008F6A283414650D0004482B72A1E2AE3E2C
:10218000291C9B9DBEB210BF9D27A72E4027864FBE
:10219000F62DBD44D2C34D7560DAA9C404DB3A0004
:1021A000AEB9CEEF4DFDD697E47D639601D34B3D9E
:1021B00045F0D52DFFDDDE0D1964CBE1333937D184
:1021C00078D7F69E0DDCB800977B64010B82E84659
:1021D00004F034B56D882B584032CBE7B2BEF936E7
:1021E000FDFBC0956A87698BBEC1663B0F18650011
:1021F000A1B335B35CCF370FE84E0B08C89D5288AA
:102200005E9660596CDE9FC2A79F69E1C120DA1417
:102210002E10D0CFB6982700604FF1D44A7D4529C3
:1022200022307D55464C39EF023389271DEC5D7B0A
:10223000EDFD4EE5632CC5381CA9525A74530300BA
:102240007AFD575ACBC24AB8ED663F31F654321682
:1022500056272893E84818A974BDDED83BBE8C41A8
:102260009B28F98063671F0034257B6D7A5793A9FB
:102270001240A54675E3045B4A07AD91F1DE0828DC
:10228000FE0A327467599DED66801F488529DC007F
:102290002D88EFAD0B116A529D970FB514B56FD015
:1022A000EC8CC3ABF830B8B3C962724CB1316E6F0D
:1022B000EDE57D7E05B91C001D5EF06DCC32B3E905
:1022C000353FA9BD7745369C4C35D6E755AE9BEDDD
:1022D000DDF834EB0AAC5FF075D922663CF5B4004A
:1022E00011594725E16A19C338818810E4969BB9D2
:1022F000B4D20769C3D9AC871A569B19F588AF6069
:10230000B07B219F05F3BF00E8CC5C0B693AF2A9D2
:10231000C1579016AE8C73665A610776020F3FBDA7
:10232000F1EE6D90BF598B032AF9102CB3076100B1
:102330001BEF773A016840D278F83FC01AA0FC85BD
:10234000C39C52209331036B37658BDAC6DFF613DB
:10235000038B03C769340900B7E97D39CDEEBDEEC3
:102360005F2F792ABAFB162B7E1EB5B311862C017E
:102370001F31ACCBF9F1ECE7D0EA3BA657B26000D5
:10238000291DDA4375B42AD1BCFCAB90B442B9CF55
:1023900053B90F332A8C0A5114D710FA0B5DA28D52
:1023A0002F9130AEDBF9B300EDA72BC5B4A8B17FF8
:1023B000D3989EADE0026E5997680CB2ED9A536BBC
:1023C000C8E40FFFC5DDDED5406F86AEAAF3AA00D4
:1023D0001B759A182445E951FF9EE76421E40F1A02
:1023E000F51B22F85A1780BDC1F084EDB30C196FAC
:1023F000E43943C26A63C8009377B98032DD8CA8A0
:10240000C20231C48AFFDB257C898ECFEC94B724CD
:10241000BD751F9C86C815E4C1FB86FFE3671700E6
:10242000232A890F2FA304490DFB0DD002350C3749
:10243000D46C4D60078DD66C95E5D91B558AABC21F
:10244000F91029B3935D6300BF64B379AE449A6217
:10245000E45060B793631A7CCB26BA65F23BAC8735
:102460009625283B36EA00B724593C994DD0C50043
:1024700084F935900BDA4EE201011B364E7F493C60
:102480000A3347D5A07BCCD78A40DF0B925040CB94
:102490007FDCDF04E094340005DC8EEBCC77610C4C
:1024A000202415CCAF76F71B8E949C2E0607D3D62E
:1024B000ECDEB17DA523C3DC32E71A28C325E90091
:1024C00005617DC32433C04508A5903F628B60C27F
:1024D000F85332605CD35A17418778709E8686C95C
:1024E000A5D88165BB6D7200BEA5C49AF22B5D199B
:1024F00011AD772A7CEA7A9BF5B739A46E6622A5DE
:10250000D5DC3870978D1EB2A0B061D69E4A1500FA
:102510006D33BA7595B1BBA6791BCAE0F884AFAD2F
:10252000031FD0602273346B64F47F4EDF85B48464
:10253000BD3C5AD30E670B00E8A8037C20657D6A7A
:10254000B54F199B8DE4933AC8D8AFAD85112CE7F0
:10255000A34D928A2F8274CE68F9F22205B36D00E2
:10256000CE2627DA444510512BB79CC8A3BF1F764F
:102570002139D34F21951D802DA0AD4BB2510EF1C5
:10258000E65DC1D6226B5200B140746B5117444EC8
:10259000FA097CA3F594FC8B011396A189124C8D4A
:1025A000C04D14FB9423595FA3D09643BC1E0B006F
:1025B000D11664587049ABC363FD0BB8EFEDFFBB98
:1025C00090268FF24187CC41CD0D7A5EBF03AB31AF
:1025D000CB885F1E88E55700BBC5A147ED4996A48F
:1025E000A2A5D4F0034B44172E457B0085E95D205E
:1025F00068592954B2F20A6F558CE46BD2EE7D0013
:10260000ABDB6F9C8375B7CDDDE95768D25F893846
:102610008CCCEAAADC44B242454F0B00AFE2126C0C
:10262000A6E3C07695F99700CE121BB2A01B93F9D2
:102630003E189774A07F6C6709C9F2D053353A6B86
:102640004D8A1E69038C5FE89E7AB0643F7F4D001F
:10265000F0209FDE5B24862092924E58DAC7DC146D
:102660008CD03CBBCB86D5E8ED699E522E97089561
:10267000337BD381B94A1400C105173B77C4AE3010
:1026800031336B65E392757C7839B65B550EC88B38
:10269000DC3A2FC53BB254CE5EEC6559D7BC4F0037
:1026A000AD6591BF8429D0A38997288FB363B8CF34
:1026B000A376DA273A787C29347ACAFFCB0D7B37A8
:1026C000D0CFF05132FCDA00A12BCA5C1FBC6BEDFD
:1026D000D852DDBD05CFBEBE1AF4BC32F4EC9A5020
:1026E000B068A5A0FD81DED40DB95E3D1A709D00D5
:1026F0008BC58EB2944E56ED2A9C32CEA5BADD51D2
:10270000AEABF89F82B9CB68052AE851A3660426D0
:10271000B1E8AEDF396C3200B83C5FBFED829D4A54
:10272000640F46916E14CF730834A92E2586C263B8
:102730001720242F4F830D85C989B0B405D6C80052
:102740009C3B872BFA05B7EC4583152DBD20746B98
:10275000942CEC4C5F1FFEFFDA21A8F6855E70D347
:102760004B254099BCE8270068EAD9904B924C4E23
:10277000D90528B1944F6F2C204067BED825E0E1E1
:102780008050D28C233E6FAAE0FC97EBD57B2400CF
:1027900007848AEC2B531E84E4BCC94626E6CC96FB
:1027A000BA9AF49FEAB4A3CC951D8BFB62CB038D40
:1027B0005166AC3E8CFAEF0010FAE2FE3C6E96FCDD
:1027C000B1CFE735FDFFD08E8FBAFF01680772C425
:1027D000C4D0BD6A9DDFEBDA113C7420FABB28003F
:1027E000F11B9AEA431BA1C440947BFDF59F1EDCBC
:1027F000F8DC167DC5D7DB646326D84A2A6B151131
:1028000089D2FF56B69F1D00E09229A901B91F0F7A
:10281000DE9CAA15CB41C74673A4C88D0593B9E4C5
:102820007FFEA6B7F5A9D5E1B80BE9AF05722A007E
:102830006FBE1E18D72EB1646E41347872EDD5C3C9
:1028400012FAEEB9EA1BCB37DB9C0AF06CE06306A8
:10285000D34BA8B1FFD7FD00AE6AC1454A678E537E
:102860006F04999B84DA0BC7DD114C66CC9C561E15
:102870002DE0422C1DE86DA60717BD65FA22610008
:102880007A38451ADF022BF7E149723FFE694C03A3
:10289000DE820DA79370971C10EE0679B8DB3DDC45
:1028A000F41732ED4109AF0063CB48BFAB52B2968B
:1028B0004E0772D00F1CF5669F3BE3E32637BC380A
:1028C000A9B3207388272EDA42480130C384C1009F
:1028D0006BC4C2C4F213D4ED2CC952BBDCBF289E1A
:1028E000D96D91FBA401AFB5DCEE18C7452F622A64
:1028F000D37FB39A4680EE00462D670ED115ED5D6D
:102900009D3BB764A477BC8B63D30125B03E2E1FDB
:10291000559ED8FB4C999F0A1CD6CF176AFF6F00B3
:10292000CC200882D8231DA52023E6A94313994370
:10293000E91D315CB2370E1BA5639E24E800A5BBE0
:10294000920B08A49F47D600642A81D9CB2EA0D130
:10295000D927B01CDF306B0C533BD2A5054197DA69
:10296000F32389EA7EC128544192C883644C5D00F8
:10297000D4DBA8D316F85F7AD7F81BDE04B9CB8E68
:10298000B6F09DF4182ACA314DB116F792510B4892
:1029900021CC09E307DB7D00BB9F352B0B4CE5DE2B
:1029A00005CC156CA8FFAA48A3C029736E5B1EBD99
:1029B0003FC8E550BD2B9D64855F9EB95D8D0E00BF
:1029C0006B0429BE6BC9944FE00145354565DAE8D3
:1029D000FFE7D93ADC1F182BF0C08D5A5674812FAF
:1029E000D0911F23CB1338000D6450A70A6047AF66
:1029F0000F832512BCFD68AD58281227E619AFBA1F
:102A0000632703E41DF2B27D120ABB50FB22C10012
:102A1000859A50B57D4D7D73742298BBDBBBB58321
:102A200032260FC902DC768334D44564F35476A28F
:102A30006F1BD0525F0B21004F74A3E9DB352F21B0
:102A4000CBC805B44481A9A0A432317D2F871DF0E5
:102A5000E7F4B008F6BE7F1CD4DBF984B3AB6E009C
:102A6000CCD84658B4F23611ED88AB625836805255
:102A700022FE9DAD7A0EB9C3D9921F38C91DDCF470
:102A8000BF7353AE62616A00E1989FCC4063B5F0BA
:102A900083D7B8C2B65893FFFABD0A9F4A8DC72C98
:102AA000A246607EEE2B52D30A73F9F4A9114500B9
:102AB0006C17DB1EE3195EDB35995E9724AE574D2C
:102AC00088B94472FDD71786E637443FC7D3485AC2
:102AD000BECDB2BCA81D4200F7A1079B2903177801
:102AE000411EA887D543B55D5750E08E112663A7D8
:102AF0007F237B2968FA5DA97A9353D2E31EB6003F
:102B00003F2E75C50BEF79E14E2C68D0652030F66D
:102B100043743D7472A86CD547A79748AEA3348818
:102B20003215EE1737262E0095B34996D7DFB054ED
:102B30001144BFE6C3AE24F54E5AE3330E1F65FAC7
:102B4000E2E1BD5FF5B47BFDE43A01578C804700BC
:102B5000F557445C4541EAF9787BD17DE1FE799AED
:102B6000F93C695CFCC76E8073AF3B963434A38933
:102B700037768EAF37CC690064F2C3DE9C419D0D81
:102B8000624F0A689B5D633CF74EF8506137FFD88F
:102B90000B8782CAADE465CDE3B57A7A3A9B4700EC
:102BA000F1DE9BA396B877693F4C95EDFCB74C17C7
:102BB000BD7297DC0B71ED7480896C8E9B133C4663
:102BC0009DF409228F51CE005E2C5F3BD268E9F460
:102BD00065DBBA2644DC1A06793089B282282F6672
:102BE00020C7C6620628F5DA23040009D28A7400D9
:102BF000ABCE239BD1028C45AE38EC15DA056EC600
:102C0000214B42FCD39F458BB6507EF0B9C54F0493
:102C10004EA73886F93CE600EEC354D20AD5CC0B59
:102C2000D48DCAC8DA54DAD07D77A72A2BD6EBD751
:102C3000ED099343F024152493AD134D37B73800B5
:102C40007D7FCF53F8FEA8C8BA1040EE771DDB6237
:102C500009F3C24B16DCA19DDB4C61A67486A1274B
:102C6000FF5B73B0C8409000A4B2B3DC53CE2256D1
:102C7000690BB53FB4F8B02DDA4286AA1C9AD7C8C2
:102C800099E332E99420613AB8EBC20EDE9D26004A
:102C9000ABF49D22494D3C4E16F92D385E5B9F38B2
:102CA0001BB622299E3AA34004EDADDF11E9EA02EA
:102CB0001C9374ECCE9D120041228F8462B4F9EF14
:102CC000AFD5F38C935E263CAC10C3DF11CC5EBC59
:102CD00029CE9D3488BEA53D3A0568AF671DF30037
:102CE000B62EF1DE294EDFE3AB5FD0D66115C7CB40
:102CF000BF23968FB512627402CE0125BE8C87E089
:102D0000FBFCEEBBAFC45A0000E798E0026ED43380
:102D1000FD11EC166627BB74EBBAEAE9B8E33F791C
:102D2000692EC6EEE1AF6A6242C3DC14C7BFC600BB
:102D300086BE5CF16602A2CE8CC0881BF3AD6880B3
:102D400059D931CD2667BA881001EAB22238EA5C37
:102D500010FE0E9CD8895800E873816CF5AB4AC010
:102D60006132B0CF0C855D8A337AA455E36985D48E
:102D7000A7193BECF264117E055E3A77EBDBC600E7
:102D8000EE43ECCA47251650EC945302FB982C27CF
:102D9000CDAB9E41D837B54C93358327C18251C006
:102DA00017DC496A7586C500B92FBB45522DAF7D2A
:102DB0006BDF6BD93C1D88EA374D8FFF60304B18B5
:102DC0001FD12705EAEF4C7896F6FD24FA196A0020
:102DD0000377E7393500B63FA99268826212488BC3
:102DE0000869575AB1954F15D7FBEF7F72E3D7DBD0
:102DF000515C8AEC995411005AE3F3B77F4AD0EB47
:102E00001B91E79637CD1A317520CBCD36B176EAD6
:102E1000854D3246A9BB081A0BB61F2FDB6FAA00DF
:102E2000AF9283AC87F86A2A3E0113C8FFFDBBA2AC
:102E30004011A9A6ABAF152B6633C141A72E79CFA0
:102E400068A5C448AE5C67007B1E46E8D17BDD61A7
:102E50003AC6DED50CFB4FA66916D640A2FA2474FA
:102E600075310D859AF8647CFE3B587FDA6020004E
:102E700038FA051AED132E0D952271DE68DAF6CDBB
:102E8000C06C723D9CA0A0C94F3CED28D498870827
:102E9000956F50CA28A2C1008089B47DCB504F697C
:102EA00077FDFCDE1DBA90F23846FDA0D4F411CEB9
:102EB0001369A6CDA0E8762A70125DCD5852130092
:102EC0000F8EF360856BB825D80FFBD3075498B3EA
:102ED0002FFE1ECF684FB93B36E9B1D8ADB64631AB
:102EE00017C14F2DE33A59008F06317FB9AE6C659B
:102EF000FD099BA04DD09F87301105DAE3C84754E8
:102F00005BBE7B76C9381CD077D41D3B521A530068
:102F100097799B23D663291A232A70DD2A620E3DF6
:102F200005B06C4311944431D428E1C3888C45B07A
:102F3000A68CC1BD86B4A1008414947E2E9199A95B
:102F400084475B242F6734A36376EA991C741C12B0
:102F5000CECF8D18294E6A1984104970E7DED6004D
:102F6000F1B4BDA636D8DAB552DBDE45A9266B68CA
:102F7000E429FF3C1BAE6D88F8E82385C84795A17E
:102F800006D3DAF7BC82300010B455EA01B236DB62
:102F900004D1FB59848931977ECE828B3BB7C34ADB
:102FA0001C39C7A158BEE9D0169A4A8754A12800F7
:102FB0003BBA27D27D9C337F18EBC35810288B3A3D
:102FC0002834B385E510A868C77928053457C7BDEC
:102FD00084F55AE1EEBD94002E12627FE703933B25
:102FE000AC1C2FE5EEC4CE98CB7C8064DC0176CAA5
:102FF0000E956030A0D1EF1480647BD51BA0350006
:10300000D04D8A0186449303D3C5D65BC1A007D2B5
:1030100082AB57B65B6FF2C541B8EC3EB07F36C0AD
:103020007B51A0B6AAD89000E3EDE22CE7D9E38863
:103030001A34DB43D73113749185BE729C0D54B39F
:103040000727556B08F60A7A0F41CEEC9BC458004F
:1030500013915E9456F45324E61B51C004BE4C05F4
:103060009F19DB1147B87C58293255755E809864EA
:10307000CADF3AA0EB9A5C001D24CC0477957463F8
:1030800067784C9E46CF5954661F6AFFB353E3DA04
:103090007243732329A7D8AFAD0940E37270830050
:1030A000F5D60121AB9CC1138D74D09DED9D1523E8
:1030B0005DCBAAADC3EBBF65C11EBF6903ACCC3EFF
:1030C0001453761AA636B50057AE083463DF6E8DFA
:1030D0007B7E960463F185FC29B01B22C3B0F66E9B
:1030E000FC0FCDB1076A28658F22BD18D8159F0047
:1030F000060D2EB1FD4A11FE0EF782E1012DEDB451
:10310000450105772BCF59C711995849248B68ED94
:10311000AA91D6D3A346FD00A52E41F737D6B9F71D
:103120008E8A41E5DF78BC1B6C789C901A7C34D683
:10313000A9A28183F2397610973BAAD1D0D096000C
:1031400043537CCD2B16FCC148F8827C6B83E00E88
:10315000F270D48F928F90E4CEF521FE125786C87C
:103160007D7F8E5E085BCA00769173D85752171A1E
:1031700062137122913B978E53B2E2A3E35380E531
:103180005793CAE4CE8EB4FF87EC89D10CFE92002F
:103190007E55671F3136684B61302249C56AA14EA2
:1031A000B2D2D4654FE776CA24CC91D6634EF808E4
:1031B0000A390DD867808300956EB7E6DE723D113F
:1031C00012BC6FA93AF47002837865847CAAB2B805
:1031D0007712E410633181D5E16F14628B631300C1
:1031E00090A6B7F12B280E73A1361889A2FF2E6E78
:1031F000EF1C3B10FCADCCC646FBC72ACC203A27BF
:103200006DD564CD8E4E39004FDAD591D76544DD4A
:1032100038ADFD7D9B8C1ECF32EDF8463E95377B59
:1032200041E1C91D5DC52BE68C7086EF8732C30076
:103230006298A7D5A9495ECA8023DE63BA5CA6243A
:10324000AFE185A8731DD45F2D6410814EF1A37387
:10325000D0F879A09F6E41002108C35400FE69EAAE
:103260003CEE7900B659CFF2FD07E5E5433716127B
:1032700099AC9B7FC83E6C5B191402C77170DA0071
:10328000328141D26DDED695D76C80188ABB03D4CB
:10329000DB6B76EFB5CED23A761E79FD274920CC8E
:1032A000E03919276B9D910023FBFC468C126F8C33
:1032B00058664CE42A743B55EA2AE5A9DE40EEBE86
:1032C0003830B7D45DF8F70D396CE99B5AB8660011
:1032D00028C0514C85F39F7C66781B57FF19858F5A
:1032E0005AF8ED95BF4A1A6A8E439C66A21A1D943D
:1032F000C0791556326D8500668672FBA51C348A2E
:103300008CC12274937ADC045B0F733F731E2A59BD
:103310009A8D2E8C568A12BCDC3076851860F000AF
:10332000E36A8DA0EEDAA6669BEDC777DEB53C4E6C
:103330005C6DBA70E882A8D5AA4A75D0C20892E836
:10334000C7DE443A38784900B557395C418AE567A9
:103350008CF4FB8B3A8DA21C51866765AEFB2CE486
:10336000ABD108699FD1B8195C30E88F2ACEBB0079
:103370002AA5BC686BC86EEFB011667D528585D8F2
:1033800052E9F9E1FEE5C3E003FA5024BC0B4FCA51
:10339000DFFB9BC118B6C4006BD9113E152A53A59B
:1033A000FCEFAB2400D21210614F76F5F90CB0623D
:1033B0002D84389309D4EAE236C896566B966C0091
:1033C000FD2D746812499749BE7004D64D375AC214
:1033D000810FD5DB9B6860121CA28ECDCF69FED910
:1033E000A5E419BD46FFBB00DE812F09D31E048969
:1033F0008B7D3203582A6BAEC7B0BAC90CB611E741
:10340000A31463DC42E803B9031A150D1E3D8900BD
:10341000FCA345587C6AF5B6B3284C4D3FE0B19FFC
:10342000BA4F1BAABAECBF4FF80333637AC95B5596
:103430002E64659BC9235500D8CB909BBEFA29A664
:1034400082F53B53392C99F5F7FEB86D678AABD1FD
:1034500083D5E87EB1C8765EC7F3C686D26F180002
:10346000E1CB7C5355C0B5B362111D8BF2EDAE7F3D
:10347000DAE1FA6AD0DA58B363849A59D223692719
:10348000250983D57F3883002C4FC7A13B72A38ABF
:1034900069A39B079636B73CD05711F40AC76E75DF
:1034A00059F912327CF7C003DCA4F0779474E4007D
:1034B000A44D9C0A1941BFE2073CD266693610440C
:1034C0002B3B56EC097A8BF66C0B485A6A47589698
:1034D0003D58BA3428235E0070CA7936BE515278FE
:1034E000FE747D9C8A9A7701EBC1B99F9A0F0656AC
:1034F00004C10B2063E4A7FB58A56B1F3A9F79001A
:1035000016FF89A3EF3806F54DDC73E76DFADA068E
:103510009B275781A1FCE6DBDB7BEDB06E92149913
:1035200094CCC80367F52E00C3DE401789E2CCDCDB
:1035300040CA1776D01DCCB1F01096A6ABA7FEAA54
:103540006D11B528639A85467A6DED6ED732D70036
:1035500062C37F8DDC6079B8EC735EF9213544F786
:103560007B3497758032A38AA54FE8ED327072E6FE
:10357000FBCAD8EF74A9BC00B8EE9D047207F5F839
:10358000C295212723F6A49A5B6BB33C74101F12DB
:10359000E680EA8D99743D10B34FADC5FFA01400CD
:1035A000A1DF7A3CA36B3BE2DB5D943E224A42AD55
:1035B0007EFA18C7F92F547296942A087C1616EBD7
:1035C00017D3EC44A8F341004830A1FB164D079DEA
:1035D0002ECE427E332872869663165B96438419FC
:1035E0005B405F5718B81A2389CD7CA3C11B8600A6
:1035F0004498D7E253757A8E74B3826B336D751F1E
:10360000E84228C278CBCCE6599DC87EC0614EE81E
:103610002D97EB756AF9B4002C97A45819FBFD6639
:10362000F0EE7A6CFE88276BC51578893F91F77BA1
:1036300079B061631CF210E4E83D14BE8ACC3A0014
:103640009F092E3952BBB4BFE7239D25442F04CDDB
:103650000A9F726D917416D4CCDF355BFBAFAC2B37
:10366000140828E5A0C6C600371309F98AD2983392
:1036700027F56273C16C6EE54A81C6B7783FA6F440
:1036800087796527DDF13398C48731CF4A7A1300F3
:1036900078552B1A1D4730FE505326D5DF592BA1E4
:1036A00048F89C1FE0239EB5304C324097FD37868A
:1036B000EE28D7172C520700745E9B5057B2CBB13F
:1036C0001580A03565CB5B0E6EE53A18BE01A1DB17
:1036D00094EF11E7AD195894292215ECC6590F0043
:1036E0004595992DA0DB4C50A199DF4BDADD05CF34
:1036F0002AE3B4F78AF725B296FDD6059E2D284910
:1037000044FE18DB36B20B00F56B03D47F24D72EB2
:10371000B50774486BD16B436C212DFE964CD8874E
:103720000F3A54C515AA6137DAC303DD07CB9500FC
:1037300032D2C5ACD42717DFC653C68F644BB194C1
:10374000DE5B38AB4DC457505328B2FFF96CB6FC62
:10375000BD6C05D572264000EDAC28D9213D815DB8
:10376000B6A8D5EB07740E65968D32E85CC3956AF2
:1037700084FED77CB75FB6ECBF99D0FC22E8EB00A3
:10378000F5DE09D83FD9C78D356B964BDA9FF79E8A
:10379000B5936297F4B68C08631032070463257AF8
:1037A0000BF6700B3BC1A300C50FCB61973691732D
:1037B000032CC28DCA6EAE81ECA209E84886F5439F
:1037C0004B04F2AA3ACD2F7AF0B7B15D85C9C0009B
:1037D000EC81A594405AF9AC76D89989EB4DAE5C52
:1037E000C42E4FF0346B39895E1D30F0F313A39370
:1037F0000242C27F12CADA003419E7CC30E4F64C38
:10380000A75491650BC94FA1BC0CB1C6F61F5DC38F
:10381000794E51FED950345DFBEB94736E567400B3
:103820001E7E76EC10C3B2BC86F0BB1745349B8A73
:103830001BA506558F1971D44ED747210C9A21EA42
:1038400065B76EFC0DDA4800DFFE781AA8B8ECDE2A
:10385000870AF78B5B96696BEAACD72E2D71F80E51
:103860009EEB16D53429EB683017DAFF9ED684001C
:103870004F932DA8BDC816F5329728A4F429D76612
:103880009AFA4825C643AE0D0080B0D12E62D6E428
:10389000B2B9CB516438C5000D24F5B4254F493C6D
:1038A000F8FA9E83821332D22211A490A9B97E5BCA
:1038B000D408A7E4AA69D6D82B92FCCAD8E96C0030
:1038C00059E07AA7F67F5635C8FE838FC3391DE7C6
:1038D000ED2CF310CD04240D8E4F861FC595D6A573
:1038E00081F09BF1DC8B0200E6AF8D5D3D87CAE085
:1038F000B0A24D45F922840BDFAC19C88A70EC44A4
:10390000FDC692A88595C4596225C7995DEEE10070
:103910005769763E84A1AD7ACC12D2EDD14E98BAD9
:103920009BEA6864FF6A433896199B513C82406861
:103930002AC13742B37F4D00209664D0E33A147118
:10394000F8DDF644326204C6E2FFC939B5334455A6
:103950006CFF56A456C59066A24D3168DBDBF200C1
:10396000ACD7F56E9AE8CB6B2055C42EDB6033C321
:10397000CFDE9F34FA719D9293211D34E6F77905CD
:10398000D8D89FF3FFA2EA00D5F896A1BFFC230682
:10399000E2F19243E0C44AEAB384A54602E39C23E1
:1039A00033839F3BB5BC10825AE159AA2834B30037
:1039B000DC59958030FCD57021B7ECDACB8E80D7FE
:1039C000D17E536D61E1B6E514BD33A4A9C0F99D64
:1039D0001E79FDC3E029F600D0ABC806104994E972
:1039E0009B96F120558F62A8D00436989DCD4695C0
:1039F000ABB616A844A71F5F00A46AC60138E4004E
:103A0000333E6A2E000C04DDC9FEA475B897E54B61
:103A10005F82173D2820A8633B5E81A471BD8FCCD7
:103A2000154A7674BCA8820090BED7023ADD7C3974
:103A3000F9005CB2B3765237E28C14C0BE90BF1668
:103A40003E4EA36618F78F457B57C764B424EE003B
:103A50005C869D3E983D3875DE9E341B62E40C6E9C
:103A600084D1E9E30DCB438043DD8477B2C89F2A3C
:103A7000100F9135C93034002F824E170A5ED8A33B
:103A8000F24AF4FB2D7A3035501330CF6B580E309C
:103A9000E55B3DA48C06A1F8557A6B7E021FB5004C
:103AA00021B672D55F311092FA0712C02823D92CA3
:103AB00070EB9267A29380EDCC26F6768FA5870AED
:103AC000515D41B0F7F07600A0E814E80F768BAFB7
:103AD000F7B3BC9A2821DD2BC1CFD77ECA2EF2794D
:103AE000C007E6D74637A3BE6BECBFE568AB7300F3
:103AF000CA38A61333AE220E2E200D0211751115F1
:103B00005544CBFA79C55490227883B8A8FE8D0726
:103B1000E5B2CC8C2D59DF001E88C85CED26646FA1
:103B20003FC901AB1C1E67C1F539B81F9C4CA73EAD
:103B3000D739AE78737EC79B51EB7917A0A4C40028
:103B40004F09B77407C7820C8E7BFED0B18A420F33
:103B5000430982C6F101A63F14AF5350EE261C6004
:103B60009DA3A0E8443A0F00DF17C378B0876261D5
:103B7000B73D66E5CB67D5A9859002DFE4CF4CD190
:103B80005BC810216B601F2382500A7741851A00A1
:103B9000618E82FBA6BCE876A33CB58808D6A28BD2
:103BA000CED07E1F45E5AED8A5A95A77B919A66B28
:103BB000E865BE7BDEBC0200229630EB6A6B80B407
:103BC0002C1A538452370FCC9503A4715F1968AB3C
:103BD000F3751F3C615562A4CF68602BD3974700F3
:103BE000F54B9EBAD78344309741CC57B9AB651695
:103BF0003CC7235F1C2E7C45FA0BDB1DA4AE7D1D4C
:103C0000DCBED5A5E1680C00704F84CEA2302EBA80
:103C1000CBDB642DE63E480E44D4998EFC4DE2CBBE
:103C2000B82F3DB8B54A6C04999FD8EED0A4750062
:103C300041F2783E3AB48EFC2611A64C81797D7C07
:103C4000CD51FF375433C79A61C091D98F87B49350
:103C50008A7DC84D4B8AEF007B4570743B0A325118
:103C60003A5612CF17489E8584C9116338CDD14B7F
:103C70006AD600F4B98098140D5B0E66456A0E0092
:103C80005F675448D95DD6ACAD0095BDA08ECB80A2
:103C9000A3A5AF64C0ABE1F2F3C4B83B62574F7168
:103CA000FB1B789DD67C0800045E69505DC1CF94F3
:103CB000F6B3DB5864CE18BA349C6EAF5EC9F92BEC
:103CC0001BF398B8858CE77BCF47981B2036D8002C
:103CD0004711CF4F196A2B764641E6F78D5574751B
:103CE000FA91898169EEDCEB404BBAC4950B160260
:103CF00017055D52385590000D4092F6567A741CA7
:103D00003CABFDE955BE4168B6EE6F08355B6523F7
:103D100022F4446D1E2A50EAAD2C53AC7C785B0033
:103D2000E3C62F1B324D2ABAA133E3B2773B449945
:103D300049DC1D88B09C15DCCCE547305E50663709
:103D40009CBF6D526EF35900CEEB357F7C25C68E3D
:103D5000CCFB926AB5720CD42E2F0516B803CC4753
:103D60007496FEA002AF1FBA64F36E3CC809470008
:103D7000E90A54AE2F16CD61FB86E6AA8835B9D57F
:103D8000F07C2B759C403A73E9E71C2354C463A173
:103D9000C465A7764D92FF0095BEF094B06F57545E
:103DA000C98A268940B9251E25DB09C5C1DA5122F9
:103DB0008898E32DD7C601EEF7E3E0857202040090
:103DC000C6E655B1F9FC44276972FD1B463769FF09
:103DD000AECB5768F943D5C168C749DDF65A353DC2
:103DE0008F1306BB51476100E75C4198E4B8C7995F
:103DF00047814DE591F60477DBD251221220252030
:103E0000077FE0CDCF2A2AFE74397DCE7F0BCE000E
:103E100031E31A39A348AAB0A38D138FB7EC24AFAE
:103E20009A60DB5C970048A7853AE87F4A3102AC8C
:103E30001CB820E2B135A10071437B795CADB43C84
:103E400052482BEE52CD717F7F1DA9929E1B49C90E
:103E5000A37B6AF828D11021DDB4F1DEF2239100B2
:103E60009D26EA69DE325A4FDC8F02FD7E84982857
:103E7000238D2FE5AA4800078DE2EF81D511BBCA3B
:103E80009CD664356A4773006599A1E23DE5437AA3
:103E900095EA000DED983C00F6175349D8D961B268
:103EA000BBAACF1331307ABC092E2D4548D19600DC
:103EB0001E1A35618C117063EAE785D106D187B38C
:103EC00082C33EFAB6E486F506C68FC93B48CA40AF
:103ED000D7C6588CB5C984008119C18F0B642523BE
:103EE0005A846CCC42A83E564E5049DF3A3BFF26DE
:103EF00052F93280F3BC2DFAFF2EC88122EB2A0042
:103F0000AD8C1FF6D49236EEAD20C1D452A1A0F0F4
:103F1000821FEA8E25880EF18262B3C0AFC7FCE62D
:103F20006B9A7998331B79001E192CA28ECD0996B5
:103F3000BCA48E324634B335A91A2D34A69E36233E
:103F40009F78D5AF75A8DBD57CBD70553077E8007C
:103F5000B225F1902F367E4C230253DAA1A485D4EA
:103F60005A04888095E516BD9720D307129395D4FF
:103F7000630E2B36FC4EB3000BDCF4518F0C245136
:103F800077CB1F6891858AF8034E57C60883DE44B5
:103F90000404DDA3C5A5011D97F5A35E11833300BD
:103FA000B200EEB5982E969222169D2182B349BF9B
:103FB00049587F49DC1EBF45576D53ABBBC18B9839
:103FC00065C547FBA3798200D2E767AF60D8C80711
:103FD000A817941EB1E12AF5E96294359E562FF890
:103FE000BDD5DF21331DBDEC61F4FC53C6114F007C
:103FF00029D250B3CC3A7C63FA30017FDFF17DB235
:104000002BF1CD8028D2AD059CC91FE910A1EE0B84
:10401000DD1903404F48FD00F66A6CB239D31E3DEE
:10402000D3C4B2CAAEFADC8F496AC4B04627D1D035
:10403000A5F1767F8B6C4BB63A5DDC145771DF00CF
:10404000A0D2F4A80A3DFECEDF51A35AAD09FA1D55
:1040500061EB4AEE457633D1F1AEB754E89D7D8DE4
:10406000ABE255C4BDFA5500973D550C37CF5FCE36
:104070002A6B4431E2C2E3B83A4DF714D311BE6F54
:10408000C8B9C0B05DC4F735A3FE0DECFAA98D0028
:10409000DA75E162D09EF168168427487E3EB269E7
:1040A00059D1169307260EB625F03BF1C4BF5B3BF2
:1040B000B6560F53FEF61800A66062BEA6F43B0D7E
:1040C0002A0CAC2BC888E6C86BF27C9042F19A634C
:1040D0009BB467A28498D759D4B15BB0F01DE000BF
:1040E0004A162622719B3930CC85698FF76B8D3447
:1040F0008271386B60C9E6961B845C769334EE2D32
:10410000827214D794091400183A0849E3411875CB
:10411000864CB12A10E809334602A3A5E52D38CF15
:104120001FF11EB3A23422B2FA558D8599C59200B3
:104130005BA42A04DBDE231DBF768F5DA0E5D906D4
:104140006E888122D6811CF20383E7779612F26192
:104150001D647048764E3800B2F9B9EA6ADD8FFE08
:1041600021B53B4C254ED6D959929D97B91B356741
:1041700005A27E4EFF716A0B010EBC6B437D62008F
:10418000952BBCCF6F02BEAA4BF28E77EFFF2B8030
:104190009FECA79C798C720014FC1BF0E962C7723B
:1041A000EC037BB667550500B6D7703979D672290E
:1041B0007AC8453363329F95FB40452F131CA9C92C
:1041C000FA21C8989014A89B5F2F723871BE19000D
:1041D0009214150FC69F938CDD0F55F9761F9F38EB
:1041E0007F29CEB2CFE23AAA3025E877763F84DB4A
:1041F000E432297375B5F500B8BB6EC1AB0409286C
:1042000059959DF4022006ACF1DDCAE6AC74C6F700
:10421000F5C28F109AC66CB145229591ACD6950027
:10422000998911DAB2B4EF7F6E5974391AAC497EAC
:1042300046102164FCD82EFA9FF6603CC296C5BB9E
:104240007C1C85455125F20059D54C39CAD7F3332A
:10425000F30C9AB9994B9195F889D6EFE7F3E05EA4
:104260003671227BE0FBEDC1BAFB758CC21EC0002B
:104270000D582806C5CCCEDF75066FB8FE6F86597F
:104280001DB58082460EC4293FAF975351A06A578F
:104290005A1221E45C50E6004612CB72FCDE233653
:1042A000FF955AC43F4AAE709DC94239C0ED09B668
:1042B00001F74568BF5A5EE1DD1E920A4625F2000D
:1042C000F0CEFD47DF2288E7215A81CA07556E2AC2
:1042D00079422FD28B025382A04723549F796541A4
:1042E0000573A0319C530E00801CB4CC971C9E65B6
:1042F000EDB1DA2E5B5DC0D37131E5BBED05E08831
:10430000669BDF66EC9A937EF389BA4B2BECD80060
:10431000187DBBC640995794B3E3511A93025918BC
:10432000BD8BB3D16789F2404C3E56E52B99AF580F
:10433000BA21A59BBE5C1300C72BEF2144BE6BFCCA
:1043400058F8A0B0864A2FDA35D83322F8A06DA9E4
:1043500059DFF853FC9D8E53C4BEBE849A3A950033
:10436000671AB1ED8D40C478B6BF9E7D72FEECBC7D
:10437000302F128C0B7A5743D1FA18F051A58CEFDD
:104380006D92A55CF0060F00B6B8A6134832BC4E7D
:1043900045ECBE55AF566A17B6C08B611394668A5A
:1043A00023AE6BAD2C0E909DC0254544162DD40038
:1043B000CC04C6B18C14EC26520081F83474E20EA1
:1043C000404A475CD8F1C95F73BC0BEC52A307604D
:1043D000F21550831A7CB50020F9D037C4E217D704
:1043E000A8BCC247DF027CF2A9161F70C360E5B902
:1043F0009DED8073EA7795F9585FA7ED86735A00B3
:10440000D5C0E6CFF5577C6948E53EE5B5D0C6672F
:10441000A17C7673ADC6B10B6EFF75A90565B5625B
:10442000C2D56426E0BEDA00F9306A091295AD49BA
:10443000A4128799001113757A33CBDAB7E587C4D4
:10444000A700BD3B1AC9AAFC87FF600686CBD10036
:10445000E47F79AAD6A104B45AD3405530686343A7
:10446000CF46816290B68161CD904196FAAC5F0BE8
:10447000D72342ED345212000FB78D48F7A0E63F24
:104480001D2FEDDDB7A664B36200FC1AFADC566698
:104490007FF5DA907F5C5BA274DA4E52782162007D
:1044A000D6BCD50BF827ABB9C7A9CC3F25B612545B
:1044B000843756394DA0F36630B7376A6C80C3E84D
:1044C000F8E076EBB29A1500B3C822C6F1E946AB24
:1044D00092F3E4EB0D5D3AFEA3C587C1B77045B218
:1044E000B615C50AC6790D4914BD7E2894ED6A003B
:1044F000B5E827170777DC3B7CA37D2A7BABC55942
:1045000035C379184D1D4DB4BBB8BA091543F58BA9
:104510007D7082DC13FCBE00B6DA93D60D7140BE0E
:104520007834312DB21DAD918F3766F984D8B5DC62
:10453000264EF61187EE88ACF4C35EB988333B0093
:10454000257E13D24C867A82E7F9C2534689521CE3
:10455000EA6DC4B334542275FA88402F5FA66D000B
:1045600032A1762F3C309C009AFEC6B219BD793C30
:10457000183F53AD307DE66371353B68991DF81ED9
:10458000911813E576F6D871A2F4A6F3BEF64900A9
:104590003DE91FA4C844BB6FA6A59689259D6B7FE6
:1045A00082AE360DAF0F914BBAD6C7BD07E67B4B37
:1045B00079C8D962182DEE00064ABEBF431074991F
:1045C00021F8BCB55B6BC00AD4A4E0C3C8E9FBEF1B
:1045D0005EABE81B246D25FFC0C19862E85C6900F2
:1045E000FC1D41D34F34C08ECB5A66739A9D6FFE2B
:1045F000D2E5A3506FE6DC8C37C9D95DCB95F34C7F
:104600003321745AA4089100277050A8FFAD1631C9
:10461000CBD38A1639505C70FA2B1D0BC30EA484C1
:1046200002730A40D6719C247B9C4959931654000E
:104630004141646D8C72E519AAE2365B74BECAF220
:10464000FC89B0FFCD3C6A2EB7E53A250D67A63848
:104650007ED1AFF15F3D0300B6B09D27F5238826DC
:104660004CCF4E21097B5CC1D81A87D8490AF26D1C
:1046700004E44AA002C55CD2F3F4B93F4EEF0B004C
:10468000F7470A6F5F2743A51FC6822834A3CE31A0
:104690001A1D5A4AF129F6E4A0FAD4B2B591EBA951
:1046A000771953B5FBD06700BA4233E6A1951B5684
:1046B000F2122BE54E3577BC74784F2E497CD47CB2
:1046C00033D4D9A0050CDEFCB6C0EF18C4DAEF0075
:1046D000F43FC0F5221100CA31C4CC6F559525F9BD
:1046E0009C1B99B2EB4A5EF70D91268EB1507BB3BD
:1046F00069DBAF6767C25A00D9C5110832C4B74E2B
:104700004933EF035E3A3FF3C18B478B8F039EBE65
:10471000FE39CA377284BCE8073E4C29A1E5AF00D8
:104720005788C3F7CB22EFC7CB91696EA04FF6CA6B
:104730005BCF208BD7DA801935EC92A572245A9A78
:104740005702E404D44BA700C783B3D34827C872E9
:10475000D7DDEE761727CD43EAA5B7451BC5077011
:10476000300C5462B08F2069FCB148293F390F00EA
:104770002B8849645515E75A03A6541A4E91B1E99E
:1047800097A9B1172874D41F73ECE01FCC2B98C7DE
:10479000B4A5C0F14EB75300C8DF4DD96A716CA7FC
:1047A0007177E63747D17F06F7C6684DF3F997A6CC
:1047B000EA68B4AA5BA329F76DEDF984F53AE10044
:1047C0004D6448476332566EAF5AE31DF8C2F3207A
:1047D000F916FF14F96F89CBC1A252290D5AD5E4FD
:1047E000027BDF6A20835300D214360B04A747DD17
:1047F0008F4E299101EC261EC9976AAEC76B43D82C
:1048000004A9B0508DE03C6647893893C0746000BD
:10481000A016A0CCE9446CA49820A68FA1B51E7F59
:10482000D2BB3DD0D545175230407B9210CF688621
:1048300065C125A2E3708F00343ECB3C54A637B847
:1048400010DBEFB3A8CD357328BF4E329FF2E48B57
:104850007AEEF11E9CB5338922CA1AC57E88830080
:10486000D3F663F104F8051A2F6E78050847C8E3FC
:10487000C6CBE6AD3A0FA0475497EE083929BC5095
:104880000E59BEB2BE4413005D676B8EF48A5CC7DE
:10489000C40F956FD3B39E10A1F81E5035E8A24BFC
:1048A0001489AE55364E0AEA9652BA37D79E06009C
:1048B0008F444485062498490B1E47D3251B50532B
:1048C000F34546E1D8B193B4957538A014C475DDAD
:1048D0002AA613AB8C1C8000DC5D5FE1194220D25C
:1048E000EEAA69CB3013456A2D51283C0C5E3F2C53
:1048F0009E0E81CF06C2C79B012497CC8D8AC6002D
:104900001D3F6528E289F26D7150C699DDC2AE5235
:10491000F862F889EC5844526E7785A22B0D0C860C
:104920009A80D82DCC8FC000D8D024AFCABAF659FF
:104930003670A21D9F564F91EB2D3BCC7CC9805AFF
:10494000CADBD7BEC6C6ED3ACEB0012AA74687005D
:10495000082EF68F9C070A94294299D5DFD6C44CBD
:1049600030843745E88E3B80284265FF768ED2E85A
:104970000C43E4D3278300000E86FA1ACDCDEEBF98
:10498000296A7A6B97932149BB21C9122BC90F4D14
:10499000547A9DBC20C61D20C9FF93AB80B7CD00C3
:1049A000F727A4E4F826649F549A6AE03042908E78
:1049B000AF2378EAB703A1137411F02E97C765559A
:1049C0005CE0AB2896E63C00805CF3CEF572616F4C
:1049D000F56ED158692FC9881B55867E7B5A03EF27
:1049E0005285695C5D1D61303D73B615FFEEC400F4
:1049F000925AB69856B37DEF5D26AF83C845CFB9BE
:104A00004A2B3D94C8FAE7CA4BF16E9483D0E24E2C
:104A10007A915D27E72CE2006900F8AC5B23E80B94
:104A2000511D9EDEFA6DEEE87932E58D710CD22EC5
:104A30005707DC086656F884B44A1979483A6B007F
:104A4000DBE46BE7883A8CB475BB500B392E14FA53
:104A50009123195110E44B9AB0C0F2BC5DA01F73B2
:104A60000EFB4162116CE9004CB034A5A6203DBD9F
:104A7000B80951EF241C5CF04A3808FF48CA14F703
:104A8000B15FC6656BCB64032EC0FC2B390B0100F4
:104A9000644BA631953C8FD2885C0F809990BA7B8D
:104AA000C7D57AF461DD21268DD050C49A813B3977
:104AB000DFBF957F9D9E3100D6813D3394E1F25F4B
:104AC0005C9AD29F7B1E208AB1959F8A42E0A917EB
:104AD000D2E5EB3D9B7FDF61AF3201D4B239BA0042
:104AE0000D4810A6F3E25F07EC721A5E836847B8C0
:104AF000DF6E9D4FA813DA3614E5694273AE40FAB3
:104B00004B17706BCA677B00319B157A6F6195F00C
:104B1000DEFEE35CA93C896F3AA90FE81656231123
:104B20009F6A6B5F53611CE6AD9D3431585FA600F0
:104B300037482224ECA2966BB34DEEF6BB84A51D3C
:104B4000CA2B08255DFB7BE2D619424331A3ADAFEA
:104B50008D7D01E5FF9FF1005AF3B0531C9C22C3E9
:104B60007ED465A73FCB54CB044A93D298A7DD16D9
:104B7000953540ED95E1E4B64A9A211788F8010091
:104B80004083B61FCFC117FBE5A645620602B405F8
:104B9000380143EDC5053AF2CA830E46035F6BB890
:104BA000B7AB9B1B00E1C600DEE280840E9F0EB90E
:104BB00027E6E942F5C855206B7FB4E2865C451FC5
:104BC000EEDB7A1D6FE549D5EEA41D31839EB7005B
:104BD000F7FA866E5CA935433B3C30D478FCC7B00D
:104BE0000946F8C0F54D09F3E2BA7D87314FF99DCA
:104BF000BCBB433B43AB4000248DBF8504D88B63D3
:104C0000B0160FBAABF0E82AFC594753285C439F13
:104C100039FA251834A6B486E0192F3F4E465200C3
:104C2000105E233E1100E82839C8891FE713E07C95
:104C30005D4C14EF14F2C38AA09AA70FA49F23FF20
:104C40006C830EFF15F773000BBF5272E6B10D0BAC
:104C5000CA7E5F8FB6BBD22EE7E13B548AB892B8CA
:104C6000CF9B998589080F45CB77EC78C22E33000E
:104C700029CE4500417E56CD5E8C83940406341EB9
:104C80001DEFF1ABED26842DFDD8BDB779D2446F71
:104C90000CCCE290C4CCD100051002C66C979A32BD
:104CA000F4C092F7F87AC7467817F4D9C993D32B92
:104CB0004FA4C48FD8ADEAE64BE9FA59B18CB000E5
:104CC000D9AEFD377398906C01290E0584FB34C56D
:104CD000D95E499CB27C3C95A9C792D00E627DB446
:104CE000DD721F955ECD2600F419958D8F5A9C8A32
:104CF000050E5B79322274BDFDC73CAFB5EE17CA15
:104D000000D4305762D6AA44EBE1AA20F967DF004D
:104D100079899EE871D4E6634A372F383DD51A89E0
:104D2000F1F7868025ABAFF91AC7CE19FC376B8D2A
:104D300041B08BFE8C8BA80092634BFFA9B4151178
:104D40000599C637B67D5CAD802A2EA6DE47F86091
:104D500031BA74657DA79C9F321856D56E89300094
:104D600015E51CA348C23C8D8E195122C904753922
:104D700074C94C2F91D34BE7E3A2AAECAD91D00EAE
:104D800089478B33ADF21600D9B23928B52BAE2E38
:104D900064AB577F48AA9D3D27E790B09D101ECE7B
:104DA00076D645FF3FB4121CC5ED02AD76F2A600E3
:104DB000EFFE1DC50BD12D671D87CFAE79DF714189
:104DC000DD43E669561E742BD2D1FCC14ABA591094
:104DD00008F98A06929D4000D93165311F67F6298E
:104DE000FA4481BE4460BB6B03D8BB891AF2D6C2B9
:104DF000BE2B785C756EA80D5EA0A1370AA3D70004
:104E000072F3FB1B4C3BF487E4A0BEA85B9B63DE04
:104E100061EF87BCDF93E6EFD7E70669BCC0822F5E
:104E2000BEAD6A663299D100C13CC5670F77503C70
:104E3000910F619EC288CE1BDFEA265D3677ECCBF0
:104E40004F357537281D77BEBE4BDF040709A30019
:104E5000D2A5176BA2AB70D89E029A5F8A7B97D0BF
:104E60006BD9C3390E5439EA2851BE7AB5F5723878
:104E70009D44FEC176A12400C5D444F44468BA2000
:104E80007AFE582DED1BB49AB05E3D4B0001E6470B
:104E9000EB104CBE3CB873ECE6305F7263E1E400AB
:104EA00085FEEBAB846FCB006BB1E84FD3B05B7684
:104EB000868910118BC26519A3DFA6B961B7F4FC0E
:104EC000FDB765D635FE330002384D1F4EB2F09661
:104ED000846A2AD71C1D52CFE89404F97ABFFE6475
:104EE00021117BAEE7C991AD40D629CB86F52100D3
:104EF0008DA20CE1E1696130FF7B3A628C9EF488FF
:104F00000C5EEE4C335641E474CB4FF4274BAE7E2F
:104F1000EF2C7644394E8400FD0C8017CED0CB4B5D
:104F2000D858BB5318FF2902E16816067CF4B19BE0
:104F3000302D90D75BAF80EAF8735E3F94B52000C8
:104F400021D10288B125AC48764249D93D50765FDF
:104F5000B1C1F0BE7ECBB939FF304D0645C2175EF8
:104F6000B9359D356C9C7100E10096359A4D1A500B
:104F70008BB99254038AA81F6E0B8492DFB912B3C7
:104F800011ED974EEBA8257D26F4E6974CA308007B
:104F90006C492ED870EF2193C546D170A6E31BB59E
:104FA000228770E29E70220F08EEAC2235D39B9DC3
:104FB00081068660F758400053889444903AE03563
:104FC0000AE8529E863F9A898A8A532465A0719A7C
:104FD000338DFEA3F31B6E6354033B87ACF0AA0032
:104FE000C4042904D57F7FFC994832C3819A9DE788
:104FF0009801AE636DB9A60D0BEF551C1E2DF2A5E1
:10500000FE7AB83DBB4B66009519F16DC678B15874
:1050100051EE8AA33005F28C5400657D6C440C81FE
:10502000BFDA82DA4F63F9C74EF062A4B481E400BC
:105030000E960679FC18ACB124C0C1ED11522604BD
:105040004EFC5067983004A6168D6E651AE7A38E45
:10505000BCF93BC183E846005295CEE06C7A670507
:1050600003DB7981D76C36C06B5972A14B0FC58CAD
:10507000D5081B2A4C415918582997E93B93E80059
:1050800094282502FF0B11312B8AFBECB37FAC7FF8
:105090006A5AC8D06DBAEF4783BF251D07E5C0FA2D
:1050A00083580C78333062009BC94A29B354A78DCA
:1050B0001201975A72A370F979717837FF8A2566C1
:1050C000DBC31667CA956DB527B7D86818969F00D9
:1050D0004F73DE0C71343FE70860CB5EE41D2E9504
:1050E000BB8610EBB77FCD86158A83D93835A827C4
:1050F000E549415CEE72FE0074108A2659B23F66A3
:105100002CBC39B511EC4DD25BDA9647F84DB41290
:105110005E2076A46ACA9A3C5D7E2487A7AB4100D4
:1051200080A0FFCAE184441BAFA075500CF62B2B66
:105130003BF6BDE8A0745D678ADC64445D2C7EDAD2
:105140005A048EAE475BB3001E585A0B560DEED470
:1051500050D90BCBBEE331A7FCA3F843B85F05B130
:105160003621687C9DD45DE9BB2687D829803B0029
:105170007F64147B597BFE5400CEDDDD435E83CC1F
:10518000AE60E2350B7C4FC2D6116235676B6D089D
:105190004D2E8C38A529C60000503BDC1FD037DFD0
:1051A0003C8E8AEB19E8E6D18E8D496FD3BB138B09
:1051B000E15586CFF3A5D3C4F4C2F7472C1680007F
:1051C0008DBEB19EFC7323C2CF2FFF18E46805F19A
:1051D0009ADC04D8A7B587D58BC85C823B1D026BCF
:1051E000C269476B3CCC5200432853A461B4EF62C0
:1051F0004B843EFDFB408B1ED212052E57EAF46411
:10520000F8DB26072D14D1EB3AF7CA29106D3A00C6
:1052100073A705E2A9ED8D61DB6D52D664B2E0554E
:1052200030A717D8CF289A7EDF98A5E9B0599C0CF3
:10523000F60A439A197D77009D799983255A14853A
:1052400024B5B344FE46AFB7108A2F8AA2961A1C23
:10525000C2B4F6C1965BEAFF64FB01B844293F0083
:1052600043156D1470AE0AFD2121BD5CF3C6BB9BD6
:10527000A81B133CE16A98F585593B1ED2343CB714
:1052800018A0471CA0A448001E941BD41534C18C40
:10529000373FBDD2EE8DCBF255B1FD25939EF6A6DC
:1052A000843CF586164C030C4DAA41068D217D00E9
:1052B000D580CAC4656AEDC984AFA8E718E1B8977C
:1052C000F7231FC66121610126BFD21655B9DEBD85
:1052D000370853D26633810059249EBB07DBD18542
:1052E0009AC23F6D5BFF6102DB373A814368100D64
:1052F000F577931ADB99C0B5B0B6B622A6E0E40004
:105300005F0B25EC4E2EFE347EA77452F02995A635
:10531000E503CC20BB6D030879C972E296687B3B3C
:105320008F772E6E74D26100624F0AC3B3974E839B
:10533000361530055883EB1336E1ECDB915E472DD3
:1053400089CE96B38985772AFCABFC3C7518C400DE
:10535000FA24A9F9BF12F0A8A4B019C7BAF63161AE
:10536000D7F909E4F30CD0685BA4024A86C661E76A
:1053700056B87669264C2D00B7F765A0770268CE3F
:10538000014031EFA5A55E326187BE26C50E7DCAFC
:10539000277FB47E2C9E676972B93DF211F4A70095
:1053A000A93292454F30D3EFB54D9682D5CA118CB4
:1053B00032E9A0C2BC92F96396FD2A4B0A0A3BCCA3
:1053C0007E2AED04BADFED00F30ABE9263693A1358
:1053D00073A808B301FCEA832B089FAB0693D1A8FE
:1053E0003D5A6869A81F59FED0102FD8EB06AA00B5
:1053F000E11A63F7B7ABFBB2E2DBFCD257BCEA13AE
:105400002CD6C8115B456D505B4A6BF3719AEC5D0D
:10541000F79FF56D38EB2000C43600D3E9FECE309F
:10542000A20E0D0D12F7324F39B7096B95B4E02873
:10543000A275B34EA0209151AA4737A94B175C0023
:105440004629C29289B25C69E97A5066B3B26EECC1
:105450001E197512E1BFC43A831AA8D5AB8D1B6E15
:1054600082C38F52F1D30100B1ADBC8B50876E1057
:105470007B7327B650F3AB6031E560DB731BE870DC
:10548000D97EFC2E48B1603063FD54E6F5A6850058
:105490004CBB967A15390904F7DF5B9FF77EB14163
:1054A0007ED4119F3775366E6B6E2AC73356E3185C
:1054B0000A76A382BB5EEF0063C051ED151AD9399D
:1054C000F6C2A4DFD486173F77E7AFF9D750ED6770
:1054D0001932AC20E846BD9958369B801404490027
:1054E000E3F6546442BB9657E81678056BCDE41892
:1054F000046287AD82236E04D16266DCFE720A7498
:1055000057D14DE87D91D2002D31FB5C99D119F333
:10551000A8BA13BE77E762CFACDC2BEB8B4F755D7F
:1055200000C44FA6E8EE472B35CFC59C00D45D00E4
:10553000077463E5608A6B523E80BDBE6B4E2F5F81
:1055400079094AE3999CC02E30814628032451AC46
:10555000F0EC05498EB1EC00A9F63848931CCDD982
:10556000C9826DB6818A24B8CD15BC8AEF55A98150
:1055700063A3E8B8D1079D544FEB68FF3814EF00E0
:105580002B75D50CC1FF7EA4B03C77D0488A524E13
:10559000F13BA0B7F2A079F2B3B80191DA348E5999
:1055A0008CD72FDB2A6A1C00BB906546699CD028EB
:1055B000EDCEBCD60D4B293CA752CCCAE0BAFF8633
:1055C0000296C58EFF3A758965809A2F5847260046
:1055D00098BFD7979744FB4E11EE62BD4F4C1A0708
:1055E0007D8EE118DDA7CAD19D7833C8ACE546A40D
:1055F000A7AC734836D40300BAF1466C7FA7513A82
:1056000045A7E55F9DC6C0ABF6A88D95388C325D89
:10561000F148EE4A4C9A010F13630C5A0492C300EE
:1056200016D12A4BAC2DF1FD28821F254C5846E699
:10563000B5E54AAE6E71566D7C3E96BB35F2651C83
:1056400012A87559A7660E006C83806A7333973D64
:10565000F9B342BF8EE7742A4E005A5E1ED82580E9
:10566000C4ADCA932E6AE35B727316E876F25B00F0
:10567000509D31C2A197A38CF6439002169A5D0EFD
:10568000043D97CAD0234511804094D9DE706576D9
:105690005A55FC1ED3162D00EC246D68128660232B
:1056A000CE339324797D75D4F47CE8C3444ABA643C
:1056B0000CD0BEFE874AADF5076117E33BD39500DA
:1056C00075F3383D0FDF7DC61A5BD311D19060AA08
:1056D000B19A8F56C74F8B89F436496838138ABE02
:1056E000AAC9DD2CFB4E3600D1B89D2E120917D861
:1056F000A1DD062410F1E41BECD28F2D8A2633C6DF
:10570000F2169A897142F0E418A42261D99A7D00B8
:1057100084E45E74376B4EBC080C3B31E34A7097EF
:1057200007A893B2A2B3D64809ED421DA2CA594BAD
:105730001DF176A92CB3E0007444CEBA4DEA745939
:10574000D89705F37C188EEEBD1528B69C1069EE2F
:105750006FDCA5D157599B40274F1C2882919000A0
:1057600074BE7C502509785CCB0F199814FA53202D
:10577000DCEB5298883ECCDF62203CB5924EFEFEB8
:10578000D0965DFE27F50A00E17FC96060B27F8E8A
:10579000D56D113C1A35E31263F5911EBAA8B3C159
:1057A0009E6C0138F2506D73D6843C28C2650C00A3
:1057B0004A79BB18AA055DAEDA739AF3CD8643ED3C
:1057C00094E80A1FCD0EC63F4D3BB3D066DF1224CE
:1057D000BD7CAB27D9CCDD0004851843F60A923F87
:1057E00062498F454E8DC204DFB5FA6EC0543DE16B
:1057F00024592AD85DA180EE8A73EE7D0AB54B004C
:1058000095A01D82FCACA516405442F10A6B19B755
:105810009D79553C6130B8CA5DFB21B91ADF317AF8
:105820004C449ABF89C6F10034950E9C11EBA50239
:105830006077051B64AB92187F41903AB1263D43D7
:10584000657BC0C5F20966DA700194AD23743E0031
:105850007C8F6FE2F2057E5ECFFDE9289DE7D9FDE2
:105860008DFAA28D4584B45662F17460ADA462468F
:105870001F1D68A887D8A8006CF0FBB2D8AFE19DC7
:105880002B3711CCFC1B04A1EAE4ACCFD392B86E49
:105890005D6E37B45B0B3ABC4FF9A290CCAB700095
:1058A000B89EC08216DBD2C45C9A32FE85D949917B
:1058B0008D5E34C374A80BE230059244AE4DBDAD8D
:1058C0009992FCF9DE5170002A7A99576D0BF9DC38
:1058D0000FAD33D4BCFC85F420290845228E03C8C3
:1058E000007C2F1B5E8180E16BFA412ADB342900AA
:1058F000DE7BA7C8CA7E07EC607E3BF71868FADB40
:10590000968F161D3E2972DCCCDD5A5B878D1C35C7
:105910002D34B2D6CD949E008EFA40034095CB65CF
:10592000473D559C85B2C238287B6BD7D287C5834B
:1059300094045521CAD5ACADFC282A67793BE20016
:105940004EC5196E6A5605B1203F88D27FB4065BFA
:10595000E6564D8F60826C4A5E2CB423020AC6BFA5
:105960009A0B18F84B4213008CEB0E98E588D8DEA2
:10597000360602C26A09EDC14147A028A01816D90F
:105980005F8C48EB7B37C53D8D792759A7E0B00088
:10599000B8688604FE4BBDC27ADA0CE5262DFAE81B
:1059A000335F9EACA80A8A3AAB3CBA68076F36BB35
:1059B0006BF8B2B460169600F40013303412650B25
:1059C0008E169AFEAB965B805D11BFDD6C6887F02A
:1059D0008851B94EBDF6475DE025EA26E4535400F0
:1059E000467FC9062657E6E5A881C92BF7790A94B0
:1059F0009EC23808899181335C3E46EA99C5176B8F
:105A00002E7A6677ACAA8300A26A68C5349838FDFE
:105A100029EC566521093ABE86BA2858C488D7AA07
:105A2000400DE871A3E1F65600BFE27A86EF7900F7
:105A30009F14246F08D54086628D78A9BABEBCD069
:105A40009E2A64930A5F67275E7A4809C0622AFE2D
:105A500003E9860C1B74380045C5C7E4AB40B30AA4
:105A6000C834AF37B049A9D092691855EDBD352576
:105A7000BD7719F7A78DD6DE06DBCB1AD9C0590042
:105A8000FD4F94F561126BAD02373FA364DAB109A3
:105A9000A06B3F90C0E96E30EE985C234851E8530C
:105AA000B47967EBB00B0C003BC20347E294F5639B
:105AB0002AF5CC2D09F8CC9DA22077F36D3C5C8FA4
:105AC000AB32EE90603FDBEAC53A8C17BCE982004E
:105AD000CE21B93E1BE55F6C5D4FBDE5A46D71EA5B
:105AE000D098C53BE1BE81596B23B6F8285AE3A58F
:105AF00043F11320C84CD60012EFBC93B33C8AD7B5
:105B00004D989545BE2D2435710E1E54D6D91FA92A
:105B1000CB65E4CA7B3122A8003DF9A61AFE7600C7
:105B200085CC967DE006024F9494DB2236A56E79F3
:105B3000A6E6EB69E28DAF964ECF266E656E55BA3E
:105B40006EF9A31FE9C07700B2DD3639B8E4CAF2B6
:105B5000823D97ED5B9841F65AF58FA99B88E7182F
:105B60008AF2C83FE1381C1A0FD337ADA85454004D
:105B7000FCDDFD02DF294957115F2F5A3F54412CAC
:105B80003A16CCC7121477185A0323361521938C72
:105B9000C3E9C228CC2CDB007ABAF65A787C506470
:105BA0008F146197546DF68035B94B21363F897E4D
:105BB000358BB199255A048ED3048523FDF6360022
:105BC000CDD254E3D13602A57C4DB8D0675BD4BEAC
:105BD0009852FC469CF314AAD5D8E5F37A09FD1A2D
:105BE000D943DEF688A2DD00BBBD0CA42FF1CC9911
:105BF0009E9FF821E836C6782ADE615E55E32D784F
:105C00001216C44B1B4DE2FAC4418DDD8E58B7000D
:105C1000770E822C49EA8E542E37A8A896472A8000
:105C20009471A4298D60938F0453C393D1A0D87A23
:105C30004A8818A5A1F29C004695A57F898A04810F
:105C40009642E68CB7935C30618F1BC68510E8D511
:105C500063E9D548DFA309AB561E9C9317536A002E
:105C6000FF617FC4B0929CA8AE78B4331B7BD8E7A9
:105C7000F3B8EC7038DCFC36EB0AD7A8A665FA8CD2
:105C8000BDA31567B85BE300515041FD383CDADE37
:105C900021BE8914FCDF80B12DDDDFEDDCF8BF1102
:105CA00009C91FB3AEF997C20B69D96FEBA60400FF
:105CB0001C63847B7D254E7F52ADC19964AFEB415F
:105CC00013BDDB80C9E834D291364CCA7C54C0FF86
:105CD000A0A2D41E4E59D500AC94395F48DB18ED14
:105CE0002A8AF63FDA733A142F86537A201D03E08E
:105CF000BE5E47B612924D0B6BB528CE0752D5004B
:105D00002816E2CA7E106D77EE00456D6EFAF0AE91
:105D10008ADFB52AA95057F262A9FCE496FADAEBB9
:105D20001F82EEBDEB2E9F0035400602636EFDE143
:105D30007DCFBB7DA240662F2BA26A250E21B82302
:105D40001E0FBF2C09FBAAE2CC454C0F9E41AE00B2
:105D50001D9F5EC3BD9F29ADEE9A2AFD616DE4963D
:105D600081904B3B158E489A26059C887722257694
:105D70009AC2519DFD316C00C9520DBECC00980CE9
:105D8000B7E34B30440E28DE5CC71E8E9A1146F7EF
:105D9000BABB0A2D6D84346FCED774FDE11CD700D9
:105DA000E5CC2B4B3BAFE04CB67DF47AFB7768C576
:105DB000694D95EC35D69F4092C0E4CEE8563C6ED6
:105DC00090DA14BA56DC7E00B41DA885A4A5F17C37
:105DD000169B4A8852BF4F101C1F3A01C6076C7AA7
:105DE000FFB2A8A340A5D12091B3202A1B02E30053
:105DF000DA568BB19CE143110C99C555921AC1FA40
:105E00001B9E9C186BF8DCF79AC5BBECAA1D4F765D
:105E1000F33B213E49AD0F006D61957B79A146882A
:105E20007D32F62367A88B94EA6AE613D10AA61F8F
:105E3000767BB55E447DFD38C1F175D09D82100042
:105E40005432314330A5FDCE239B0509EAFE55FFB0
:105E5000728FD85B0100D79B7FFBE87A0D89EA013E
:105E6000B72D99F4F34EFD00A8C82B858D94CE6C08
:105E7000010308C2AC4A8DD553AD05DBEA87252363
:105E80004E3BA5E5B2B5B1270757AA0F46803700AC
:105E900040CFF5018858DA627847FDABC3D5B06AC8
:105EA00046A74BA5D1ED92120A223010AFD4883B01
:105EB000BCB8B5764D40D80004B18DE040624ADAF6
:105EC00065E6D41BD0168072974988360681144F38
:105ED0009EC8C7819B1B6D1FBECDDA3809B96B0008
:105EE00047D61820AE0A467F354B7DDF630025C6B6
:105EF00012E27F63DB234487C48AA3CCD114060754
:105F000077826A256C7E4C00B1252524F8DC77DB8E
:105F10006F1B5C1C5EF50E384BB69B345B72837452
:105F20003E2D4E3031D92CC389E33D9C59E02200EF
:105F3000B865327D51C5BF7BD9C154856C520817F5
:105F4000DDF5A597F465A7A0300E56F4EC37C62C06
:105F5000AACAEE809F9945008A39228BF351AC6C16
:105F6000113396E53718779D75E4B7A2DFCE61034C
:105F70001F54364C81F51974CBD4CF7E31254000A7
:105F8000FA521452FBB7CAA4EAB7F0F624C9AF918B
:105F900091AF6F5317B109AF21B3AE3C53E86945D8
:105FA000A241BCA4B2A23800720B35CB62A153DA75
:105FB000A4B134932B48A5696BC30A6A43051A112F
:105FC000A4D66313B679DD42BDCA6873C0D285001A
:105FD000DA5B296EE4BA990B9FA29F3BEB3575D62D
:105FE000BAE23448F997578463F822B8C95A2E6D3B
:105FF00002624561B761D000DE46E0CC1727143459
:10600000D2D72AF81152A5B71D2DC05782695BA2BD
:10601000EFDFCF672F1E1C0E5DEBA36968CE2A0051
:1060200029C30E4F3A9A8355697571AB46F5FA113B
:10603000D70754EFE099AF3A2ECE956319A804968E
:106040005DF78E3065848A00C71FF4A63B911ABAAB
:106050008C72EF6AA37BFC69DC91C057F70CA82710
:106060008AB50E3C1AF6903B3248EDA8A6E56F00C3
:106070004F479C59FACED377A4DC921746F6E3F447
:106080006EB44779214EAFE65EBCEC3A96E9A9BF03
:10609000BFD67A3A919310000C8792FCDFAF47AEDF
:1060A00089AD746066F016F42DFB6D3242FAB2D001
:1060B0006930D8A63EEEA84C109D80233F12C9003F
:1060C0000222EDC9551D05B627B55832850D7B70E6
:1060D000AE5F6546D328A9A8EC8E390DEE45E7F4EE
:1060E0005392A4150D782F0088B24E982C305BA9DE
:1060F000CF93232667134F8586F02D3B1F751BD347
:1061000023BEC9907F80155116BD5F00895249009A
:106110008C5A73D5DDD3A6941090E65D2FCCE9A7F9
:10612000B973464E18BA380C8CEAA3870CD284E4B3
:1061300051ACF17FD6991400D8AB700CF15997F996
:106140001550064255A318D259672BC9FEA4707189
:106150001719DC8EA05C27A6A2277502C3B25A00CD
:10616000527EE90C3DAE049BDFB65953940246388B
:1061700041FB39097C7959C7F117E8FBEF6CAB7724
:1061800093243D9633F39200DE9E9F6CFDCBA1DA03
:10619000198FC7A8E26356691674A14448726C2A25
:1061A000CF29EA3D8D540B479E89A102554B210012
:1061B0004547E4F8DDEEA67EB9CC169BB8DE5C550B
:1061C0002655EDF66191D67C1BEC154A85C1F06C25
:1061D000121C3C8D81C7C20083A4C653C422459DB6
:1061E000E8BE7539E6DC8B000D52AE7C48ED86A129
:1061F000EEF7C928BB222E10ED10F4AE6BF9960015
:106200008EFF8B8E0E02B33B67298EE948DA640F4E
:10621000095C2F7F0D33D44931CB4738636A9BA18A
:10622000937647E8875D27004CC22CD1D4002B36EB
:1062300068F5F56D370E0E85527B95DDB2E8FB39BA
:1062400020A717CA72B0D20A3F5BC87073A31400AC
:106250005FCF9563044AF50EFC5E55AEEB5986AFF1
:10626000B507231D4AE46F671DE832BC2F5B46F279
:1062700000EA2F9215760100C55D8BFEA1246143D3
:10628000A349635F189365D80156450210EEADBB74
:106290002089B1DF53F0101C5AE31678ED57F20055
:1062A000CBD28E9182C2B1C67EEA0B3E3DC9D703E6
:1062B00050EC4943122590B509EACB87AC9BCFE45B
:1062C000BBE3E8106AD7C10029700133A84A4F0424
:1062D000F8C10BFA7D4BA1FBC0F4C4070CBB53F60D
:1062E000A216102602DEA896A87277995668580062
:1062F00058759F2172F4C6F5312E063F1FEC35C14B
:106300009D341A2DEAF52445FBB1810A4572B5FC8E
:10631000E20B496FC4210E0097100B86330A958655
:10632000A0C982680A32D093AD854CB80950A9D073
:106330004074F8BB2B25F98EF0BD7D9BC40DB000D9
:10634000B0E4E11D468EFC7A3BC0F081EA40FD14CA
:10635000C1FA6645E949A48ECF0AB1E3D05DAB8CA2
:10636000E2EA7147CC500A00C9FB3CCD582C515F82
:10637000CE3D85204197F5108AEEF411B51A8413AD
:10638000378B27A5F0D2FB3E2A2B18242DABEC002F
:106390006C4696396135E1EA7F59E7F7242E1943B7
:1063A0009C0AB2DE698BD4381B8FDA7EBD21828DC8
:1063B00020DC0568E041FB000DCB479C19248F7958
:1063C000DAF141326C5A2D4BFF7584D2E48FD32B16
:1063D0002B4BC15690269A22CE248FF7778D35000D
:1063E00084A3BBE4EAFA9EF11D31A224504073FF5E
:1063F000D6D631F0D6EBA8031477347C15B3E31F5F
:1064000098136654DBFB7C004CA79095604BC462EC
:1064100057EC22EFCBA2ABAB63DC60334584EF4893
:106420005D730F6840D6599B58D7AE782B32660003
:106430005C00EE0BEF5A67E0B37650BD8DB572028B
:106440007089252E168D0ECA13F299CC1EA5C02474
:106450005D9E3E9BC4A417007B1398E1E67F146801
:106460000839AB787C4982D359703065CB0BC0F1C9
:10647000C5AD2FFB16A5A601CD5232E58FDB190065
:106480000C4EECB16A79E5B602495CAA94C4274681
:10649000C23D7D28A6F2E49126332735DA5DCCA4EF
:1064A000E5BED15B83C8C9007EA3344F9872CF99F3
:1064B000778DB94990EB572E1E95D4703A4DDDFD7E
:1064C0005FE028078578880D440A8F8A7F6663001D
:1064D000BF74B3143061557EB2D3B52E1918929C97
:1064E0008AEC9542ED2DA4872A67DA280DDDF99C08
:1064F0003E297DF8B7FE5E0055A359A2C41802716B
:106500008D92E2165CBE0EEDF1824FA08BCA350A69
:10651000B90B863F09CF6EC240B229C57089900081
:10652000BBC61581CA96E518D7E939EFD4F7A8524A
:106530000B37F7CCB371B30E3C78E1FAF3CC777438
:10654000EA23178966C62100641688222802AE80D5
:10655000FC2F36974C913420BF79F5054F7AAFBFA9
:106560000155114FB6A9A0FDD12938239BE676002D
:10657000A51AECFD4524D65C16A394C8AFA2694EBB
:1065800035D802306A2B7EC1C92662E6F25DD26B35
:10659000AD763222D5D61D00F535E8A7797A27DB0E
:1065A000BABEE76018FFBCD37FB919D8F69B4DE699
:1065B000244C8A75279C80AB34255A6C49AA7200FA
:1065C00001EF4EB79567234C0A3E87E20A05CD7D61
:1065D000B55774AC242E1719EE4D13263333A0BCD7
:1065E0003BF268F13C5FFD00AB5E476A4E6406DC3F
:1065F00082427D3FDB647432584D40F97AE7721075
:106600006A5573632E2C152E78A76DE0FA8CDC008A
:106610008EEA7194FFEF7103BCCCB530672333D0A1
:10662000FEA7CBA0F4BCCD3EDB7A1489767FAE8189
:106630002D5D901280E92100E0692CB9518BF25E4A
:106640003BD7A8A122273F374D2AE52A44367B2F86
:1066500010309F49D342E46AAB703916CA79010001
:10666000F9FE8074152DF1B943B7C0D57327FDBA73
:1066700079B38C9A6D4D76F7A5C30AFF20F1F3B973
:106680006FBF46BF94B5BC00F00098A9C9ED3E8E1F
:10669000446C9181EA862109E6391B4096EBB924C6
:1066A0001B62B4B957A9F63FDE89D463915E4A00F4
:1066B0001B41EF08B9B99DB17EA74BBCE927DE228B
:1066C00047AFA2FD1B672006A7C0B524BA1C0FFD6B
:1066D000AB20BD4443417B007EAEC41FF9902D2EFC
:1066E0001B9D4A3A618AFABFC909A69B58FF3C46DE
:1066F0000951E87A8AA072595343F74600C8E70067
:10670000BB635A9AB8233B35FB363BC3652C19A0B3
:10671000BF259292363E53BC1033C250EFF2A842CE
:106720002ED4EFA35913C20014EB3DACFE15E3E8E1
:10673000924D891F56D7547A45CBC1ADD5273583A5
:1067400062CFCAE48942E48C3C1F8D9413982300E5
:106750001A2B8DAE31DB4B990461E1A8E5D0867E22
:106760009C08BFBCE8C06215F4D715D39D89A692DA
:1067700007278C5E3FB5CD0054B0008C543DCB67ED
:1067800091BDB6C7596FCC18C0DA100142FC822AFD
:10679000F7CF0A414E7372797409C8A474CA5D00B8
:1067A0008DC35E5C054BE13147728D9804D33BB4D9
:1067B000D7882AB046E96A0F6EDD98B06B808FA348
:1067C000068CDEF437E1FF0093373716540D572956
:1067D00095C3FF99CC49B89D203B814B3A63C9B41E
:1067E000DAE8923B63B23B4520B783726BFB510002
:1067F000D40EA80FD262796A26A4EDA4F086EC1A12
:10680000C7A2266E4B3C7D2B8E3FF1B88E4859AD0A
:1068100054DB0EF9889C230026C4A6C2062D34271B
:106820004612AFE2849139AC7D298AAE7B6FB0AB62
:106830004AD57B0FAFE82F71D669329BFA7F99005A
:106840001DA092A4D18EDE81052220E1CD8C7B2C6F
:106850007044F5847B139B4B9092244F4B4EC69F04
:106860008193A90CF1C50D00643974AA08FED416F1
:106870000F8405B0D965178A387C09F50CF81CCB54
:10688000720E776AA4F46689A80917E36D58F100BF
:10689000ED8677DCDD99E643CEF029B0F9826EC74C
:1068A000935D6623F380BE5CECF5223583F0B8BAC5
:1068B0004F0D1537E1E66E00AAB31C46727DCCB4CD
:1068C000024CD486A7676704B3F6A6D1B0058BA99E
:1068D000CB4249C04298A27D60807C29359C8200D1
:1068E0006585E495FA52BD4024FFFE944E9042A186
:1068F0000050A93FF7B3EB9BDB6A1B691F51084CA3
:106900001D57C8DADC2B7900EB87E0CD0C85FCCB7A
:106910001810EADF1231D28B52718DFFBDABD4CD8E
:106920009D8F28734E59C219996ABB9D7E155800D8
:10693000B98B89AE024A883315760F4B206F352B01
:10694000CC7A8032620846D42E85B4ED9844775CC8
:106950009C70C60EBFCD4200DF68068395748EC959
:10696000E8930E9C629DF0B9156872F5C4FAAC39D3
:10697000D8F97B682DF3A1A007ECB888F9FAB60026
:1069800059C16A9AD536B4A811A83DBBD9585D80C3
:106990000BA7CBABC4C80C892FF6B3327324E62601
:1069A000501CF8CB0BE5C5008F8A8FB17B72DD8E52
:1069B00073739197410668FC8B2BEFCDD1AFAB87FA
:1069C000F68D9597F89291650300C81565A08E0025
:1069D0002F6072E78EE04A3925B0EB405C0D91BA2A
:1069E000319972943327B011A801FFC0A90EBD0DD3
:1069F000EACAAB39629BEC006E259E68AD71FFE779
:106A00008D4BF2B46C2B98D3294E023AC3D5DAE9F8
:106A1000A17B2532AEF97FC5BC55E0CBE6EFBF00C8
:106A200041259BAA15AE4EEFCE66EE17637FED199A
:106A30008F1E642AD690B1FE9B4B243CBC3249E0A9
:106A400050955904947032000A31E1B6BE43A72D27
:106A50009DA7657DEB4D3815EB953CBF1DB95FC11A
:106A60001820B876EA9E9ADF2E9D7C932364A600B8
:106A70001CF180A1A2DA9B6B59E86C732FCB40AD5F
:106A8000F8676C16489C41B0230147293D5366DCEA
:106A90009DAB48A752E5B700AA75F880490CA2043F
:106AA000D32EA692986F56EF06AAE914BB8FF697DD
:106AB00033639C80614DA760F2C178D1B831450045
:106AC00025EC966C58C8C9EF6007B27BDE82C4C55E
:106AD00060E953B60F09BFFD577B1D89C89DF6B805
:106AE000924B8CC3D6097D00AA98A1A3E546E190FC
:106AF0004C96A6D73B72C74B50B1C648515F723F08
:106B0000CD2027743DD09D26CE3ECF966F26AE0079
:106B10007FFBF2B84ABDD52FC84AE5F69ED72504BB
:106B2000C7F54076D65B2610BA6FBFFAE00490D561
:106B3000F3737E063F3A8900FA9B9F83498CF427C2
:106B4000911B0FB2F4A71BEF50AEBA71CA5FD4D439
:106B500036D4F6D5432CC23B3D3E7BD5078CFB009B
:106B600087EEE264F9B77BD0C75128E7F1ED82E701
:106B70002AD2EF9FD5DB8157865EDB4E2AD4DB130A
:106B8000C91E4BE208499E00F6466A18FAFF863C89
:106B900042AE2880BB9E556F12669FB2DA70C60562
:106BA000004CCC6F0D5403C0E6EE2958CD35ED00F6
:106BB000BBC38ABF3C3F5BA190457A9A11A0D1D359
:106BC000D4F451421A5F3607DB220E79D91AC57BFD
:106BD00049625E2FF03307004102DDBF52AC9F6770
:106BE00045DD81CD1E25B86EA5C32C2686C8ECD9FF
:106BF0007424A6BEDFADD7D920F7CE944DC4A9002A
:106C00001587B956893109A8F7C46E0E86E314E2D8
:106C10006305BD7F78EBD493628ABFF4D9B651D6B1
:106C20007A7EDE3213289F00732CE1BF84C144F2C8
:106C3000E386326632C7593B555CEE7076C00F036F
:106C4000CF7778D4F54B26764D2BF95FEED86C00D4
:106C5000504A5323AE725E7CFAF5DA3D4F0CF9F1DF
:106C600036D0652723E4C77E3FB423C0EB5A79EEC4
:106C7000FE3928CB427A9D00858183F38A0761A97A
:106C80006013C23D2C053B7DB29278614FB6A32FB5
:106C900029644AE3EAD758A58B96CA0B5A6EE600D8
:106CA0000CB001FC35D93A238B5E755A88FD9D3EA8
:106CB000258E258D2B7B9F62EE48F51D3967789BCD
:106CC000FFD06FAA2BBFD6001B81E3CF0A1B50E673
:106CD000A5135FB46F6965E780FAD965F4EEE62520
:106CE00043D4EFFDDDDA8D9C39E849E64B4685005B
:106CF0002A84968A3B0A4A2703E9DE3C5E16A5FFF2
:106D0000F348BA15A4E4A752CF71E5CB88A3BCCB56
:106D10000983C4F371124E00D2C2A710B5014F0906
:106D20002424EA3AE8CC5699B998FEA4DFB035D0CD
:106D3000B3787C472DF19481748A303069120D004C
:106D400018485E7086A1A0353FAFAE4C27C170F3E6
:106D5000DE6E86B54A7DA9FBFA01197D3DA0BB2CEC
:106D6000651FA19C7692490025D31AF7FA2FB164CA
:106D700013F336CF0BFA2D6A5BCE7D71E1022EE85C
:106D8000B271E0CBE5DDC0C9B49CE760AFC40A00D6
:106D9000B3E1E4AE72A71C4B2188B63B2554649640
:106DA000FF419674CFB5BE90E1F65B67B2CA2A7B0D
:106DB000893B1EEBA11154006EC7A5DC010BF3AF9C
:106DC0004D2894E8862662E481FC9B56015589E7AC
:106DD0005AD198FAE95CF42F85A8362705E3F60026
:106DE00064085F1E41105FA1E5714C2A748AED08AA
:106DF000FC16575AA613BB479E893BFED739A35BA7
:106E00009CD22955A9620C00FCABEBF2D14411369F
:106E10006F6585A89C98D6508A8AEC033E9787EDCB
:106E2000D5D43419E2063B15752F6C657AB34B0047
:106E30009348BF2A66C30028FE1397BA7BD80DF289
:106E40004BC7669A10ED1C9271BA21FE51EF9AE77A
:106E50002E5565E151F82800C0750FEFF7A3BAE48D
:106E60008B899F2DB98880A0D9427A90A7E71EE12F
:106E7000BD8455AA7D65DDD3C9F8F5D94F720200EE
:106E80004B2297B1C089345A8706B104E1E9D26632
:106E90009BBECD2DCF2F14C075A98301A4CFF81CA4
:106EA000F633FB84A8E11200EF321FFCFABBE44E7C
:106EB000C9EF8B6BD9B2188DFECD68D1674AF77FC9
:106EC0001FB3346D52564E7C4F2232EA63C12C0000
:106ED000A709FAA7E3F6203CC5B1896E421BB0852D
:106EE000DBA9E61A7F618FB4BEB80762F1D3B0BFE9
:106EF000BF4CCAFC9FDFE2009F7AE25F9FD60293FD
:106F00007C3A19842A0377A2534C884704B74D066C
:106F1000AD58B6049696AFE1CE1CDA0ED1A3170099
:106F2000E0C75902F258E27866C4C036988FAC5573
:106F300070DC30E56BE5431E4906D02E8FF6313FFD
:106F4000B0795FF24BF7E7005722D042A200D97E1A
:106F50005DABC719E7D94CA4E2922259427E1B25AA
:106F60002CE7551841A087A932F7A5BCD63FFE00F3
:106F7000F5603F43CA67B607600D3408421F9EDACA
:106F8000C2D4627D90CCC6ABF352C78A430F74243F
:106F9000B2A50D08FCFB35006935E3771CBF34D67C
:106FA00087721C9BBED1F8A8548CF379AA586BB495
:106FB0009E5A23C7D1E4FE3B94AE05444CBAE00090
:106FC000695ECA15C6DA3A55503202690DC4CAD98B
:106FD000A95DF087700B8856449588EAF8D3159818
:106FE000F4D8CCEB41F7E6002571BD2AA51DC34CB2
:106FF00017A1FCBD8650E4ED747FDBFB6BF340060C
:10700000AC344AED332F421E1864C3CD765E0E00B9
:10701000307E964A6473C124C38916666AC142CD24
:10702000533454D084CC8C819C1E5F467641CEE292
:10703000B8EBE1B6EFEBDA008C5F1F2AA746D72347
:107040008498767183F8F807923DE41B267571FAEF
:1070500027F2DAA6955C6D65D2C52DD8B841EE0051
:10706000D9E4667E30AA3BC4F8DA85EAD657D04C1C
:10707000FBAE128D46B623704B0C4621D7DA7CDA74
:1070800008191731E2C05F0049A03352A43DC2FB8A
:107090008789486FFDA58E5374ABD6B01225375E35
:1070A000EBFBC39F0FBD3E95988BC10A6F718800A3
:1070B0003E194DEBE7C5974C96DE3A13BDA087739A
:1070C000CBDED88F4BF3743061ADB761C50422F8C5
:1070D0006324DE1240184900E3C90C77F54C053DE6
:1070E0000AA5DA099872E896BF023EC54170C668E3
:1070F0000C90A3AB46154884F079CF80872CFA001A
:10710000A1CD0DDDA6762AAAB79F8CCAB57DA00FAA
:1071100017E33D3BE1F61CA28815B70BE80CC9024A
:1071200098CAD92AE8D99700C7B5027436923AAC02
:1071300024A49F436E181C2C99042D929770F4B7C9
:107140003D16491F1D4DABAC74FC86628CF8C9001E
:10715000C39E0623242C655920AC2A0D25D69BF707
:1071600073BAECC125C1F7C3F5AB180A739D263776
:1071700030777C288759760032507F157DF42DEDCD
:10718000CAF9B8A7625BDFCEF54EC7BDD6FF1E0BAE
:1071900000D4DCA963E9E4DD7F7E9635F5B0B90063
:1071A0007AF3CE7E513F420D57BF0BA65973B83BC1
:1071B00094F97BAF9D3526DFF53325A4334BEF1DC6
:1071C000D5364BDDC181DF00EC238705B2EFB8A2D5
:1071D000FD9B72F6FCDC9B3BB2DD5592368CE7AA38
:1071E000F39E710A1B71991F2FD109584CD8E500E5
:1071F000AEB838606696F577095BC212C1130420F9
:10720000E5EA12E0B248307C50D76D44276AFFD1DE
:1072100096D06899DAED7600D76F6CB37C633756F9
:107220009F233E19630FE6E31818A1B0D04F9730A3
:10723000398C3D3FB294E8DDA1D2FACA1D707C00C2
:10724000DA42EA858E67C419AE9DBF1EDF8EC22763
:107250006B0DD8D582B4E2B3ECE8B2BA729D051DCD
:107260002058FE085891B200A694058F0D16F663BB
:107270002722AD6E226E618AE872EC58A34D7349E5
:1072800046576083FF54A6F0D0CF6A56F45AC10027
:10729000CF2495FAC2DE2EC11682653CB9D3E362D3
:1072A000DDB38EBC1DB77C23DAF1D51EB0EF2B10F9
:1072B000D278D9010BB68100A075DA12F3D243AAB5
:1072C000A4463692C561394E0913D5500CF7159373
:1072D00024ACEB12534083A7322D3E377F071100B9
:1072E00057A858A570ABD4E6B639777C6462B0462F
:1072F00086A18B486F97C46A88A1CE5CF1F63620D0
:107300007350E971AC00E700AD9C146E2D135CB9AD
:10731000F94648BD480A18CB81431FC8A192EA3AF2
:10732000B6BA542E04F449B44AE325AB9AEA1200E3
:1073300078E0CD0621B47C308E49DF84DAAE79D690
:107340003F505FD6FE8DAAEE035F7E363837F3C816
:10735000D74D39682E5FE300066393F02A797DC527
:107360001252770630E64A22616B3C9811982BD86E
:1073700032DA343017795AD7081EFA4FA0C14900C3
:10738000CB67DBB4172CD62930A4AEFCA9244C263D
:10739000FF7BAFA065DDDE99A7FD1A8406FB1DBC4F
:1073A000AE3A88C01F9E9C000ACBD8BA7B276B37A9
:1073B0000216AAC821639C896220F0A8115820A750
:1073C000487BACC742102E833D4E6306ABEB1F00DB
:1073D000490F03BD61E2BCDB6A3B6EBFE45DA5A45F
:1073E000EEC92325C9965D03C635D00A8DBC069D1E
:1073F0000389327BC3F2C400F379DE63CD1553CD2C
:10740000419391AFC8A21EDB293BE2F8ACB9A99B1E
:10741000644E55CBECBA6FD010823DD4DE69C30008
:1074200081834C286C877B6B046639458E2D0B74E9
:10743000C612FD8D6821FE36D5B2349CA28383DC52
:10744000065FF4B71FFD3500F33EAD46C2F4C20B34
:10745000C8031697611526B2E8E2C5DD954C020C0B
:107460005BDECB7EDEAA25152ACFE8BF655F17005D
:10747000934DCA4EBD32728EE5ACEA6D8ED58BF35C
:10748000E7D1816FECD3EB21F8F1CB4B62EBD6FA6D
:10749000E98C2C6D579BBA0009E33F607F84087D1F
:1074A0001B791E99DF8185E09648324F592458FB9D
:1074B0009A7171505D8215E9D3415656BD491E003F
:1074C00050147E05FD520EE85B74D0BA2449C033D7
:1074D00075534B10F123657DF1E8FE5F7CA7CC73FB
:1074E0001FB5B377A1DC050049CE0D38AED1180C1D
:1074F00069B701B2416CE5EE08ADAABD831464968C
:107500009E82B5E3FEA60D8F88A1DD7B27366C0039
:10751000B8031325B11835F54C6DD2EC38A66E17AB
:10752000E4CD3467F3372D27D4187B5E809482E650
:107530006F4EDD999940FA00001E79E1C7C16DA632
:1075400042B7E60BA8968D42358615A1E6350A8B23
:10755000ED3C5C992C04353E7C79FE2EC5FFB400D1
:10756000BF3A5285F33EF6E818E3D865711632DD6E
:107570006563B9108CC89CC4D79991E5709265DC9D
:10758000A277FA874F08E6002C81A8E295AEF2E1D7
:107590003D636AB2FD50ED199759F0E8D5DE4FBA58
:1075A00096592A7BC5A1EED116E24FC37172000035
:1075B0005F8C57B1C464DAD9F2FD084C7F2EFF848A
:1075C000059E9E62593290CF1A4668DC9C9D476D9D
:1075D00083C9A2209E4A4000943A983240EC5EF55E
:1075E0002062EF764060832CA32C2B8F3269F385C9
:1075F00073F1BAC5B238EAE2C7446DA350719F0077
:10760000426C7D882DEDED825A2A9906E584389BDF
:10761000EA77B81E00B6BB1B53BD9F845D3CFE6E6F
:10762000848D1207A2666300B571FD910BE4D33B14
:10763000D385DB22A052C0D3EAE3F785A526481BF9
:107640002D7C9F1293DCCC48B66F13B5C0B53400C7
:107650006F63F3B1ADD176180E5E1B592B073679E7
:10766000A54A643DD0A28AF7A46BB740A06FF2D8B8
:107670003BBE6355967D1300EF1B31221FF848C0B7
:1076800088DE17F3CDBEEAF10F652644B8432E6AB3
:10769000D11B86679ADB270EE798A28AD10767007D
:1076A000E50415565008661C14FEFE2013E5E96D2E
:1076B0002C55B4091CCA9A55D646D618B4AF419673
:1076C000D948E0883A6E18002BFD78BFB1D5CD02BD
:1076D000C419171F569FA7EF98C9A822C5ACABFFC6
:1076E000FB73A8D0274C6B63482C2C8D51B7BC0082
:1076F000842D6AB8C446334CE1AFA7825302594087
:1077000017BCFD1292C5F1A3DF8C7C78B076388E61
:10771000073AB0198BC1160002B4C84718B3A68641
:107720005ED5CF09DA033EA04DB98FED73A99E87D0
:10773000286F40628ADE7A00A3C564ED019C0000D8
:10774000D037E9495AA0783904561E0944A3A9192B
:107750002FEA3CB08B90E212028D75D09077CC5618
:107760006E1788F7ACAF00003A54DC72653F9AC6DA
:10777000B1528708B46E828B02724FB749D99EC549
:107780001F3E6CED46F6176C195625F76DD7AF0006
:10779000178E49B8E1269943C7FCF730BFA42E9550
:1077A000BB205B523FE3C26A1FAF0E3599E37C02F8
:1077B000E6300930C1647C005A1F37B8375C329319
:1077C00098A58E764F929D488784B6F5575E48639C
:1077D00002CE3BDFB0A3A10CEAAABEC996251500D4
:1077E000C59599040E579A3FA39B799233066C99DD
:1077F000F5016A78A0284D5EC2E24A4405DEAD9EDE
:10780000A47906AF043786008EB320FC43136501CC
:10781000A3EA176DDDFCAE10F44C0E42A441433FC9
:10782000BC1D6BE9840485D8023908960BFF500013
:10783000FE3D7335599E845E34955CEA0AAB523145
:10784000BE7427FDB8F10EDF5FF00508F87D3599AD
:10785000DE7913AF2B8DEE00C6395957F939CB7E3F
:10786000613ED651C2822A7E5314831C6E013F6C46
:1078700031364BA6A884A30E52B138EFB4888B00E2
:10788000D16FF6FFA523EC646F27030449330EBEC6
:107890005F8C7539E6D9D4258AD1BEF999B4D21B4B
:1078A000EC5778F376C2BA0055600D4471DE0F3E96
:1078B000FFA3C7A6364D9663F57C331431BD227401
:1078C000F9BD50FFB7981FDB127826D64A9589007C
:1078D000D6AF22253F1879EBBC75E749E4A23D8875
:1078E000969225F732BEA8BB9A2F38547BD8356ABA
:1078F00087D42E3E7C7FAA0025E3D8DAAFAAAFE476
:10790000FA8F9F788FAC902EDBE48A65EA1715C951
:10791000B03E062B9C37AB8664C3AC6023E5CA003F
:10792000FDE9FD16261CA082BFA198F1C007200129
:10793000C0D4060650ADC68E0DEE89E9EB8746F938
:107940002D7D187182BAD800D90DAFF76B92D6028F
:107950004066B38FA69486A401722C028978856450
:107960006310270D73957290919C6DDAF478F9008D
:107970004B3BA22D5C964C4218E00B87B833800736
:10798000F355845699F3BB64B6C2F4540EBF3B5012
:10799000C6A5463C105387006B8DD2944A23DEAEB9
:1079A000566555A789E768DC54C7722BF84E360830
:1079B000A79E6191A39EBF526BD8F124FB2FC300F9
:1079C0002F1D8593DA0993F18B239A201FAD7481C3
:1079D0007C96AAFA73DC99226D805916BBE8159340
:1079E00025F49B9EE595EE00DD91565F13E5C220E0
:1079F000F818E0A73EF5393AFEB09F0EC673F91AA3
:107A00004AE7AE30BCC592326E30711E2324650049
:107A1000BE5214B3C847E127178D68C70ADA4EF281
:107A2000CE4C6F37FD3A99E14E684921087B7F05BE
:107A300023E10BFACF0436004CB29DA419A825BE51
:107A400085226E2645CB2712169FD826715D23937B
:107A5000786E8849A4FA0D589CB18A0EE6A00900F8
:107A6000E16997E0F7F8A0A45F70731F620DD0AED4
:107A700035D9345C4C2599B3334133FC6BF86B3EFC
:107A800002E5E0CE5A64DB00554AB508F3BB931912
:107A900074247C596258938442B785149D0B2FF44B
:107AA00010EA529AD3BD55D7A0354A0EA5D6B300D9
:107AB000D3E06BAF9E518530EE03C3F90A3D05223A
:107AC000D08A09FBFFCCC8CCE04EF6131587CB84D7
:107AD0000C7D6028311E7A00C21C49386EE7753D66
:107AE0005644AE9A11DF8834CB17E0E897E83DABF7
:107AF0004632E41669A073AB29ED8E9C4D9C440080
:107B0000A70ACCA8C624133931EB3819FDEBADE434
:107B100025D46965A49623DD89CC119D4C40C769A5
:107B200031F16039584AE400327B307794D261E415
:107B3000325F0FA2F27C77ADE3BCDA7029455AE1DF
:107B4000223EDFBBE0D55EC3BA9E28B275007E0040
:107B5000B01754E371E4E93C0E22D1B9DA8B0ED4AC
:107B6000949225C5F2DBD2C28384D25F5357F1428F
:107B70008E50D586F8A25500A67D949CEBB21A9A39
:107B8000424508ABC86F33F5E7A9FFFA128E4B5593
:107B90005104F49BF480EC160203B909978A810022
:107BA0004F3D23D99D96A2F17186EFE26511F490C5
:107BB000838B443C24B321981524A7BDD92B68AFEF
:107BC000F35902BB5E6ED500C2943249DECA8F6A99
:107BD000C4DAC7D6FCE7D52D081DA6621A91BEA04F
:107BE000E5CA8784E259A0921094D56A7C53C000FC
:107BF000B484C2E7D74155356B06AA6FF8CCD0885C
:107C000078FA242A630364C0625B8C99FCDBBA2394
:107C100031B30CF5AF62DA00887A2336EB67E905F9
:107C200061CDB30C4062D116267BC85B808B68E7C0
:107C3000AB08BEBEDC872DA59D2E21852366600086
:107C4000E3B0593D8956EFAB5697045AF4321324EA
:107C500057FDC22FA16BE9625F9CAAE6DCD658559E
:107C6000C61212AC42335200FB8AA92DDBCD12663C
:107C7000584CABA73CE228BD6F21CFC6478B721092
:107C8000EFB5D257A176CEAC3E7AA565CA67E100C2
:107C9000D404E95C505F3812176BA19ECA7F149719
:107CA000237CED6D30CD1462CD6B3D8BDAA28EB2AC
:107CB0008A57C305A0F48F0072D31410F17DFBF630
:107CC00036E4AAD0F6EFDB8A3B7D52682329A0B5C3
:107CD00096C99DD2DB58979DCF613A03C14A810076
:107CE0001A974A0C28B4AABDFBC6AD18B90750258F
:107CF00094BC8DF322031B963F3EE1198897B24056
:107D0000B7CE23A03D9AE000FD784998799FEF69AE
:107D10009781F3206E2E8953D20EFC709A37AA3DBC
:107D2000E88F9D86E2CB2EDB6E6421C6389C58001E
:107D30003CD6350503E15368F627566A07072BAF93
:107D40008779FB68DC29E198ECD60C6602DC5520CB
:107D500047806487EAEDED0099516A2DAFD8AB8476
:107D600000731186F6B5939AE9D183092FB22E3CA0
:107D7000F13465F6C2CEC5F6D608F11C8B57C600A5
:107D80009C626172A397B730AD0CC5644DDCF97489
:107D9000B12E287ABFB8AEB1CF759B8101F64505EB
:107DA0009D59C980D0EF230051C4BD65BE93C12643
:107DB000DF32098BC8CA44F9D96156818C097381B5
:107DC0000697BDDCC12F818C10A1DFBD6C8008003F
:107DD0005830BCC7D6DF2A71537084D823F36FD3D1
:107DE000A09EB704484B09AB66B51C246D98195387
:107DF000591450C470D1F400A0C9B2538D30CE6C68
:107E00005A8634FECD2BB69CC8AE282909DFA47B48
:107E10007ACAFA83AAE7EF38ADE3ADB3F4A87500E8
:107E2000DE6AABD227B6DB5F33FD8188CFAD2D7420
:107E3000EE05909BB1BE9592ECA996176AD20FBD44
:107E40000212DBF44754D20008EF5FFF1E798B6902
:107E5000CB112826086661C51880CC87159E3A107C
:107E60008A7635B275349ED6A1CF4D26C9670300F8
:107E70009844ED6EC6F43BE90506DD0E6287F7C057
:107E80008BC19267CC348F465A935BF59BC8062012
:107E900051186D276EA339000DA7BEEE255531C0D0
:107EA000079D31C841264B74AF05F39166878FD08B
:107EB000628670A037F12B0C1C8641CC89BDBD00B9
:107EC000CA653B8AFFACB266A7AC057A55C4E6E446
:107ED000849A91369BC37C5143B22171A15674FCA4
:107EE000BBC254980A278B0092AAC64B82CF0A6164
:107EF000A05CC729DDCD95DE9C07614672834DD31A
:107F0000ED5C276EA8C87300B21B5F7DA525250018
:107F10007C38D78B2055FA2A97A45F9082700F6F18
:107F2000955F8FE023343FF8469B57CB89A53918DE
:107F30003D1C6F5B90FDAB0095D2EA40C4EF3CC6A0
:107F4000506FD77D04F3438A000EC9135CCDDE74F5
:107F50000280B04D559CB071667FB48BBFEF4B0073
:107F6000A7094A58EE1D1FF65B4CDC4F5F7C44CFDF
:107F7000096E8B1AC802650369D051632E33B2644F
:107F80002148E9F919294000DF282A4D88162EAF2B
:107F90000038DDE76A9221479A67999C051E2B4CB1
:107FA00043EA938F771E6C3CFF903BE4E9C4C30027
:107FB000EF1AF335D0BCF8284D75FD77A720FF9B4D
:107FC0007ECC5C7ABD1A8100A5E2F686CFCB3C9FC1
:107FD000AB6767612B0A2B00E8A4FD2EF70D02FBAF
:107FE000D4C6A7AEC50CBCA7CF8B0C6D71F79E7421
:107FF000360EA3303BCC6B2241D6350969E28300B3
:1080000099049060B4B376A0FF1A0E677DC593B54E
:108010004F2524DD654131958FB28F5986DB9E4116
:1080200098B807EDD3ECA1004BCACA142B28578689
:10803000A68BF13CB2EEEACA656AD36E26C3BAA437
:10804000CD88EC546F2F4E111C92DF5C28C6CB00FC
:10805000C0F7E1A8AD7CA58B6AA20EA0C7F0C4440E
:10806000283319105368B423F4D0D5866DBE53F766
:108070005C234B2EE114CC000B25D6341C1359CDB8
:108080000A6BB37CA1EB68F72CF930C78215003579
:10809000762148EA493F8028BD89AF31D9AB8700B6
:1080A000BAD1BF3F011A831AAA0762DB4301C11C80
:1080B000983CDAA19A6EB712D0AFD49F2C85F99272
:1080C00041EC26713256D400D72091F872F6164B47
:1080D000A2E7183E32635CCCBBC06E3DA59E056B2B
:1080E000685EA1282AA170E9499975E8C631EC00BB
:1080F000EEDB19BF93DBBBAE2216822D07D26339AC
:10810000427FEFFE474C8CC3CB0264C85F00F33D57
:10811000C1333A4E9CA0B6001FE95F66721F34520D
:108120007DFE0927E1BCD7F7FD9766C5E8888C4737
:10813000325141ACA9076DD216B19358E176660071
:10814000F3C28EEF779B8B0A4DE2D4D053BA6643CD
:10815000DA29D390A31CCE8491E459A4944B38F12E
:108160002C8F5C97279F0800CF32122B1C7E589CC7
:10817000B6938BD2E6416EBB4810F5F69EF447915C
:108180002399C9A7403826482D176DAAF17B4600D0
:10819000DB93D1EA4D45E57D4530893559EF3C7C8F
:1081A0000BD12A968D27796C05A258ACC36368C59C
:1081B000A98FE80488B800000A336AF61147E12263
:1081C000769CCF387C294BD607AF7BDC0B24F86537
:1081D000A44BEEB2EB58C9CF624CF9D69874150097
:1081E000AD0FEAE0B96A3A56CAEBE160887B9B863C
:1081F000A72AE05672A72D9EC4D7EC33596A5027A0
:10820000E80C117C6A12E3009700F54C33B6434B3F
:10821000BDAD17ED78F5CA1A58A0430AB998307960
:1082200082C9A38731E31133DBDA99EBBBE9B000F4
:10823000C32E662BDC7A2CB8F05B051287F0D7A52D
:108240000831F7BD6997B87BA24AFB747E90117123
:1082500070C73FAC6E3D80007B581A30D9126CE479
:10826000771941787480EA488FE2678C426742044C
:1082700089E861A08B519C6441B49B11581F59003F
:1082800029B984DC64B32FE72A0738EB6CB75EAEFC
:108290002D3BFDD43D4DB2E37B88039E6A68403D93
:1082A00028A40E799172D1001E41A691B845CC55F3
:1082B000A7A1773D296F0713E646EB7B4673A345DD
:1082C00062AAFD3952C9C7E5298482A059AE4F0080
:1082D0003FFD9C3E0F8457D6E53543A9C646F78C33
:1082E000BBD16008BDAAC60E1B721FD2E3942E97A5
:1082F00006D98CDF7F0C0B001C1538BF82ABBDC6C6
:108300005CFA601FF9E63D7E8FF07F6E68B46FF710
:10831000D161B23EB22490E152CCD15C96D1D5006D
:10832000C8C76ADB03895C1D29BD3222F8DFA3CCF4
:10833000BFC1EF9F3D0C0D60517C4101E212E8800E
:108340009017D1D60FC53A00D498051DF8CA090078
:10835000FE67F3EB88548F6CCBDF1B5A9605CC96E7
:10836000FDEEDA798E04A03A2B2A517BFEE355000C
:1083700069D88E1343D8C5086170C7D255AC8AFB43
:108380004C0B6E216660857AC951AA6BC154F952B3
:10839000B05D8F5EF4A09A00120C777302695D05E0
:1083A000D8F19C1A56F9C210D41B340D95C75BDB6B
:1083B00013A0FCC553F84E31EDE8EBB6402B2D0071
:1083C0004C4B9B1FD6E3760130132904FD4FFFD29F
:1083D00073708CCB32449A0949D472DB086C6AFA08
:1083E0007208F6B37464FA001C7F4F426A4E54C59B
:1083F000A6CA7A0FEEFBEA3E2C8955E3FA61A16525
:10840000B4DD7ABC287073EA7100C4A17FE1C500B5
:108410003BB6F13DCA39629FEED038CA6B4F999B8B
:108420008306F5DE473793695144AEA6D150CD0798
:10843000EFB6BA0B7A09160045D0046D876B89A593
:10844000B00C30C2E21AB26DCF6903AE0011E9CCB4
:108450000D9E543651D46D4410B59C747DCDB3003F
:1084600077741F23888720F937AD017A6F5FB36E69
:108470004E07CA42B3F35A6C3A0B63E12A58E7CD70
:108480006E69C2B062DE5F0075AAB6EBE72DF6EF4B
:1084900013304A560AEF72A131A759356900BFB8A7
:1084A000A9855A497446E62A129D57DAA83BFC0072
:1084B00010433BB2C6A58CDC0801AC5CC4478DE719
:1084C0002446F5389C37DDF20CC22E837043A1AAF6
:1084D000F52F1D785E76100055C0C6D34AEF0A3AD4
:1084E00032E35A86E932A85F76B73E52C646DFF6D7
:1084F0003F6E5F4F7BB9B8E97F3B50422B49C100CB
:10850000C73103EF432F92F908CFF6A964BE5F5736
:108510004C3F8E96B6CB81D1F3048C177FC4575E47
:10852000E6642A64158985007824A1E4A983FE768F
:108530005C77AECE36D9F0CEDCD6424DB13B83D19E
:108540008398630C5F35F7792E65B88D6090C20013
:10855000C7F96E2F6313944C3672598A3BA63D4C73
:1085600070C9909301E2F6B788D72C7C0A06098C73
:108570002C250A5B70606400FA64A540D0428EE747
:108580000ED4602624E8569512CD0CCB10723A68B2
:10859000AE5C69F3286968427BE2AD7B7DEA5000FE
:1085A000F0CA55A1DEE98113BF3F84F8CFF8BEA819
:1085B0005FC5F77B493C74E55631205F995803F954
:1085C000B340996E84186000CE5DC98BE80ED65A10
:1085D000CDF7D59C6953F32E57761FFE937B57F248
:1085E000A9B4E047DFD1F459B39D652EE313E4004D
:1085F00075F02D8F1DFA7AA778B0D63B0C486C9C8D
:108600002D32C9F837D0D1D416D7398EB52A6FABF1
:108610008B2DD00F9FCC19003B0E74F56016E560D2
:10862000B0DD2103461424BAE63E2FB04B34B08CA3
:1086300071EBBD89B159C70557830F41E1923800ED
:108640005F2FC061C62167339D6725A7FE09B90D5D
:10865000CC6CD154640F6807C94A272DB59351B526
:10866000ADA709A25D99B200EA7BAEE19ACEA73030
:10867000DDB3EA8E3FDE0552FBDA008D089C679A77
:10868000E44400B1486EB7C74C2C32AA9C453C006C
:108690002F78162E4717EA8C3876FE29DE621E2EBA
:1086A0009EA5B19F9331421138B9BA94D8820ED8A1
:1086B000ADCD58B2476AB5001DDD87C1FC1F37EB51
:1086C000EAEC03E727DB7ACFF08EEC70AAEE6EF4CB
:1086D0008C5161D2D3754CDE40E2EA2384469D0082
:1086E00081E4F9432A7DF510C280AE513DDEE42BD2
:1086F000D797F50CB83AF266DB923DF55821F7436F
:108700000E68B85C91C8A8002F76F30FB504FD2061
:10871000B9263A5C69A15B891A6090EA110D5F196C
:10872000695861A5FE5979ADD649CA75946F0C0098
:108730003968440282384116D1DD9EDF8354536A82
:10874000611096A9103836D3D762620A75A0779661
:10875000C51FADB665CDDE00C6D9B94902E9775C63
:10876000D0A9F0658D65384CFF66BB675F9611A395
:108770009BBDDE0E21995041B678E15436A5CC0060
:108780009B1613078539E760E01C77FD263A76CB08
:10879000E8BD313593278563FD4A6ACBD2F46A6917
:1087A0000088B3BD83E1B6003958853D5FE6099A7C
:1087B0009B0D199057E46277944D94CC3137A8689B
:1087C000BE43EE48211B475EF9A89C57C35A3100AF
:1087D000B87327D01C12FB0050B9923AFF187FFEE5
:1087E0000C63B535EFE44A95BDA06ECA33C5A9A5A3
:1087F000BB77861E8DA21900B0CE7FF05563A96BA2
:108800000553146EB00862E6BE40D42460F4E9F06B
:10881000129169D91203AC84CE9C21744B9F000045
:1088200050C2D98873BFBDAB6DF854237A936AF2F6
:10883000A020E049DB7FAB9402E9FDF44A91B4A4A7
:10884000CF38C8671C75FF0089534BABFE5D89A804
:108850000C1D588662A5CC860135BE2D6AF45A8C53
:1088600048C8650DEE6579FB39A597680FFAE700F2
:10887000EAEE2D39B8CFD5D76CDCC31F5EA3728D5D
:108880002344D4C90A592EEECE609254CA78ECC75C
:10889000F9F0CB971D7C3100E8DEB10B5B6B6A37DA
:1088A000CD0E242F7561E78487F292294409B2BD69
:1088B0006A5004E781C94ED9DD3BB553BF1EB700EE
:1088C0001DAC5EBEFB6EF33A3772D43BB61F602818
:1088D00054DB8CE8C9D18C5087B2FC7DF99EF1E263
:1088E000C4F3ACF7F975B4001B2FE780618DB7A115
:1088F000D0CD9FCDE166F59438FB9F4D3D6B09854A
:10890000760873C0017B633AC4CC24B566CC97006B
:10891000DB0DB6A2BB9B242CD39C4B8FEE5B66D5A4
:1089200012421E1A188AAD25B497657C8246671DCF
:1089300018EB9596BBE3E5008B6EFECB15B559930E
:10894000934F2890874C6E9359F2374A14B14710D1
:10895000E81A2D7C767CD2957B9F41137FDD3B000E
:10896000883D4CBA0EA81ED5B2CC40829F0856BB9B
:108970004930F878C1970C6C4A1FE3F134A6132CE8
:108980001E0E73E96628C30050C155573CF9C35900
:108990008CA27584C9825BF7D933B4AD7A1B3E17BC
:1089A00033F8E0E2D632D090FAE5C7DB28F18A004E
:1089B000DEAA056CB6F651012447610C56794E24A7
:1089C0002EFC7FA10D228B5F08794264A3780426D8
:1089D000F4E213A994A33400BD3D37B28AF8BEA1D6
:1089E00089BAB0F59F493BFAB8004B89B08FB30EF6
:1089F00078002EF3D64F04FE4D5DE39E14379300AE
:108A0000BAE6BCFC1B9122437835B2E8E84C549E90
:108A10000161790623752BCB9B7133DA6542F4D45F
:108A2000EE540CDEE0CE5A009218F08ED3A3AC6167
:108A3000F981F72EF73AB106341C8C66E191B0103B
:108A400044F53EFC18A6B1A5C745638F29367A00C8
:108A50002D20741FE939CBB762C9C7CD1F67F6391E
:108A600006D2B304BDB3EA548F07D39679344FD9F5
:108A7000AB166C01B86E2500E51605F1AB832BCE65
:108A8000EA35E815FB7FAEF5EC1692AD5AAB6FEF09
:108A9000EE474299A8926F0D84087AAA232F2600E8
:108AA0005E0AB7A259D329EA018071C7639CC03F0F
:108AB0003D97464F87145CA27AEB17237835D9632C
:108AC0000D31AB469D8A3E00A5ECB0AF57BF279F46
:108AD00019547AD945006FB9EAC852D680F385C5D2
:108AE00003FC3DC9B7D71D9302B3E16C6D6C250043
:108AF00089B9717A58096E91739BC953E4E11DBC21
:108B0000E16D5932BBAAF8CD47D7C676F018DD28FB
:108B10005DBAF1C80693C5000E3266FE07D6415411
:108B200011EF452893D4E5C42215A590647DECAFE0
:108B3000ED451D120DB57540E6D391C9EB6A2200D3
:108B400000FF875CA0C3BA22DDD2326EEE337F9E77
:108B500010327A358454855B247DFA5CA8AD9D344F
:108B6000F975E979B1A6A200201C9CD8628D850216
:108B70006BFFA55CCBF31AA033AAE3AA0D0B40B997
:108B80000B9BE21E112062E2FA7556367CEDDA008C
:108B9000B0C976B4B2629C823F869EEC39B8168E1C
:108BA000209EC958DDD1FA0472626032374E596E88
:108BB000443764540E26140090B034952EF729984B
:108BC0000CEA56D107E53591161130F2B602E1BB39
:108BD000988B5FA63F751EC6F9B2DA0DCEA278005B
:108BE0004F8140FB75554975D72CA9A9649F2C1955
:108BF000CBB0947860EB453B4304AB7FD171FDD69D
:108C000058BE5F2F937B3D00D124B16D2F66E535B3
:108C1000B4FCA5852A5D21764C0098CA1F51F9D273
:108C20007597EA8EEB11577A380859168EFCC700F3
:108C300076D109AED9917D2BD9DADDD889CCF05F18
:108C4000F7B719C1EBB63C6213443CCC3F1644B2B3
:108C50008959384C65C97D00444DEAC7D4D56A5955
:108C6000A9114336A82DA2456BA5F2DB0752755317
:108C7000482704093594F55363A07934D482AA00B7
:108C80002DF7EF5DCD9914CC050293297381D87C23
:108C9000245DCAC49F99F18A35542E2AF207D9D689
:108CA0008F533BE9A9CA4600EDAC74783A50A2272D
:108CB0002A6236DA0E3AE618CE31C444B430A2162F
:108CC00088A1BC6BF90052177886592B298746007A
:108CD0003BBA1E1BECCE86F82286D91EA354BFBE1B
:108CE000E64EF8109720E0E155DDA6678AE6CFA1B1
:108CF0007AFD434E98EF420082515EE9D49512B955
:108D0000EF674F095719E645053C8E0E8288125BC6
:108D1000DE3EC5CC846B0C38562C6C44D24FA80078
:108D2000707DC1153F260ED73EBD6232408A582B5A
:108D30000312DBC3BD22A5AA0670B084CA2A4B1455
:108D40009B88D3814C99B800B3314BD1368E24CC5B
:108D50000A721C12D4676987A9D84446060D207090
:108D600024D1BAE2A39FEB102E9782E70585B000CD
:108D700043C87FCE1609C46DEEEB3ACC52C62381B0
:108D800065A6F64147CC22F4FC6D8EBF001220038D
:108D90003124D4CC2D4452002E6964A3775BFA1A97
:108DA0000D4EB47302B31652B1116A8EF983D437E3
:108DB0009D309944590A9EED94F50099A150E60022
:108DC000CD0E6EFEE6A827E41C29708975BD3CD047
:108DD0007161EF444B03B74B4D4BD147A5910588CB
:108DE000A246AF31FE7F3B002FC69EF3D62100077F
:108DF000A9507CDA41F700C9A119CC86D8CFE48606
:108E0000D3E95235A29D53391745A7CC43A21F0081
:108E1000C86EECB6E622119E83F03387AFC84CCC07
:108E20000F1EA6C1F2D96FCAF4BB63E169471CEFFC
:108E3000BD30F5DF0B03960063FAD9C9293EFB97D5
:108E4000B97C1A537AE209B8563264CAE0AC5BC204
:108E5000E9AEB15459031645DEF641CBC2F6E40043
:108E6000912DA53C653B1340A7EA141198CC81785D
:108E7000B9B75F6CCAF07D25423798FA8BD8A0430A
:108E80000441ED1B4F2A460072647BFA2B5E65217C
:108E900089B3AC946A1F8FA87E56270A926A2A85E6
:108EA000FB078063E31D15A764D99507A27DE50044
:108EB000F0C82FBCBEFE6041F372EB14A44B92FDD0
:108EC000A5D8A729F4892DA0A41764511AE8F9930D
:108ED0007A6DF48970102500830AD6461A0DEB8549
:108EE0006D948E4A6078A377B14E072DCC92CE0E4A
:108EF0002C49BC137EA186AAD73FE5905C874E0023
:108F000009960F9DC912B696A4436E29E695EA7795
:108F1000D1B769FE17BE3D19B0CDDB72217418DBE5
:108F2000C1AE1F906BE2DB00CDD80B16194136C5E0
:108F30000A586F08C29836C6F7CC418A89F26A206F
:108F40001AF318174DFAA0B7FC8D3E936D0F180059
:108F5000866BE26423D16E77DD02E5E91E42E10C07
:108F600052C5365D4AB4906419143747273F7C38A0
:108F70006C90F8C09D7A6A007B4C1DF59F47FFCC32
:108F800062A1A973FCE56EA9626A52DBADF55335A7
:108F900005CB4F24A0363682F97E4C3D9E18310019
:108FA0006F24DD60C14A6962760361DFE87663772A
:108FB000C3FA656C5B9D24246E21FA9355CFF3C8E8
:108FC0005E883482FFD16D00C000CEF434DC985A44
:108FD0005E8DA2A7A18590ED9F825878F55394F0FD
:108FE000705E5BF37FFD55C4C73FDF2A7B4F2700D0
:108FF000A0D30F8287E1590196292D18D943179FD5
:10900000EA795BA95AC13B7479135D30AC08A4E7D7
:1090100060CAA5FD00533800B770C630317A347588
:109020000D4D56EB9C456EC46CE13BD190FF5B4C03
:1090300005DAD86422E16799B0F9C08E0288CA00C7
:109040001E704E891998D92743B354C456BDFD8369
:10905000D4647513C821C4637AD284B335D62D364F
:1090600073A3C6060C43B70069DA05268B5F20E3BD
:10907000FC1CC1035CC200461984BF258AA5E7BB5E
:109080002E6521E4DB38F3B010B24EE0B0D4AE0070
:10909000D34946A4C2F82ECC5F41705868801A9517
:1090A000B5E7165633F72286DD49EE47F3A70409E4
:1090B000963D5324F0FE70008038507073036CD7D7
:1090C000FF79F9BED1D61ADB6EF8C892DA06E590C0
:1090D000108EB3A4892C87905FBC6FEF6C3DC000ED
:1090E000D27BCAE38DA91923DAEC4F71FB8CB7252B
:1090F000BC755DE3904E75ECFC1C44A6ABA3AFD5EC
:10910000A666FB802D1EA5006C49A907E80F9744B1
:109110005F761D6DE2780C9ECC987572DD75D1522C
:10912000566382BC7A9199D0A9D379A6BE517300B7
:10913000DE8C6CA619ED985A175363D762A1E71E0F
:1091400056BD7C71213407270C0B9ED3AFE4486FCA
:109150004240DDDFCE1B4000A5D8C4357B78893284
:1091600090B61F2DD73EE40D21DB93F119838CF0CF
:10917000DCB95DB704F4CD923D67B921C8BFFE00EC
:109180003658F1DB730743CA062D801E5474E0DBAA
:10919000BAA57B646AFEA1E96FE1CCD58FC9DD5524
:1091A0002DA5DBA9923308006458EAE34E043CB1D4
:1091B0004999E808E804B977EB8267ABC4E9D5D9E7
:1091C0008D52DB0F7BA4B6BA0BF046188B297600C4
:1091D00070E14AAA5EB76027EBCE51BE29A3291BD6
:1091E000C3AAC84ABF5DB7B38BEC4F56D190056A8E
:1091F000B62E2AD5F05617006E6BE0C5DB7BECDE91
:10920000F305CC197505CAFF7D274EBA0A9164068D
:10921000BD8130344F7764F91380A631DFC68A00F0
:1092200057046A4490CBEB8FD827026A9A81C916FB
:1092300081A771CAE697BE6417DA1772A34805E2E0
:109240008F8994F727F96B0092712AC0469A9AACDD
:10925000911E588B7DA4729A41D63B0299A4FC12B0
:1092600048084F2C0511282BB8D6E87C7BB90F0095
:10927000E5755F606CCE43ACB8316C861E9F614073
:10928000E52CDF5472414A9D591CF0B11D9D23F914
:10929000E12D320288025300F1ED7138145A6B96B9
:1092A00012AEA06E566C1379DEEE5F8C1B5FE6B3D8
:1092B000AE57DFDB40E89BE7A9968D123866D500F4
:1092C00072C57CD4E2FE7DEA155C8DD1693D036FE9
:1092D000F860B67DECAC512C9B3F96480D61B68191
:1092E000FAEEE3F8624BDB00D761F9D5A2B80EDDE8
:1092F000789BD3233D11E94807A05F783292FB07A2
:10930000461141B76B584AD23366FA9C6B1BBF00BB
:10931000AF90291742FCB6196C81AA91F4D438EEAB
:10932000C237B44AE5B55AE1AC5902D2A3F53C8440
:109330002AEFDF11CBED78002A789CA1E7B7D54C56
:1093400063B7A52D00D1D8C58C76C9BF53221D4364
:10935000EF3B6696A8D1DE8B4D60CADB31138600E9
:10936000A63913655DFC1DE543914700641ECC18CA
:109370003E8B010763CC5A0A2818C06066854149B4
:109380006C8F35F997AF1C008CDF083F3B3AF7E84C
:10939000F4C06C9176EE2B0C4C476A3B109B1FCDB2
:1093A0002FB8D3190B596EA3D20CF90362D0250044
:1093B0007C14C360A35C25DB1A71172DDA0CDECA9E
:1093C0009495512B5820736008C76DE369C407A8B2
:1093D00076D78106045D8D000C3A223107715EA6B6
:1093E000A9E0E3E61AB0CDF0E95BCAFC2BA0270D9B
:1093F000B6ECBFBC52EA2CFF9D304D403C91B20010
:10940000277857A3AE75AEC8886BB965A1D03A92DC
:10941000074AD33C8308F29F916DB7E4AE4E972D77
:10942000C1FBEA28941E500029FF1F48B97014C5DB
:10943000252EE826977FFD7A1978428D4D13F24F3D
:109440002AB875D54420A3A265A0BFD7BC44A50007
:10945000A6EC8E5355C688BF3E7BBAEC2762FF8FC1
:1094600028B4190B4864B2966B4447FF51B3C24B02
:10947000240F47D58FB3C4009F097BD482B9499983
:1094800041838ACE876DF9F1163AE53C631E433F6E
:109490009E3AE1F328B7559F5DC52E6C9B36C800F8
:1094A000C66AD534681113ABB90645FFBEBFEEEFEF
:1094B000583E7D6114E1B963DDBA6413FE44D0AA5D
:1094C000AD110B15D530F40052ACA2A6687D79BB66
:1094D000BCBD2874DA7120066909CE91C478BEAC8F
:1094E0001A9D202E295409CDECFB75AD3A091900BF
:1094F000CD9D90DCD6F263CA89335E3825BE9F6964
:1095000048EB5021DC9D74A148A70D5A8B3F2C5B82
:1095100029077CFBAA559A0054455F2A42275035FB
:1095200052B7EC0CF24BDF9F9CE262D7A4673AAAD9
:109530006367473C54EB314264C922FA0DAB0E001D
:10954000902403C388FC0AB10D3B01067F928CEB8B
:109550007081DE0828B46DDAB1C24EF66668276005
:10956000CE32FDB17E80150023648E7F1346A24269
:109570005D5E3D52D669567008937208483A5CB4F5
:109580008AD4911859A5B040EDDDE64F9BD9330040
:109590009B1463ACF37C5BA07969CAB7CDB3587EEA
:1095A000A0B49B7E70E538B7399ACED1BF32B05D9A
:1095B0008D977825794A31005F1560D5594F874ED0
:1095C0004DF79E1D39C30AC360C5CB45642D5B3979
:1095D000ED326F858E211C034E4F1C05F818D80004
:1095E00012538340A73FE5B864EF1E3B929372107D
:1095F000E4F5CDEE86FB870E816C290BC00BD9F606
:1096000059105EDB999F8800F1C7ED02583EF92999
:10961000BAD36DA48765D32EE49A235B63D137CD8B
:10962000656EBE2C280AC5A17013A3DA019A8700C3
:10963000A848288C6A3C806D2C5A2EC6A1BC1933D0
:10964000DC6F503D97A8BDE3094954717EA6C91B44
:10965000729EA520039E1F004C1FF67FC3070619AC
:1096600042C2546AF70A11AE36D1E7287E33A344CA
:10967000DECC1C7FD357119ACF0D03998D804E00FD
:10968000A1AD1F86D019EC05FB669F7F896C604AEF
:10969000279E7298A071CDF3E3E061D428F1375092
:1096A000D1E999AB65E2BC0000E6350E24412442C5
:1096B0003AACB5BC24B10E1477A456255D5F20B139
:1096C000811DA43513D47E640D65856F6E3E5C00EC
:1096D000D1D90B23CBA5D6022E5091C2B0CBB575F4
:1096E00062EED3D0EDB011BC9B36A8BA536BBB9FD2
:1096F000D1E89CFEC9FF1400EDBD2EA595A18C9567
:109700006AA1650AE3A0D64847D856997C07442742
:10971000B622C3F37EC621F30EA2A8DC76958F0095
:10972000517A782A447F32CF665F54B4EAD4493004
:10973000FBFBAC1FE39084DBAFFB42934BACE8D563
:109740002EF9E842CD87F20091CF9E5E7ABFDBA86A
:10975000282EBB97B54DA7FEC73DA275F06A8B7743
:109760001EB5EA42E6FAC0428CAF8DF06AE3D6003D
:109770000EC8C73F0948D191CDCE86CAB9C189D19B
:10978000DEE50339E579203EBCBD7A6719521A2D12
:109790003BC462EB6B94B500E53C799F606EBD31D4
:1097A00021474D375E90A533537FC9B0FD449930B2
:1097B0001646EE514730D8B037EEB662BB6E380071
:1097C000474F0DF5C695660150732E528758D56CDC
:1097D000CB4B7B454DA4DF9C62BBEDD40D01ED313D
:1097E00071C7ADF83A05430018F8EDD9008F9A41DA
:1097F000F6B923EE6556299E325212E1CE3947035F
:109800004E0A7311956354BD65AC14D8080CFB0067
:10981000C9BD1EC8A30E5964506D7362ED3B7D5ED9
:10982000A4AF32AE2EB91785B6F20ECDC252C38A9E
:10983000D5876592FBEF320093FCAB4BF020EF6FC6
:10984000B997D67D3FFCD34CFD3D7AF8E1B58DBF8D
:10985000CA1B215640BFB3D9FB1BC072C1B7DD0084
:10986000680DB9AF296CBCC467F73CE55EA29DCC1E
:10987000045D7E2D28362D0657BA2A75B97DC7CBD3
:109880005543115D6BC0C9008B9309D3C72D424E60
:109890008A61360684EE53E822E428B35F7C6004D4
:1098A000B4F12161634C06A094D1F4AD360491006B
:1098B000D6E9BECC9338621140699738C7CB7C4F4C
:1098C000566CA8E2357B308352AB81770D78D94551
:1098D0007BAE7188B874D900995E7215961A080625
:1098E0004A35D356D2194C749D703D804B7A282549
:1098F000A18A78DD2934CC6F68CB28C9934A1C0033
:1099000059D6A331829C589DF4EEF7B15E66AF4CF8
:109910005A7FB29D30781E7759295670B54A20B1CA
:10992000EE6DAF4DCDB0A800D7D6A1AE47F4EA1D7D
:1099300038DDE4E5FEA09F912363450E86B543E53F
:109940000BFB034C0C33F1C7DE2986632C26F80091
:109950005D60130CD603CC13A452123F93097EE82A
:109960004C9E81D5014B3BF4950B3DEF045111C04A
:10997000131A0BA944265400307AFA346CC9A8771C
:10998000CBA7EFA1A77E467351D624EC30DCE5BB14
:109990008FC0EDED87C35D6DEE0EE7D35006E50099
:1099A0008671BF87A20CE1AD808EA3C184056E5382
:1099B0003AE392A4AC10DF52698E5363FEEE650E5B
:1099C000C4E0146326BEA9008E8DE00F6946DB7AE1
:1099D000D75D724C2600559348CA00401DAF3AB778
:1099E000E9C61A6ED5283BAC6E505C1C1305890085
:1099F0001635D04402E8F4D45D6E53AA9734087942
:109A0000A9B4E758F4A33F7F07C8605DA95ACC6E9C
:109A10002B7943D592EB6B00A9152E9C4AC72335B1
:109A2000DD708770822089649BBB67F669DFE6A6DC
:109A3000B6B5B340195CBFA9924A6B8AEA9C4A004A
:109A4000ED317E4EC1AA77D76E8DD3D399697C1D37
:109A5000DAA157FEFCC953BF5F8B9A508B33B2FA21
:109A6000D99EAAF943F606006B7BF592D5A198D250
:109A70001DFD31CB3D87CB989D2F02FCCB5ECEF2F6
:109A80004C4D2DC219065B2277456C61BADEE100B0
:109A9000D4409F58605C93BF5ADAC1FB2B068C9C64
:109AA000D3C68BC99CC3FA7E2780297F39671B2FB9
:109AB0005E2CD819F1E87C007B38B7B4DD738CA339
:109AC00088CB407C73482CF335E1563332E5AFF94F
:109AD00047219991DCE0850E8AA1F83AD9606200AD
:109AE000D3BD8C79B20D4167D8CD0F25D71018F9A9
:109AF0004AF2F3B9F8ECF4755C7A6948766C513E39
:109B0000FFA2956CF1091900EBBA9160AC52576055
:109B10003195A10DA5BDF90399150D9524AB9E11A5
:109B2000F43D21C80886BFAE4BF669FDD14814004C
:109B300031D673D1291622765624D4A0A82ECD0A68
:109B4000AF717FCB719E7EE26620689A3E780A19DB
:109B5000267E9E1B9D1A7400B7A9179E73CC4CC914
:109B60005302AF180A869CED999CC9991C7745F061
:109B70005F3F39C3CDC6B28BDD45AEE7BA65A700FE
:109B80000E0F48C8FA1F30039E282AE1D0629F5565
:109B90009AA1F76A626A085CFF538702C016C70F72
:109BA000BF416CFF2E5FCF00F597F341AC9FE3A55B
:109BB00042CA6B45780D2DF6D2C1CE12CD10328936
:109BC000265FAF126E9F6A73056F70CCBB4F770034
:109BD00093528F7D824741B925CA97C13CB6E1AF08
:109BE000CE87CA0D5E368AD3766464758FFBBE6FEE
:109BF0006DF67C70F518C9002E6B4504ECD7A27D7C
:109C00007D7F1898E86FAC6F27609F3A1F9C0B1FF1
:109C1000B547472DB9CE455B1735B2894CC784008F
:109C20000ED1CA6DDDD263D5995A20322C0BFF03B9
:109C300055980A981C25BE7C197D4CAAF1D0B1AE6E
:109C4000E5474575E8E287008149412D691EF81115
:109C50006044728B01B8485EA983D33179F7EE78FE
:109C60001A8EAC589E1D4D3466CC9E1A8C765300CD
:109C70008405099E4768C0F6E2CF761B13ABF9AAAC
:109C8000E980C9A28430B513B90240D9DCF22CD5E1
:109C9000AFEDEE1EFDAFDA00B62D7D8829AA77174D
:109CA0004F13FCE22195FAC490304F0653B2E80DF1
:109CB000AF69B8E0B2A282E507E1A55DF6DC7D0000
:109CC0006D4690934A70B2B3C9A282E950026464AF
:109CD000F21F1E0D575FE06CD521155291FF9B2599
:109CE0000582BB6FC0FB8200B64EB367C0C0F1A94E
:109CF000D0108E1840CDA5D6290136EFD26DABE439
:109D00005B2C41B656D57519001A178435758E002F
:109D10006E4665D72A2DAC609E455B98D4F5EE4122
:109D20008CF27CDDA52AB976BA0EF9CFA6351401DE
:109D3000B6981B8FFC7203005CED428B87AB7A9B5D
:109D4000AB6A3BD7F3861642D3AF885904DA96A79D
:109D50003261992F5ED5BBB03369D43BA12142005B
:109D6000FF4F0394A7FB47B0FC77F29CDB9362E1C3
:109D70004B96D320EC1E4FACEDF69184809953396D
:109D80008AC4E50B3D575A000935A215B929931E1F
:109D9000965F996D951E9DCDFB028356DC10A1ED5B
:109DA000B3E341BE6EAF4A1D370AFED19697E1007C
:109DB000FA5101D999C9BE50740D2842D6FDF8A8B0
:109DC0007A6C233BBCA73706B9F044AA9AC6AEEA20
:109DD000EDC9A809C3511200D9D0A1364A2209B849
:109DE00019012E6321610A137E2AF465452F2E6C1A
:109DF0000BDAC7F4C3F0AE12DEF8C2123DD6E000B3
:109E0000FCCAD8FE32378BF1BF97906357BAEFF494
:109E10002F9326EE56C2D02039F81444F32CAD27E8
:109E20007D25F64B517E0F0001522FB3E727FCAD85
:109E3000998642331335854C35D3DC62A6C79944E5
:109E40003EAF47623703ED8DB80DB057B5D98B00E3
:109E50002B2F8D80364BD1DD92C1183C4A780ACE2B
:109E60002520750F2F169377C945EA175BBCB5E916
:109E7000667FB1D130069600996E241EDCBFE05893
:109E800050C90C20C4AE970CB924B719FD52EA2F63
:109E9000680728E7AED8B0099DB2C192FEDF350051
:109EA000E9E698B1EF3A0DFC45E248A20C96109312
:109EB000AFB9BB8C6BEB95ED3C4A0572A7A2933B07
:109EC0006E6CE8C298694E003AF402998A0B489881
:109ED00014E5C28AE92705D3E87509831E4379751D
:109EE00038EA11F4FC1832BE8C0E506142968D0097
:109EF0006DBEC47DCFE4EC6B014EA854B2FFA80C3C
:109F0000B7FBB1ACB0E2D64067FDCD68101CD91CE0
:109F10002A7F067FCDDA2B0073029BB5686D2F2D4B
:109F2000E738FFA0545B959601CA61EFC8384A48EC
:109F3000AFE1969610E85BD1D7A54ABA3A4CAB0090
:109F4000C74524CFC6752F334EA32C517333B85752
:109F5000B8DAB1F7C626BEAD765440BB2BCABF995E
:109F6000A28DB9276FDD8100938B91E0FBF7DE4C6A
:109F7000A584DC233B5F60D2DD74607E7253C9959B
:109F8000ABD6BCF9003F6C303CCB71AD724FDA0000
:109F90001139F85297155092779D0C7D1784A16E58
:109FA000DC4CA304BA8C4AB54E9154F96BFFD168CE
:109FB000CC6336541E55D800D7728E8F4C246E0851
:109FC0004719B1DE94FCA5DF107940A9D6A72F1C54
:109FD0005CD3E71D2B23B30E6F1C1FD65E0D8600CE
:109FE0000C3BD4CFE0A820A3A7F29139FFE4FAE418
:109FF000F80DD7792C444E2B86FCF377BEC9F16758
:10A000004185EC09D836A80030E0D24BFBDC066A6B
:10A010004CD7394F5730985CF31220B16BFD0F6F5E
:10A02000DADD0BF8D3E7EBA100567C01E20F550017
:10A03000A47B2AF773D88752E788AFE8A2089493E5
:10A04000E0127689D3B1145F47587E73CB35CF7455
:10A05000605B6548BC26E5006FA74276EC80D49E25
:10A06000074C46375D9CA71C6077540DFA59D09871
:10A0700052B4A43EC17EC81EECECDDFC63489800DF
:10A0800003C177D0B701CF6DF482ADB4E9D43F7886
:10A090003CE59468E0F43FEF60A44AFEA7D276FC6A
:10A0A0006C575B5F4529B100135A99C134B7DC790D
:10A0B00056096E679C414B32C8D8D9F9CD8B58A050
:10A0C000F5A77BE68582071DB3A5FB9CE2F8E400BB
:10A0D000F72ED22CEFF6B02DD7E05E924755A84B65
:10A0E000F5B0B0FC763C77363F7F86820F8B21C778
:10A0F000BA0773582A8B0500870C9A5C45D4A07C5C
:10A1000099AF88C6A07682597584296FD515947940
:10A1100042DD3490AD14FB2FBE38F8224987BB00D6
:10A1200022D207F0EB958C7F1AC4B19F5A9869A28E
:10A13000B30864EA8F62505BA74FF089FC715B90B3
:10A140009A7B94BBD00E940006D03E1345FAB7A27A
:10A1500032E9B046B2B2CAE22546E4D3DB6CB3E1E1
:10A16000CABA2BC850B82BF245AA64FBCEB0560031
:10A17000C253FCEF366F786E894B28A750A8ABF816
:10A1800071AA88EBABC0158CB7D05B6E05C2C04B13
:10A190004D9D60336C176D009899A784F9FB468834
:10A1A00040E6C4BA310D65648BF22995BA1E67E5A5
:10A1B000E34607B4030F0C388D1B4DBA12DE9A002C
:10A1C000E40D49A861C08A191450B2A9EC6CD327D8
:10A1D0006CCE7B8E74B49AFAD7FF88830FC221337A
:10A1E000165C8CE1D54FAE00D1CC825C967711AE77
:10A1F00067EB5574681EE7AD40359847EB28BED530
:10A200007AD59534EEEAD10E6F2544BB42D696003E
:10A2100024A97CAE47BBD328B0868F92AEDD7ACD21
:10A220000C776EC6FEC5920020036FAE30FB218115
:10A23000B04F48C13C9897006961CAA659D5B2E6AB
:10A24000523277D94C66E06F1C81E1CE6CB5CED12D
:10A250003BCAD70CB0EEBCD2061FAAE9F703330005
:10A2600024BECAD31CE62395AD16DFB83942AEC66C
:10A27000CE64392C5CE3C0A9844DA75521BE80670C
:10A28000F82A03E434D8CE007335902C08D54BD38C
:10A29000685CB07865C1FA11F412FD795B1DB76195
:10A2A0004087F73F39447752DED0F0D2E2C85A00F7
:10A2B000E7E028C2BE98C4287AD3223505AA536E97
:10A2C000CC657DB2B29595960683731B4E425BFDBD
:10A2D000885E720306DA6800135A2F89E807EA4C91
:10A2E00075060275F9441CC5095066850024E950BD
:10A2F000D37C0F709DA723A77208CDA15E274100D4
:10A300006AFCF0FB9D49A2622D58E21EDB60D4522C
:10A31000AB342D840E4707B4EC785467D8C7F37478
:10A32000B1B205A9EF2B6C008C8E8800D029AD96B8
:10A33000CB7DA2D1D4FEDCBE4014B1F9AC27C7B8A6
:10A34000898208242899A051E5CD844633A03C0099
:10A35000183493841D2845C8D1538F2C574A3CA8E4
:10A36000F0D2A0F9FB629D4DB00FAC3DF11249FB5C
:10A3700089AAAF463C682200610965D79AACD9B773
:10A3800065A6A1BECD1F62E7A4C51F0CE3EC6A0C55
:10A39000B459346B7BF6E80B91B3933FF284AE0073
:10A3A000891B9281416CA572DA74589A675DE64701
:10A3B0008904DE2FDE9D29D25C6D9E098CD5571A4B
:10A3C0004483FC9F8E431F0043A64E870C7BE5DB36
:10A3D00041518828398D6A3F439F561BB2F0268928
:10A3E0002088B3ABA2B485B105940C9FD20DE700D1
:10A3F000B15E651C4B5A60626639B43C17241E116D
:10A4000090502889304E1E7CDC7B40A8F4EEA6E8F4
:10A41000A274FFE4DAD2FE00F643A837B579173B01
:10A4200067E6D65FB47AC2C88001456D1207EF5B5C
:10A430004434E6CE460394D1651AB26BA2E54400DB
:10A440004C67788D873E4F1E4F98E9F3A009494429
:10A45000820A9E7083960847381BAF7A3721F843EB
:10A46000F9857BE591A3E900E9869E74C1BEB85ADF
:10A470006084F4384CACC670C11FB9750D513BAF48
:10A480002D8E9F5E633C8B1803C29D36F95C89005C
:10A490006325042FE0AF4D937158DB1F2CA61B17CB
:10A4A000BA99E8186D5E450B723BC4F78C65E5916F
:10A4B000BF267BD38415FA005B5FC9655E2CD72C61
:10A4C00091B44628E40FE51D81CC6646449D802D5D
:10A4D000E3AA6F89CD0154A8F27463D97701B6005D
:10A4E000708FBDD8A51F16146215FA4EA1880CA551
:10A4F000EFC697BB7C0DD70AD5FB56605D39DB48AC
:10A500008DAACE907425D100ED16E2D7E972B41170
:10A510003514F97A35DE07B0F8CC0F815FB0F0B1B1
:10A52000A5D5EF7591EDA108C744D75A89386D00BC
:10A5300024BF9E081F731F525E9432D10D8D966703
:10A5400062E684F7D45E6AE847733E9D9328E3642D
:10A550000079580F2510AE00C95BCAE128BBEA4E4E
:10A56000866022748BBEF5697D63ED6AC59797E0BE
:10A570009A0C0CDD87C976019906CB30B2A0570042
:10A5800085ACCE9CD3956FB806E1B0024168161138
:10A5900091CC7FEC36EAD80744E5B3D6E21D82A51C
:10A5A0004C70DB2D0C5CED00236B3CAFB9EC732BD6
:10A5B000D0E2D7864438AEFDC4FD66004534400A7B
:10A5C000FF1336330E309EC2630AF4A500F3160063
:10A5D000F3792EDDB8DC384D360A370B9EE255BCD8
:10A5E0007E46704F3EE65B4E3ADE1905A0DA94A235
:10A5F000EFA6F5FA314A8D00CABE5B3D6FD5115FFB
:10A600007C1FD2B57755E3AD7C2E1D4D0E50E12D4C
:10A61000552282C84964160261FACBC6E5B20E0023
:10A62000D9995F30B84474F5E91DB60763EDF85366
:10A6300064A9499289D2556AF8E3E02833B47FBD12
:10A640006FFE2C7B96BA8700AE6257F64D4F3F8760
:10A65000428E7B7B7EA6B7A832A0610159900E93F3
:10A6600047812186FA6E9DAC333330D608964A0076
:10A67000922A6238A2CF69FD8DEF5F1F40287B23AD
:10A6800032CDF400369D5F57398108D97AAD1582F5
:10A6900025A45BD0B5B0B8008DB0484A8ACCFB8108
:10A6A000FAD71F9DFF29CB2494B9629375D39234B6
:10A6B000DD3F0D855F41FA796A90F165B5DAA90051
:10A6C0008BF33BA3FED122AC2EC6450D688DEC93D7
:10A6D000C2E1FB513222D69A0DE74E3308120B32FB
:10A6E000BFDA54392CAC7900331C87BF79A2B8D7B4
:10A6F000930564380F44BFDDF41B548DCB17389796
:10A70000276A18B5DEF3A33EE63733B431A43E0022
:10A7100056AA122B65FF1F4E5860C056A9C1721C65
:10A72000F194E80257250B7EEDF94BFAF518C9179D
:10A7300017DE040B35C0410098470126B9A26DBC55
:10A740003B0B95D9ACBC14DAB3891D077BD68810B6
:10A7500006D1C3114EF14DA75F0BB287DC4BE4006D
:10A76000C14E395754D8E84D2F86F772180D08EDB1
:10A77000BC6F403E60D910CBE14433A8416D081A4C
:10A7800039F92A5A4C3BEB0038BC6FDC5B33F87963
:10A790005DCC99FBC4445DD244989A1DD97C2F07A7
:10A7A000759C4CB8DE3424DEA586292E9BA50700B7
:10A7B000395647865F199725C85841C2E88366F421
:10A7C000A28E82DD9AA3DF803E1EFF95AECF69E0A8
:10A7D0004DF2BD25A8836D0039E503E532EB2E76F9
:10A7E00042C86786CA6D78F68124CFED80E9445E61
:10A7F0008BA2673150136B8C604EE53568E3D9004E
:10A8000045123D40CCE6D3E5DD2887AF9E29ABA8B5
:10A81000D6785A845547C6515320AC3966A9C6FA32
:10A82000D9E343A1BB47770038B208D64E00D9D848
:10A83000BFADA5BDE1BAA8F624C85C7F00072DC650
:10A84000BE0627E1241889A49128E4627FE118005C
:10A850006F994D3729FD976949E36C64D3E79857A1
:10A86000E0ADA738C1A734E58A0C3C1B1689B0AB14
:10A870005DC062C372381200CAAB777DAEC4D40724
:10A88000B5FB23EC1588F358173802349961FAA701
:10A8900084D6C21DB0C3E35553D6A955D14DAD00E2
:10A8A000A9932574843B04DBBF6B7A0C0BD8C55A83
:10A8B000F9FA90021AD8275EB32AFF854D04D953BE
:10A8C000CABB47259A858500BA268AD8943C33911D
:10A8D000E2AF1BB19B1A1CA56F617CFE486A694000
:10A8E000199FFBD2E22BDE3D4A42CE029EA1D90047
:10A8F00028A20DFE96D53A2223CDC8AE665ECF09BA
:10A90000682DFCE129710677AC0C68844C9AFD43F4
:10A91000B28100C5EFC44E0068481A110B0027A38E
:10A9200014602BA43BA98024BA3649C797C5F0A66A
:10A930003F64EB1C22278ECEA8FE64E342B4F700EE
:10A9400021F9A2C22D9910603A1BEF6136524F0FC8
:10A95000FD760B5ACADD34F0D5FBF648850F7695A7
:10A9600066F4E2C7543A1E0061D920724865CC4DA6
:10A9700057F846B58991CBE0EC5C8BAE43FD7F8503
:10A98000ED35F5A7089B54109C3D340DDCA62E0038
:10A99000FD6B3F3194D5EB1FF3A287E7E82F1CF343
:10A9A00080B705E44E03927230692719A97BF61F20
:10A9B000099DFE0A5941B90065C2C7E60223F94262
:10A9C0007A0CE7D8981B0426429EAE0A577EBE6FCB
:10A9D000E39EE18FA771AD4055326CBC3E686400C8
:10A9E000DC395AFE430500A280A01E5C987D2859E0
:10A9F000553177C9B45DA1EC2903B6411C178B8092
:10AA00002DAC0CC71B9A68004CD58EC0C349CDDB5A
:10AA10007E5BDD6C5DECE5312936ED0FD559AA770B
:10AA2000B2B634FE4F3CE2F0132BEF843AC9050076
:10AA3000A4644F84A5626B37832BF56620A1029036
:10AA4000E361703EAEEA1C0436EBF252A831A882F4
:10AA50003C4A690F4BF07800CE023B3EF335B5A07F
:10AA60001975D1F0A656D00E455D167B30CED75E57
:10AA7000FCEF677DB37FA2285DB91DD74131A600E9
:10AA8000552C4BBC506E46D816CD0A8A9F20CCD48C
:10AA90004DEBDF6BE5C9DED40277025521952B8A99
:10AAA00059E9CC7690A798005B1B5C0018827F5513
:10AAB00094C98BE0E78A780711B35CF743E25DDD68
:10AAC000F0588F859AD2ED544364DB7B8D32310090
:10AAD000305F4095F022043212C99D9F75DBD6F09D
:10AAE000F6FD62F63775C9403FDE387969C67A519E
:10AAF000CC94A8CEF825C9001C38ECDDDE67A6FD95
:10AB00005054BAC8A065E124FB08C60910539CB094
:10AB1000DC024D625B1E8E52BBCFE6FEF9D2FD0019
:10AB2000344ABD410EAB6091817BAB51BD7295CB78
:10AB30004C33F8CC3D79715723623CBDC0BDEC9DD0
:10AB4000E32C8BCC6641A900EF943E97696AC84715
:10AB50008771AB511D99B08E6E0EFDFD1520045509
:10AB6000A673A0845BFBFFB1397E28C37422F30077
:10AB700030CFBCE15AE2CDAD40547B9B93A708088F
:10AB80006375CF671FDB40CB38442878613CF94AB6
:10AB900012FE71D5DF361900DE640FEAF9A776B12F
:10ABA000D52C2E3D937AC27F8291B5547A040B49FD
:10ABB00031941ECF227D88AA78EA92443EFFEF00AE
:10ABC0001498F3844E9E82E035CEA94B9051A38910
:10ABD0007FFBF2C80349036D9EECD50FF38CB97768
:10ABE000454AAF54882FF50068BA776382E8B647C4
:10ABF000BB91E60AFE56364959F0947AC1EA94466A
:10AC0000EF907AF8149914CFBC02A7FE9A906400D2
:10AC1000CAA0EF4E6705352C8A943F26C89AD8F40F
:10AC2000585651D69F061A5509717CAED9A22EF2FC
:10AC30003B470E0A2A6F25008627A0EF41E4816C6E
:10AC4000907CD26B582786966495C4196C44D1FACF
:10AC5000EBE7E9C47B865C7FAD17E7A29BF3480076
:10AC6000225C77F03B4DC4C455D636DFB3DEAFDF90
:10AC7000C9C213B5EC8E009634280CDF563FF1C0E4
:10AC800054CD61B20DA083004C5772623CBDD531EA
:10AC90004DF57D6298DDD60CE460EF000D9796D5FA
:10ACA0007F2BB358054B483F5A6D7C7A9D45510028
:10ACB000F60ED9D602BA309E8595C2D89EA3ACF8BE
:10ACC00091557A3851C2A5E3E51E4B3329882AE80D
:10ACD0008915B64F85064C008A7589EACF1B94D03A
:10ACE0004F34CE67750A25075275D535C645BED295
:10ACF00039CA4C5883934EF386751F0FE188A10023
:10AD00004C2344F1BBFB42D8973DC8D2B210BB0ED6
:10AD1000F58F7619F6A8A69C60B2980631D23265F6
:10AD2000ED09E5D7EB093800C26E80906EAF4B227B
:10AD30003D6F3FA58DE0AD8263F82E317A266039F4
:10AD4000619456116716F6BB17208180A2550F003B
:10AD5000A4E44AD538220BAF60EFE758496F47B0FB
:10AD60008293DE6BAEF9A8D134189206B18D1A69C0
:10AD7000B568FB0282F14B0033FC473847BD6CB22B
:10AD800019290518B87D8DB5F4E5F7B9600CD29591
:10AD90004B352270031D81ECF430F820487EF3001F
:10ADA0006E4BDD0568E0A0A4379FF43FF548EFE364
:10ADB000DC489072B94C956A1B6E60CE0800ADD726
:10ADC0001EBEEFEF2BD8E90066F771870E4826CC40
:10ADD0004F0BC117F54695B23F4B1AE1F940A6B1AA
:10ADE0002968B7B8D2DFB5CBDD9A9523DEE3FA0048
:10ADF000591E7345A0B68D5C5EC83096A1CCEC415F
:10AE0000172B374332E8B8D1B946560E47CDE5FC8B
:10AE1000DDE41B7479D1B6001CF446ABF6B2ADC9C3
:10AE2000AD49AD7451A85F0DCACFE8E72DDEAC6D1A
:10AE3000146812B2EC610101B8AE67205D5EEB00F0
:10AE400082322E7DC4144ABD6E2954BCA21BD0E1AF
:10AE50006A97DA97164EBF92DF7DB5E1E22435FF9F
:10AE6000087866C8BCFFF40091CF05666AE02851F7
:10AE7000AEC524A3A74EE0852E6947CF2DAB41E593
:10AE800019D1903FFF132831F3CB0918EF81C60089
:10AE90005B308D62854D3B217CA1B587BAED70B3E7
:10AEA0007885AD36473B19D4D48A9C0AAD0BAAAB42
:10AEB00061FA0A8F816B4100744B54576FB071CFA8
:10AEC000B8AB86082CC6DD4C01DDC472FBCB7934EF
:10AED0000DCE830C13E6216200D23BD2D8959900A7
:10AEE000AE8211A6A369C07922250DAE1F59DF14C9
:10AEF000A602FCE5213C62741D30EB1CC2ADB71EFE
:10AF0000A54D89935547AA00A44CE07E67915970DE
:10AF10008190EE75E3AD610CB0BDA001C9E9CA5DD9
:10AF2000B0F63BE14E353EE121C0355339940D007A
:10AF300060246FD1BD711739FBC9CDE741FB90ADDE
:10AF400088FB3615E1F148D2C1543327E38BDC543A
:10AF50002D1F6F27E7819300356A2C610569133B2C
:10AF60008515696AF58EF10490AF3C26DEC0317F0D
:10AF70005BAA5EDB3722288A41E51A06AF9ADA001F
:10AF8000EEF081F2BB6EA10AE6AC9ED2970A83C9AD
:10AF90001DD630C00A85F418BD839A1A088D32F781
:10AFA00057E5D88A5779800039DA0D226DEA4D814C
:10AFB000C9E742089E0233AD0880087E292C88C369
:10AFC000A0990B140FBA1EE52217A1C62B4C1C002A
:10AFD0007AF3992D55C9C240E591E8AE70EA16089A
:10AFE000BC62BE0F0FB557B5461C378CA55324B1B4
:10AFF000DBD4409BBC57C900C5627F43870BCAE8BE
:10B000007C64D7647C35C5C5A1AA7607825F2767B3
:10B010007037F9597134DA4700D6AAC26F0DB400FF
:10B02000373407350C3D8C424D10E23844E43C1473
:10B030007CF8840EC6074D1ADBC3104A2DF82FE2A8
:10B040009E96F17DF9EC0700F1AE6E1FAA80925E2C
:10B0500056ECFDEF756765FE94614F92DA79C4E9AD
:10B06000F80833C960565C61EBE47272C42D4C0081
:10B07000BACA4E762393E83960D2CBEA2A67AFF793
:10B0800017164FA3618A60D4B34B040EDE3AEB6708
:10B090005973935CF6E91F00A50002548A04B9DCD9
:10B0A000AA04174BF12A10E5DE154444620E0EB0D7
:10B0B00018F22813C69BB957ACF1DB57B8354100DD
:10B0C0005B0F1C86BB1841F882F2220258F6DBF8AF
:10B0D000329F07662147646D5583E41938C127D62E
:10B0E00056B3392ED420CE009645ED84026B6BB357
:10B0F000D60C028956C2D7EB113D92AD7159C1F5FC
:10B1000002E752249F2DB2A08A9875E4CC2F6300E9
:10B11000DC888260814FB7F8AF0E7B7077A5E4DEE4
:10B1200044D75E2F96CFE1579C24DE42FA1BE045C0
:10B130009017921B44DB9B00F27B0E88ED3EEB6682
:10B1400028CEBE1CB26F22A0E22C8CCAB6BD4F1D09
:10B1500026E855E5F45A28EB9AD849E255FE420014
:10B1600063080EEFD6791CDF36CA4351B9644D34FB
:10B170008AEBAAC660201319C63760E32CC5D9EC48
:10B18000C5752A9766703D000B8F7C60A119B504C8
:10B1900025AD62CCE34BD79134881159CDEB6A537E
:10B1A000BE5343404C7FD76CE719D820E545BF001C
:10B1B000610ADA0E4ACFF0B8B38A36816639FD36B5
:10B1C00065293C7E8524144CF3B08E00B6C2CF00B6
:10B1D000BA855168577E3100C2EB6827E9E02780C5
:10B1E000865455B098FB8F03DFD602FA9052299609
:10B1F000C34668C7428ACCA4578904E75D6117003B
:10B20000DB2EDAE7E560452F99D9A4489276723FA4
:10B210007465B34850446C865E243A89A4F43A8E2F
:10B220003272AD8A71CA1A007326AF91D678D9935B
:10B23000FCB913CA701B5A7D4CFC8FC2FB88F55BAE
:10B24000F8AF9E7C72D18F1D2813E5AEE8875E00B3
:10B250000B59C8B4641E526C80D84459FFF069D7AA
:10B26000949D44935318BD97AF56D9FD0A9D7ECF48
:10B27000E37A54A0ED3EC00043FEA188DBFFB17627
:10B28000D849288681AED8B018BEB1E18157A696BC
:10B29000849F27B030F02709710F68028AB54C00EF
:10B2A000E44A691E85E6BADB90E74C46E468AFDD08
:10B2B000540A651191FFFCF7E786B0765786A539E9
:10B2C000688524D2A9E2C80040DEA4DC5723C6F07A
:10B2D000A258F319E5EF6A254DF97DDA66357BD082
:10B2E000E30FDAE347B71A3343906A59C2F97300A0
:10B2F000C2B2DE55C79E3DB87712617D0F24145E41
:10B30000A4EFA9EF8C1EC6445CED957F6867A3642B
:10B31000315AD1FFE6E88D00CEC4445F8AC214B131
:10B3200072257A14F65700127FD8D061086B821903
:10B3300038650AA5AF2810E70E03B0A035CAF8009B
:10B3400077A7FE1C686EB894B4B086E2C268E99430
:10B35000D449680B7FDC7E85B52A0B6CEF1C8771A6
:10B3600008D4C66043B2FC0067DE0F0C6079DABF18
:10B3700077D14334FAE442D7A2261BBE29B6E500B2
:10B38000B4C7350D7E87D5708279E631CEB60C0014
:10B39000BD2CB4386D535865337CF8656320E49A4E
:10B3A0005489F4AB02D6838471C727C897610DFD19
:10B3B0006CD0F41BE675D200416C1517BA0574F811
:10B3C000C38814434DB649D26B85D2AB72E7C575BD
:10B3D00058753570335F8DB3F0691F17625885005B
:10B3E00095043D4259AF438690231F4AD838C3D7AE
:10B3F000FB2368D7B886EEC4B52F7F5EC161A48DEC
:10B40000490B81BFC5168C00068A8177ECA2E08EBD
:10B4100052B09AA0229B4DFB21333BD806D605EEB5
:10B42000F35FA607B68DAAD0656C0809DB407900EA
:10B430007279FF27DFC5AA4999702DA46A20F4C844
:10B44000691EA9DA5951D1A272C463C63B64192599
:10B450002E7F74F7284BE600E6E865431B12FE8D4D
:10B46000BDD19D1A136A44C1B2405BDC556BE0F953
:10B47000EA6C7C3701FD4324B0E37CCDBE09FE00BD
:10B48000C541632CF7F58763952DDC6479E3378438
:10B4900060083696BAC62A74920EFF6D0EC5540F18
:10B4A00000727235430C51007F8AB19D94DA98F98D
:10B4B0001DA8896C13C081630292AEB44ADB49F8BF
:10B4C000B9487D7977594A0F1B805842238CCE00AA
:10B4D000F29074EB1269C0603E8D40C5C58DD7E80F
:10B4E0007AE5DB9B732DBB39AAF04B3D3B243CA78F
:10B4F000583C59D64AC457003C2B6AFBB8FD95AD61
:10B50000D3F315C24AF9CDC021072B4C4E62856397
:10B51000ADCFFC1BDA776AB7FC8E764D176FDB0078
:10B52000FC2DEDA67C8336BCE203062E6A4490AD6A
:10B53000690719E72DBA7F352ACE204C073EC8C0CF
:10B5400084309B0A80D5BD00124E23186F1F6715EB
:10B550004E2A1ADD3F063BA30B6AD6FD1C4C6252F5
:10B5600094FA64ECB9D313AD9C25ECFCA1E82E0051
:10B570001F96DFEA7E9285D567A43331BB729B921A
:10B580006DCA8D4FA0A3A0EF934B1496C70E40D069
:10B59000965B9CC59222F3004A78396E75155DEB77
:10B5A000185278C544844BBE76C0D82C6E452223F1
:10B5B0002904ED6EDE17F0C9DE150E9BA12B880065
:10B5C000DF2565FFAB8E65FE58BF18E4A0CD3915A9
:10B5D00025FB78EEB085D116FEB383EA39587C0599
:10B5E000BD9040AC1B8EE6005CF20C325D49B1822E
:10B5F00052ADFD566DF359E5A30C4B0713437C1E6A
:10B60000C528E9933B4D17F57F51CF670F44CE0016
:10B61000D170703C12D6C6EB0E593E2DB8B1484BD6
:10B62000B81D26FBCF9BE456D833971E907C35F58A
:10B63000359016952BF6BB00D6CCEEC194AB785D59
:10B640003C0954532E29A455657275B4C96E5A50DD
:10B6500014D6989296E4F43BDFF51EEF7EDB810072
:10B6600095ACC4CDBBCC7EA20DAF988962BA3791A0
:10B670003C1AE668389C797FBDB8B34B92B3B2FAF6
:10B68000555A807A3AC93D00FAA4CA96FCC283553D
:10B69000ECD5C57EB6C183D7E6F4DFAFDD61A0F996
:10B6A000700B40D5339FC02DBA528B230A765B00B6
:10B6B000F9BD1FF44C4525F53E73BFD115E9216254
:10B6C000D1894C8C8323ABAD89ABF9A1BD98B1670F
:10B6D000B8E75E2C74B34D000CCE7BBDC7AE5DE405
:10B6E000A035236DACFF265E6A11A322AF727CC128
:10B6F00074B7BC5C722447C451AB49ED3C6B550038
:10B700005364722F654804B3E21214D16E7DD6B330
:10B71000AC6E7090D1A52FC79AF8709B5129F88D07
:10B720006895C4F0F7077800623220E546F3C43527
:10B730009C40596BB1BE974411E621935455AAAE73
:10B74000657E8486EE83479705E117F9843AF90010
:10B750006BFA84DB9D20204F4DA1C97880B376B36E
:10B76000FC45156A2211062BCC9593CDC367ECE7F7
:10B77000815738A19E091800FD9D007827C8DF2F4A
:10B78000413BF8020FD2ACE2480C9DB16E632C1421
:10B790009E663F5D5DC0592887220781B20FE80091
:10B7A000485A047D234E15B8834650A4A02F165B3B
:10B7B000F4D0CB698B47926F317A7484811A433A03
:10B7C0006872AEBE892CDA005D2F807D6545CBA402
:10B7D000B058A12D8192108CF4FD2E45B87099FAC5
:10B7E0007C94FCA7428363E6EF375C11FB2DD90004
:10B7F000530AE91E84EC6333B57675E315C3FDF493
:10B80000A996E405EE482E43C0603DC282EBAE81AE
:10B810007AD02E68C7B8AF005E91576FBEAB400DAF
:10B820001910FF97E342653CCA12C9BF2E6FB92CAD
:10B83000D2915E78242ED01E7843850A7D804C00FC
:10B84000814A80A87D9C8A66BCE8D9F59812DD13F0
:10B850005712EAA84D69C05047697674C92876D74F
:10B860009D877B8860120B00F85BEF7A5B230BD01F
:10B8700070EF7DD768A4BAF8E2E7DB26A719465A2D
:10B8800082970A63F16EF742791F20CB31DA2B00E1
:10B890005E05409E439C9B40C3EE2153BDF6D730CE
:10B8A0002848943761DE36989BD4A3EF93C0AAD67C
:10B8B000A21D21C2A9E4C800C9C5F7C7707140AB79
:10B8C000A1D4AAC78B34479CCF0CB7CE4AEB596A98
:10B8D0000D4CF470DA7AFFA008D94C57EEC7C300BC
:10B8E0003D02CD0527C4A17AB39B2C1A002F9B548F
:10B8F000C405F5B63C71114B744D593E194AFF15FC
:10B90000097123C9F31A0400BF6338C30439F0D1A5
:10B910009A7CAF3746E59AD4A705FA0144E19545EC
:10B920005A00066B5B161259DD22E2EF09F42B0078
:10B9300001D4B46BE8EDCB3AC7D73E4FC029EDB088
:10B940005E388F1C10AD64335AE50F889635102F82
:10B9500036EB51258772E9009737596CA47B021D9D
:10B96000F84BC00B5C176FAD8F9F4A1AFC2B8FBE34
:10B970002B22515123BD854383A9A085EBDEAB006B
:10B98000A6425A7258E9C55DA7803420B986268A36
:10B99000584EFBE78F5494869BC8724E72CED23CB1
:10B9A0000B1AB33C244430002796A35148C7092200
:10B9B0005BB8430B5203AA06CECAFBA323585655C5
:10B9C000269F57C04CC3478F5AE7690F927EE2000B
:10B9D000C2188DCC8B4FCE81398BD27D45F6545415
:10B9E00013DFC8E1C0880F8885CDC77A7536A7AF49
:10B9F00084E89ED56593D1007E65A9993FB35C54D8
:10BA0000D1FA1B496F318B85004ED4B9EDA7DA23EB
:10BA10005DFA01EB7CA17B0F68246606178A600043
:10BA200084C6A734F9BAA5E0ECB6AD030C9D83F04B
:10BA30003FA8ED86333D73CACD019D13D735B78B33
:10BA4000D4BC2D41DAE05A00DD15D43083E0DA436E
:10BA50001B79B0BFD345411F19BF4B05D0E5ECB2F0
:10BA6000273F9DBB42CED3E6BB16CDE6AE2EAD0042
:10BA7000E3B4F7A5EE109B3139723FF88AAFA9FC09
:10BA8000DC882194A7901CEA7893F5A7C5CEC1293C
:10BA900001D86AE26AB10D00840DDD065F8B803843
:10BAA0001C140D4C23C3D6E5E504C9D6FD5CAAF8E9
:10BAB000B52D927209CC10E7516191D13EC81500A5
:10BAC00070519F5D893FA1F003F80B741C8D71B319
:10BAD0003D8ED76A0EFEE39D7FE51AE66F89359F9E
:10BAE000F575EB903D2A4500E80F0F931F1B098E5B
:10BAF00058BF99B2BF490DED70B3A3B77BCEC4490F
:10BB000000A38F8A938DBFB43D454EB3C6F41C008D
:10BB1000C133302576A6AC0A51F27246ABA15D3B2B
:10BB20006DACEC3B97EF849799864C62E76509E72B
:10BB3000B4CF84193D7C8E00897B0AABD714729EEA
:10BB4000179F5F5B01741423FE0F2E82906E712F7E
:10BB500079E97F9AFC33CCF68D8909B8633EC80039
:10BB6000ACCFBB31D3FEA2890EBB1A85215D27DE87
:10BB7000DAF3BFE6723E18653101E39300B1470E78
:10BB8000417FB7D52048C20011B5E6361D8EC0A250
:10BB90007F4EBFA07CCDF2B73258393E813143464B
:10BBA0004E9D2FA1FF51923180DE7F113EA60200F3
:10BBB00010A6FA6EEFA5B06E400DD582225CCD04C2
:10BBC000CA25E19031097726A830105F8F11B3069E
:10BBD000F0FBCB5A906A85000996EE1143193D158A
:10BBE0000593688D5A8E52A1778A71AE655AF7E235
:10BBF00025BB21738F3CC2742F55CAE0AA485C0054
:10BC00006E59BB14A99D51C29A4B41B1B08015E643
:10BC1000B06A1FBA6647BFE8D218A6031781387FFB
:10BC2000BC6EEBC6C5D4340019DFAD02E650036D1F
:10BC3000F13078DD6DCEBC0FB0902198402B06B767
:10BC4000E5DBB055098315B2FA4404DBA72B1300DA
:10BC5000C3E33F115C9A7764E1F15ACC2AF4AC3427
:10BC600055FB62762C5072EB54002D99CA14ACD758
:10BC70006A25C9B16697C5005D1D3423A82EDE6C08
:10BC80003B00083FD170BC116B85B51EF52156B144
:10BC9000DC3BA0FE72194E39AA40041457657E00A1
:10BCA0004092D6A6BA65ADE8E8BD48F53BCE66F54C
:10BCB0006B8A440CD50D333794D019E97EEC885645
:10BCC000FBCA26662ACB600067E477110A0E6C9ADD
:10BCD00028F42E903D75F5957E1B6A600D5A974E9F
:10BCE00080E3D954AA4ACBFCA4CD39A5C7006A0089
:10BCF000D3428B16F3DC5E3CB844F89DFBC3E78A65
:10BD0000855353806011DECCD0CC0A3E3A25721B9D
:10BD1000E99A5936EBA04100DF949A6C79DA77B84A
:10BD2000A1D86FB3B3906E72214340A48D792637AA
:10BD3000E2B86F8745EAE759CEA836185D6B710007
:10BD40000C4711FF9EB2FC42385156C3B00C29D1AA
:10BD5000EE45D3014F66BBB325576B515B91781D00
:10BD6000613BA45AE6C831004049BC500752D7B9DC
:10BD7000F4C91578B79AEEBA55CB92B6E67907D6DC
:10BD8000F773F57827AFFC4D0406F740AF12550066
:10BD9000A2CA161CAB34A51E08DD2BD9ADF4C8E031
:10BDA000FFEE4F5940B312F1DB08F414A30242FC3A
:10BDB0004A83D4CA38AF8800FB6EABB525F3FE4288
:10BDC000187DD4314D726513C70B9C19172EED5792
:10BDD000FB1AE57F1DD925233E33DC454862E4008C
:10BDE000C1C116B796E8DE00E3FDC4668AC03ED046
:10BDF0007609C0C20C5AA1BBC7B861E86BD6759072
:10BE0000224009DD868FBB0014CDEE4E6BBDFF785E
:10BE100053E23C03A136FA96B21C90E50E8FABB903
:10BE2000927565B838BBF7A0723CC95889CBD7006A
:10BE3000C9261610C10238596F415A0A4921267085
:10BE4000533EC667EDAB6CFA3669FBCCF4819D744A
:10BE5000A485B214C009610056445D118072AC46DD
:10BE60007ADC50101234FF5D955110061CFEB6FCB2
:10BE7000C93CBB135B553F10CCF204BB879845000F
:10BE800064B61238FDAB30114103B46432F0849BC8
:10BE9000BB84C79BD9A2588A3C5E59B979FE5F78AA
:10BEA00058DC72CDA01EF1003E19FDF283D3D625D9
:10BEB00088917488754EE7884A54EC51CE43A7891F
:10BEC000B2792A4FF93C23811211C73EDFF1FF00FE
:10BED0005BB2E364D461AE82E099AC3873FA90B897
:10BEE000CBB273D28101FF66F49D47F23D26FCCEB2
:10BEF000DDDB81E44B6E08000D435A35C981387093
:10BF0000735379BEAE178152A8D715A3DD45D6DD90
:10BF1000371D56895E18BC766532890FAFC4AA00FA
:10BF200022872A83EAC10D771C58B52129CB311607
:10BF3000F74352A6981C42C115C83E9DE9BB5B63FE
:10BF400035A68CEDBC1EBB00B6310AE28614F5287E
:10BF500049F185D75E844595140697DE743B44C746
:10BF600061CFF7826102481019C08DA5C5C867006E
:10BF70001A1C87D143F4D025459CF47B6F42FE33D5
:10BF8000262D75654011C05BAF7F6F2B8A6A68995B
:10BF9000414BED57945CEE0020993CF3FBA8CB801D
:10BFA000558BEBD5904EFA15CADB6012D53834A804
:10BFB000BE30B47941F9DBEB7D6501A305AD4000EE
:10BFC000063B7861DAAA11985D59E8B7295AC1A2EF
:10BFD000D3DE6A3500806A87E20F8D9D3E06453DBF
:10BFE0008F251C281F0C9E00326B7E5EBA6C830569
:10BFF000F3A9178E5DA8DB0573F777B7E4291F72E5
:10C00000B371E3A593DBD0D9BD4BDBA196372400F8
:10C010006EB3B85F5FBEE03DFAC88CFA74B4ACB8DA
:10C0200057E0F4E4CE307403E0438280521D7F1069
:10C030007D5737DE500996009324FAD12ACBD0845D
:10C04000371345174B20CBD10E8388279CA212F5BE
:10C05000F5C245577AF6F4DE7B9ADD646D4ACA0074
:10C060008456765C111E8974724A4AA9BFDAB26698
:10C07000AEA6B2CC008CCD80FDBC1CE2EAFF81F202
:10C08000689E1E1F29E4DC008EDFBA46110A74CCBC
:10C09000BD3D93C36F1750BCE3CDE79B01582AB851
:10C0A0006DB4487565D7C321A333E6CC5803B600F9
:10C0B0005AB076220C9844A46C154966E4723FE6A7
:10C0C000137FA59D216532CDF4199619705AD62F8C
:10C0D0007236D16FAB219B006AD90DE060B46E0B54
:10C0E00090DAEE8B5DDF4537DC6BCC755328DB8552
:10C0F00020106BEECB8F132DDE6F568D3F38740002
:10C10000970105A118E0AECA5D09283C6762ABC77C
:10C110000DA7D124BD22E85611D16667F5C39861F9
:10C12000A33C8B82D7983800A4EAB9B3DADC047C4C
:10C13000F85F0D6C5BEDF9A9EE1E81B81FD753585F
:10C14000E17F1B0B1D53A97C8D82D708633F120032
:10C15000C9C4BE5DE8B08E5F2A62F492112F33B479
:10C16000781C6419BF30FC04B67EC25B2EA01FDAB7
:10C17000AA9110AFE9285B00A683B6F120D6FC0A8D
:10C180003B2E8C14275D96A4E9770A5DBF837D83DF
:10C19000A406D334DB13DE20ADC342A9582C8300A0
:10C1A000ECD2078AEF9DDC438A2848BB38575919DF
:10C1B000AA2C1BC58911C4351C5B3084EA35794D26
:10C1C000AA9F8751A2DE8A00BD55F5AFB5C025E90B
:10C1D0002B28051AE480BE7E076D64838BC42FCCA8
:10C1E0003987F3230AA13E3045AB1206ADFD0500A9
:10C1F000C4A9F68E367D3E6F7832F06F273C759578
:10C2000081F8DCEE7330F89651F6C6C3C822FEB54D
:10C2100050A86A15CF526C003585CD35E2EA18CCAE
:10C220006D01141C45991CA7756A026D83A0433DDE
:10C230006DF442E5803E56587958E7F336AFB900C1
:10C24000217C455AA6421D1BECA1DF3B2D07D3568E
:10C2500009E2A9AE0626B102F4BA030BDEA551DE4F
:10C2600076E77C91A7FB6100DD56E2100F4FC671A7
:10C27000B48A183E4D57F66C58BE423FA422BF8682
:10C28000EAE9380260D9FA28A2481F8EE854ED0086
:10C290008F258F29F0E654648C7BB72ECE6A254A11
:10C2A0005A7A919FDB002132CEDCD28E74AAB7EF8E
:10C2B000286B5BD4E54A5E00E82E534076FD0C7A8D
:10C2C0001D372F0ED6418E3B1D71F44127BC18FC43
:10C2D0004776E5EA9D22AB4AC9925E7E439CCE003A
:10C2E0000DEA869D38B21F80E3A7642A90E4CC1B38
:10C2F000B2485D23A17EC888127015FCC0EFDB2414
:10C3000089AE80B90A1F7300AC6089D0A5E374F2CE
:10C310006C38E913B0D6EAA594A536020E730E0563
:10C320004F3B32385603B11337D45FB3F148FA00AC
:10C33000AF08260D3539D54254A995A972BFF181B0
:10C3400054104B376B4B32EB5FCE9095100B65B8AA
:10C35000DF5A58D6A01B7D00EF4302661D411DD356
:10C36000C37975B9FCDB1C1DA1E16EFEA247AF7F4E
:10C37000A53B90310E198E3C08982F4FCA1EA6007F
:10C380004549EC2F585C616156E00CA8571D35CB30
:10C3900061FF25181EBEB70FE2EB5FC0DD4A193DF5
:10C3A000770E35D04D5EA2006EEAD11B43A7912ACD
:10C3B00062C7B4E2F76B7389EB4E5CE00114ECE406
:10C3C000AA1F22F6D8455F42963CDB6BB554980015
:10C3D000DE8B09A0D86CD0F78071A53EB61B345D0A
:10C3E000DF269554BEFEB8817BCFBBC203F3AC35CC
:10C3F0001F81E179842C04002F8DC75F263E7A21AE
:10C400001A1E36604EC515DE4C2B11FA54A2CF1001
:10C41000E2C96CA1148C7423DAF92D54269DA30073
:10C420002FD4385E9A3EDAD76BF11078CD0D5E13BB
:10C4300050A176EBB2511146D77F1A9F7519217E14
:10C44000EC5A88AB5F2973007C27D47429989EB37B
:10C45000C5DF430B71C29B13BE5CA0839F2AFB9F69
:10C46000E40974AB9F85205FC256679F9C741600D9
:10C47000358F0AE659C16FC2F09A6D51E6E011A3FB
:10C48000F00E54642A8F14C0C186B9C5EA662BA584
:10C49000126D230E63669E004529A5A8E64FBC2FAA
:10C4A000A6E6BE36770C572DDE89CF6E22A45A86BB
:10C4B00041C2EC4D82ACAE95AF66A15C39D80300A9
:10C4C0000363C0FEC68FCF455880E704F8924B53F4
:10C4D00062B9D39979282E1637BA052D96829231F2
:10C4E0005CED8228BBAA9A00572727C7A44EFBAD54
:10C4F0001AD3520A445EE1458F171E0DBF7FF3A584
:10C50000ABF834902EA893552FBD31DF2DFCD80009
:10C510002A178A0A54A8D9B0B3F6FAF1334954E07D
:10C52000E11FEB35063BF19D45C1892B7C34A653B9
:10C53000521881DDF06CCC006160849A3380D82F72
:10C540003673E946D24B9B7C1633BD7F260F3B9D4D
:10C550004C9E229A3872B871A4C4D96EC246C500E6
:10C560006FFBB557C7A1FB75C178DC965FB6461D5A
:10C570007289AB6B739B6ECA2E3454FDA6F4719115
:10C58000EC3B5DFE4204720049EB57EB4C257741D2
:10C59000014EB8B59516128A69E748CBDAF19FBA11
:10C5A00078B5C399ADC70543B03F9BB660EBD900E2
:10C5B0000F3E48A907E72BEC67565FDA95F1D81BC9
:10C5C00078B62BE7CEDF77A87B5CEF93588B31EE04
:10C5D000D24CFA843F0C2600B93F8B2DFCB4FC3EB4
:10C5E0001AB0BA75BF67BD81D0D9A5BF51B1BB66BE
:10C5F000F91F59F4FB463AF8E16DD75F48E1E700CF
:10C60000FE650689DC3814503B4C3EA0E28138DFE1
:10C6100082BDBA6678060371C9D8721E0CB2A450E6
:10C620003375C760907E670099C80979DF2BAFA783
:10C63000AFABC50897FF6D23009087F1D8D57D6813
:10C64000D7C55B9C8C7486F29A7B83B00CEDD800C6
:10C65000538333CA0D3490D08681604E70CE441619
:10C66000DC751F954C885D0C4F4EB57C271E9D8058
:10C670008E77410F236E610038C6FB974015151267
:10C68000C639ED03B4F318D2EADB9A18F0AE83A3EF
:10C69000FC233329EE1F47D448AD71B6E5EFFA000D
:10C6A000F7147DFCF5B85FA3B234B04AEB5F97B3E3
:10C6B000399C8B00F242F97C037EC18AB47ADB2577
:10C6C000CE5D52120DDD0600F32DC249F18ACBF981
:10C6D000BA39BFD45B4548DB88F0CC12308EA19DBF
:10C6E000F27B8E6D9C1E7BC8569A077F13DCE1009F
:10C6F00042BD859F528DE4CCCEACEBFC547652E724
:10C700000B1B5AEE73B4AA87AC736E8EE545F358D3
:10C71000526948F87DD99D00E034A11863A899FFBB
:10C72000C847B93AB2372AD15A01506CBBAF148A04
:10C730000DA6AA74EE8B0852E6CD4EC64C004D00F5
:10C74000A61FDFD790142AB0E17CD2BF3BE12DAD0C
:10C7500032FAA68401B2B01FBF648F7B0C1E8D1607
:10C76000E1E7CC0D5AB4CC0025C35A742F846A304B
:10C7700082CFA5A7BF288CE0B3DB600891DEA64A74
:10C7800030C2A3A5734F21CCEDEE1CF8C76C43005B
:10C790007934A798DAAEF970B901EA9F9ABCF339F7
:10C7A000E516FB48BE226708A3A0309F1A9BB97C00
:10C7B0006AA1563C09760500CECAFF57370F2D56A1
:10C7C000E379E4EFB64F3C903B4F82F05DF48FEE9F
:10C7D000F1AE17E92C8D69FCBF9C350610A80B0043
:10C7E000BD3BC22F62D25933942737D718EB6A4723
:10C7F000B41C1FFF6138B30920FFDC8CD95FF249FC
:10C8000051DFC925E0C73000C09B8D1147DC786639
:10C810008C36A8472B649A55420B15451A5731217F
:10C820004CD2F0BC5694CA052C7561C54B37A60096
:10C830003AED3866EA45A724D3779A810230FE5054
:10C84000B6F3A0F56DC796DA80E0F1D10A75E0EB9A
:10C85000EE55F1E849984800533618EBC4C321253A
:10C86000540302367EC5A5DE84856112647C1BAC50
:10C87000414FF380809FE4E7AEF73215976E8C004E
:10C880002622B81E9395DC738A1CBBE66D0F2E54CE
:10C89000027C9F09C8B50B04D6BD3C1C683C43F123
:10C8A000D46BCA2A71500D000E9BCB3F6C29F190BE
:10C8B0001791C02EFD092A6489C5312C415DAF4D09
:10C8C000E4FC0F6A6620F617F4C93B45A0716E00C0
:10C8D000FD81227FFD8D3E93C04B86853CF57726FA
:10C8E00031238CC380D7B341B453FB14898C5FBA16
:10C8F000DBFC8719B6F3B3002D02457EC8C76493ED
:10C900004DC04B171A723EE0E4D97DE5C99D76CA49
:10C910001E811F1F838B492818C9B260993F2B00C5
:10C92000DD7E5BB0C4824D6319FD533D373558C47D
:10C93000EB04F3A60BBB4E28B2CACEA8A69371A8EF
:10C940000A3B98ADF543E10049827537654A164CBC
:10C950006D0A94A881AC525C89E6DE2563D5FF4F51
:10C9600028A6D8D0229D81293E9F0B7DC17CFF0047
:10C970004433EB62EC50476843742EAC0194248C32
:10C980006D248681EC512AC93702128855BADE0A15
:10C99000B261AED4CEDEFC00746B1036D10DB3990B
:10C9A0007432E263D1713FAA465EFD434394161987
:10C9B00037FB7EE708E8FA4873E9B66E38E6B90057
:10C9C000B4A2E33CA3842FC2BF2C20609F6D544BC4
:10C9D00047A2C3E28E93D3F9E5B6B60777AAC9E0BA
:10C9E0006C7EB1D1670D1600DA2D6A4088873E6BE8
:10C9F000AED15CC6129F6C1AE9FC7E8A51F0518A56
:10CA0000F4E52714F406B18D7B085D55F40DBE00E6
:10CA10006EA6DF62F31DD043267082784553A95875
:10CA20009B4D4D6D8CED0B4A2154AE749DE215FC6F
:10CA30004A8E8D534F92B300DB9ED8E74A9CDE7D31
:10CA400001621BE00586DE6EFE47FDE704D36C85C0
:10CA5000655D078CB8824E4F37564FE2333D490033
:10CA6000BDFC046B08A4AE86FA51B69663D5C263CA
:10CA7000CB41F712BAB0CD2CDFC5F15809F4AE4E58
:10CA8000068AF3619E51EC0021EFD0B5EB16D59EDE
:10CA9000D5E7696F8BB66E5995AEA68C14CDECF9BF
:10CAA0003FC2DB44D0C966D485125654062A920090
:10CAB00011CE910BFC1626760994131D31AD13355A
:10CAC00019899844A918CDB6730F3A1EABC776BF23
:10CAD0002AF7BD8959F78C00CED042D3A03CB5C906
:10CAE0008AAEC1A0580DE30571C7E93A57631FD557
:10CAF0000177BAC0BEF71299F2AF6DE7B8EF410007
:10CB00009B4D07B96A9CD388127AB9B0D56E5AB5D5
:10CB10002C7712B470BABC103DADCED3DEDD8AFCEA
:10CB20001E9FDAF976369400133DED48493E6A853A
:10CB3000A9C8B790B66E95F13832153E4D8F5D4756
:10CB40003815E047BDBC41F5B8CFA4D9514799008D
:10CB5000F01EAEC9E57C83A56C614924E0B826AB24
:10CB6000994814714E9DAC653C3299BF27C9ADF50B
:10CB7000E69C2EB606BA5A00407D8D9A648D27B782
:10CB800066FE6D88ADDBEDFB97710F292AA5A559CF
:10CB900086FF8F1174C641F2D772C086655A710044
:10CBA0006B9966C828045B7117290D42ABF48D1D83
:10CBB0000106D645D287380B7AB9140DCFD567A0B8
:10CBC000BCAC109C2EDF3F00085FC58742865C4AE4
:10CBD000F89FF1A42F2ECC0368D42E1A64628FEE36
:10CBE00064F007726E52049018D400D49EEF9F0038
:10CBF000E77929668D42D6AF875E39F6DB3AE0C326
:10CC00004BE07254BEBF092962B9D9913D1AB7A051
:10CC1000F129103E3FF7FF005EE002E77CB475F0BB
:10CC200004907EE0C7BEF29F23AD9FCE8A6277A8B4
:10CC30000ABF7B71C26A53790B5613CA350D7A004D
:10CC40005B550974885FF8A72C01C96AB25480F259
:10CC5000F28D9BF0C365323AB46B21FE6BF48E29E2
:10CC60002B6382B907EB020049840B6A3EDE027235
:10CC7000C1577FFCC729D0ED51ABFC6C1D81A922A7
:10CC8000BB0A3103FEE934D1470F8CFFA8063E00F2
:10CC9000700A33888CA3F39B5A55BC221E799AFEE6
:10CCA0006E739898ECBCC74DD620DF65E10D719D81
:10CCB000B62683E6928C0A004F53026F187BA34E70
:10CCC000DA525517FFACAAA16BC0966AEC4C2857F4
:10CCD000234020D58A2140CCFB32A86B05B4080044
:10CCE000FD5FA39D4AD5629AF6EE3CC21BEFF7802A
:10CCF0000334C25DF43D628EF3731B2402FED6B191
:10CD000044956097E239DC009CD990A973F33451C3
:10CD1000403BFD160C281C60F33491087EE6CE02E1
:10CD20000EE7B7C5478E90AF0E6C7DB9AFB9BF00A7
:10CD300057E97BB81C48B0568C39A2D82E28ADAC28
:10CD400081C965400B84A4CC99FD96814322DB3BCD
:10CD500098916571DB643F00B454E0350617DE4DF1
:10CD60002C41457EA6E751510FF597DC672F0E1D2C
:10CD70006EE90455172CE36F36F4381C270D41007B
:10CD8000EB1B2BACE9A31BAAA5ED7C03E780553078
:10CD9000E1EDBC3EE186B8D0DCD1AF862F01F530A5
:10CDA000CE8F4250590E2B00818DE1ADD9A4D4B65F
:10CDB000C9A744599486ACE7CB981B433965E777FC
:10CDC000EB7AA9FBBF3BBB5AA8D89B78DD9A5A00E7
:10CDD0008649E012DBB35A32022335A2A4832C6EBB
:10CDE000BBF8A9ADBBCEEA3B30E711EF33BACED4E6
:10CDF000D8FE9E3543A772005107C11491F9DBD2CA
:10CE0000735F2E5AAD4B0E1449B7F586F8A6585FDE
:10CE100017FAB63327AFA0E2C58454AA2F759F0036
:10CE200032237B4414D37673ED619CBD1E82933113
:10CE30007F226DAC6744DF002C0C62B886C8FA6BA9
:10CE400046921DE4F4897100585B7DA76676064022
:10CE500020A41246B6B509062DCBD153EE56850750
:10CE6000E46793225E9CFE366C4AB9FD16DAEA004E
:10CE700034A09BE824000396F23D479CBB2D5CD177
:10CE80001AE777D3AE86DAB52CC6930B2BC6CFDE66
:10CE9000DC2DB78B469D870074C2B793F7FB1F2F1D
:10CEA000EEEC7D24B5CA7F2131B7496090A94B00D3
:10CEB0007C2FFC51B3762F73291CF7BAEC42A400E7
:10CEC00029D72D4F1FFE34CE7BCA4A16FF89115435
:10CED000894979D26F19EA0A6F4DF3F86012E6D5E5
:10CEE0009453346ED9CE7B00718A15661624B83CF3
:10CEF000CAD16921C346EFDF112278300D1D6E457E
:10CF000062707A36228BF448E07AA812AC2ADE00EE
:10CF1000D92A8D0E291CEF00A0D21EDBB19DAF31A6
:10CF20004A49A8EDCA887D296E0D3A8E4473012FB7
:10CF300084CD83586268F600D952D2C7FACC29D57D
:10CF4000DCBDB31E5B61F8023D3FE79318ED8E2018
:10CF5000A2950E12116096C814A044EA904ED40017
:10CF60003AAC0FEA9B4B0DC792D052FCCB018B5EC3
:10CF7000BDB6BFF56961DF3001A84FF50E87983562
:10CF8000FDF7C686FEE2E300A56D9AD4623CE89206
:10CF9000B503A191981B83716DDA793CF84B81E060
:10CFA00035AF4C0BE66BE01D39D2D680188EE7000A
:10CFB0005F758368F2061893D443E9CDEE0C86D3EF
:10CFC0009351951D61102A916ABAE4AA3E7232A566
:10CFD000AEC5071851B859002C948411C450D7CE4F
:10CFE000247FEAB5989B83290C5A242550CD81FED5
:10CFF000B0ECA5168529EA592E4029672B498000F7
:10D0000056220C808DD1A04C0596AB3F1ED18AD004
:10D0100003025ED92DF33D47D619809D64E3BD8E92
:10D02000B482ED66A21A7B0012EB3D1CA3CF5821FF
:10D03000CBD9A6A75856397AD4EBCDBBD26A6AC0F1
:10D0400084F43FA72EDC9A8C1EA6EB16709A9A00E9
:10D050008D7CDFA554B58885569DDD1A5C1BCE1BE3
:10D0600073EA8139B602CC445F72D97BBACB1776AA
:10D0700047B6641837AF3400830E9676565A20EAC6
:10D0800013AEC6FA2F902CEA9FC6FD406FFF05191C
:10D0900008818BA5D0A40AD863BC2B02CBC2A80000
:10D0A000DCDC887786D6C3308913D49F72EC379F37
:10D0B00075319E8FA41DE0E6EFEB909A12CEA32E61
:10D0C000D1D58502F2390C00A5B0B53D21242D7BC8
:10D0D000730FA983906006AA71D61CD8DB1455F291
:10D0E000AAA22E4D0F2D57FBC46266B568B84D003D
:10D0F000B73BD570ED4D0841DEEC92DAB10CF62667
:10D10000C421616DDDAD9D15A558827AB01C706E8D
:10D1100002B5E57A81D4D1002F05F5FD561EA69300
:10D120001A0C32DB1562238CB3A22ADFE50F8B5A6F
:10D13000B446A12D955A16823A15A467CBE62D0068
:10D140002BFF7E14794DFF07C7D7C10AF0C9D4174A
:10D1500080BC00BBF2C43C40095B632DDD9F2DD732
:10D160003EF91DFD1F973A0004DCCBBE02D22D50C4
:10D17000644C5636C7EE59CC23E3D05EB678C65A17
:10D18000DAD9FD47CFE0A966743A8EF3861C5900C0
:10D19000BE714B6B52E3EE2E00C61A5AA33A5DCB1A
:10D1A0004A9198D5EDD57276BB7C018F6F338A1981
:10D1B000B33CDCD1D68FFC0011B2C732A7D0F999AD
:10D1C000891E4E432CB4F7B91EC7A450813E4503B7
:10D1D000557F84210964924690F503B2175DBC0027
:10D1E000ABF2F22D102B1DB709A8C88463204B7732
:10D1F000A2E9AB9B249D76BC648E6A37829E1D9EFD
:10D20000C525378ACB70AA00447807BF0C719D7082
:10D21000D749C71E37DB6FB6C8D0DB0F0D2F3202E0
:10D220007DA664421C9D8D5EF7A48188727E0B00F2
:10D23000A48FC7737A01A35E3E699D817E74493DC8
:10D24000CCADA0669F051EF174086212C98B33F441
:10D25000A4D43EEA5A2B40006DDD609E6EFBCC06E6
:10D260009AD9A1300FF6B9FB3F57B76C73B92B228F
:10D270006330B3373BEB95409E68260CBFC8660011
:10D280006221B3050DE6A5AA532FDB1A2073FBBE5E
:10D290007E5DD6DC68C1971E83BAC691A21B05B419
:10D2A00098054F3FB0EF71005B5A11925FAD350C9E
:10D2B00076B9209BF956CADEFD647415D580DC2250
:10D2C000FA09EABCF3332C1DE55FA323A8A5D0001F
:10D2D00072CD4B440459CD76F1C53335CBDA731C8E
:10D2E0003A3BA88F964E574488F44C086679D2D1C1
:10D2F00011854DAE1D6797006F04E18A617E90D263
:10D300006A00D3A060DF46264BBBB10C584CBBA0D3
:10D31000CFD7CAF36BAD96A04844495C26C35100F1
:10D32000AD5CD946DE2C01744D9452BF863F713CF2
:10D33000AF179824CB39241414167DA6336749FA05
:10D3400095B281C0720F82009140CE482CC0205D02
:10D350003D1630F085541F79B23DEE1BF00420D30A
:10D360008B547395263ACD506E8A9900184EB500AD
:10D370000C30707CEB94452FF6E39502156B71BE73
:10D3800053C608BC9FBD9C52A4CB8B434C9119390A
:10D39000708D927417E7DC00BD4570DC03805ED5AC
:10D3A0004C226CE6CC334D692B9EC9902350A69B32
:10D3B000D0A41AD2BC2EFAA7272FFBAAC499F40036
:10D3C000C8599B042B4CCCF45DB3F5FC9F9B7AEAC7
:10D3D00040265E20F3EE1629B2100C9D667D7AFD84
:10D3E000EBD255E97B397F0084E5C03EAE2CB3A279
:10D3F000229CCE803297D71EC73A5C8A4B5E998AB0
:10D40000BBA0A02DC9A75D839808532445C3BC00C9
:10D410001C81E03C12CC9D196BAAAE01DC166BC7D7
:10D420007EBF588EA5ADB3A0BAF0BAE0FAC45714C7
:10D43000055CA124138D8A0006941BD5ABDC441B2C
:10D4400098669E2D19D5E54222CD03D259985CB934
:10D450004F4EBA403E50B94ED538678BA346A30015
:10D46000B7A377A9566FCB6E69267B9D97957CD71E
:10D4700014DAFD26E62BF679BD21F09BA6CFC9C9AB
:10D48000A150B4129D907000E16AEDFAF9020D040A
:10D490002DF2448A8E16282E994BB04313ED70A6B8
:10D4A0005F0EEFDEC9E2685D837E00FC574FAE0081
:10D4B000E88EA146433C2B8219C2E0B34CCE122227
:10D4C000F0FA16AAAE3EBF3D877F70EAC5A3C28CB4
:10D4D000043C1000C0C21C00F4EAF51ADBFA4A232F
:10D4E0008B9DA7A9864A639446BAC3CC0220EF1845
:10D4F000BCC37B33B46CBE86A897634810D186004A
:10D50000CA98A8EAEAE5B8EF28CF3ED509F7D4CD06
:10D51000E573EC7B832BF9B7C9E6F915F70A3D31C2
:10D520001A1F76C180D81F0055BB8D95AD735195DC
:10D530007008690B3418F28354DC9BF767B78E953B
:10D54000695EA36F96674B399EBB2785357E2100A8
:10D550005C2C165BFB6BDE4E580E4909B633029508
:10D56000F7BBA3D95C70540328E2B9C4E6FE85D1A9
:10D57000EC38E3F9FF9E66004420E5E6DCC01EC8F7
:10D580003C4D4DAE3E9CC824C1C8704C850E39DF61
:10D5900010200C88F2BE96F42C125870B0753D0025
:10D5A0000F4B30CE13CB5B304168440882582809BA
:10D5B00054B1686002D06A28087E404B3456DD734F
:10D5C000B012A1B09AAEBB0068A054D8D50FECEA57
:10D5D00060D94AB3DFF3EB5C76512BF294C45194DB
:10D5E000BADFD5F2A1812DCD05E2E7D724143400AE
:10D5F00050BDA87F566FCDEE36D1978A5C2A1BA30B
:10D600008014C94AA1DED2EB35B23D46E8BA9CB8D7
:10D61000BC79682A48183B009E6A3D89CB1F578811
:10D620006D634D82D23126903A6C1D2DC9C2E2F451
:10D63000BD72B8007B560EF0D666EC60BF083E00A7
:10D64000E5057622182B8FF28B12FAA3E75372A10D
:10D6500058A25CC14B81D729A45E0B125FCABC16CD
:10D66000693B343D8B33B000E8BC7D03F15288E662
:10D670007C9103E2952EA60C484C5B35E959E305F5
:10D68000D08DBAA76083A85FA0298E6D817B6600CC
:10D69000C658DA39F75FEC7E0B38AF22D87569AA25
:10D6A0004A8E42CEC0611EE89DCAF1662A3DBA3359
:10D6B0004B04619CEAA031005F93E085162059F885
:10D6C000127604EDF9FF05F6A3FEC57BA19323AB0B
:10D6D000E235F5EC75A627263D657BD278E5E500B9
:10D6E000067262B1380EBB4CD1D735D532386A1BC1
:10D6F000D963DC78F4CC0C07E649AD1520F6483147
:10D700005543AF4E5DF8340011B0C5313E009F4522
:10D710008DCEEE61CF34E1B2B77EC11539B67F91BF
:10D72000EB3308BC4763FA3F02B9657823758D0077
:10D730002BC235E2C15B7CE497253231DF42916038
:10D7400005308A48838EFC9D77E1508C90909499A7
:10D7500017D1CE190F8943003454C916C8143F0499
:10D760009B2CCE4E3B70C6A1D8F0AAEEE1AD37712E
:10D770005A570D42D42735985BC0E930D64B070085
:10D780004A39A3650BC701BE09398B8883636B5D7A
:10D7900081CC78E04407DF845941B2EB08F9CB54DF
:10D7A00012D869A843EBAE00186B0F08E5DFA10F94
:10D7B00077ED80F30850777F4913FEFDC33BE7FF09
:10D7C00090DA0D6A0116B82B9E92679EBED6B700FE
:10D7D0009A718FEBE34673271C371D6AC9B4790829
:10D7E000C7D28BCCD2030285179E14058A91763F4F
:10D7F00033547313F0958B00B5FAEEBA87DC194FEA
:10D80000E0304445952F2F8FC85B22E96C03AE9E14
:10D810004AF8783ADF0929CD6369DF263CB4610014
:10D8200096DA92F32F0DD82C77301D79C75F4040E0
:10D830007F27B2FC5C0D00AB10D99EAD355248E895
:10D84000A90657879347F700499171053BE49A323F
:10D8500006A6660550EF72A302B78C02A433B990F6
:10D8600013923E30F0AE2F7C4B68B61E97ED8C00C5
:10D8700059EE6E5536EFB708843F64C3D57BF6F595
:10D8800073C17471C170928AD73BD9476E93ADF062
:10D89000CC72A72F42EB520003EA5F1B59D7F674F4
:10D8A0008E4BE03F55857AF250E9F86A120C1CF570
:10D8B000C43CE556FE769F7BC3A6A5F86D7A0A00A8
:10D8C0003CC50F858553B2D17A186127B53BE1F885
:10D8D00055062ED155DE941775143BC5BF976A8344
:10D8E000106E7FE74067EE00AB2D1C69FFF43F6EC2
:10D8F0000E9FF6BB1BCAB4B9D7065828F6271F8B54
:10D900008825D07D2E7BD007560BFCBA0F024C0029
:10D910005B0405F59D3EA4569DE2B273B88B9EAFA5
:10D92000B036809E3B4077D3CA7521A6D1DA859266
:10D93000E0248600E3E8CA00EEC1F281B758F2DEC7
:10D94000DBA00D41B9C3A018682A323929D9158244
:10D9500050B905091BD941CBC5703335B022EA0057
:10D96000EEA517210BB1FB9B82CC06E6355FE3D811
:10D970004A56452505C439E241B88143E7AC8D20BC
:10D98000D121653EDC0974005371126F6F752264FA
:10D99000F946A105973D024298379AA1C35860B64F
:10D9A000F10A78DB28DFA739D324D369C9608B005B
:10D9B000507642CD41F96F984F413358489DA6BCEF
:10D9C000102B82296C4D455D9416B87BF8B11CA3D1
:10D9D000316C94F39194A500C58B57EBA0CE2E2FFC
:10D9E00074893ED063AFB84726FF7FA737BED6BE47
:10D9F00032E400F99A97219124B59D9A98884700BE
:10DA0000B1DC53761BBB94829873E1519FD0485E82
:10DA1000F022F1269E96480BE8F806DCEF3FB60AA6
:10DA2000393FF06506E02F001D3FDAEA67A706C11F
:10DA3000C939CD224AD79C0D69C13FE9C6CB97FBB6
:10DA400027D25CA1714649C9ED019AD394DEA700A3
:10DA5000DB70F0125C3978A283D97E755329E919FD
:10DA60005449B49997E9BD1D96A5E30CF133329F53
:10DA7000FEF79898533C2900A75E036C6C5E21F575
:10DA8000F016233668F2947DD62DCCAF2BACE49FF4
:10DA900043E9F04A578E186DABB4986E72D5770093
:10DAA000780C760E62AC40A9AF7CC1F5415A90E982
:10DAB000F77C38CFE222A03548BD531E0E1BBC0DAB
:10DAC0005F4930559AE3450006659E400E0CCB2811
:10DAD0007011F52600DF369245905CF33D9BF9C549
:10DAE0004B6CC8BC8B8F2D2C0CBC0DFBD18F3C001C
:10DAF000025F647FD79C1B6CBCEF28E3893F4230F8
:10DB0000344C59318D264FA51C4187C18E70F8F3D6
:10DB1000EFB2979967ED40008FAB3A6C905D4A4A3F
:10DB20009BF4C005BB531F0D1DF4B7729F362B1518
:10DB300080752CD29E86FD21E0D082E30784D3003D
:10DB40005166356D9FD5B609C690A03CB34483F5A8
:10DB5000844DF688DE1CBF44E4E6D65A150C263701
:10DB6000131588F03DE3DB00BF58D9FBE17EF1BC23
:10DB70002A76DE6281F6B63E50C7370610D4566468
:10DB8000596F592C65A43412A45454B9CA71770042
:10DB900083FB805B8EDA8C899AB7154DBB5DD94CBF
:10DBA000AB307E7ADA0EC233485BCEC02258948CFA
:10DBB000D6C9A8E9671954005AFD4CFDDCDB856223
:10DBC000C5E5C3DA4BD70BDFE7DE8D6E1C93DBECCC
:10DBD0009FB31160AC4AF8DC79CF057BF361E700B5
:10DBE0000267CF36BC62BA1C421D1020AD6AFA40F3
:10DBF000F22B0700CB17BBA5359E8870FD11C5CE53
:10DC0000F12DBA5B8A1A4900FF4DC4F696A5871F0D
:10DC1000257CA786221BBAA69E96B525B3A2696865
:10DC20001CC75E877C09D7E6B43D1258B74DD100BA
:10DC3000BC52FF98D53A76977CBF25AFF891BC25AA
:10DC40008240921B3C7A21C07800042310ED9DE1B4
:10DC5000312936160D6FB4005D9519031F287F1901
:10DC6000C05199D1672B3064FB41F3D093E94D7AD1
:10DC7000A96511A20F479DF4B470AD8BCA7A8300D9
:10DC80008C7A9D80752ADAFDA34161E31707834CE6
:10DC90001631110D50E123225EB8258DC2C35960A3
:10DCA000869DA9B391FDD200D457E0A4D6F2565E6A
:10DCB0006113519E0CC67EACEA9A980BACC57B549E
:10DCC0006E2201DB5F8F24CC3E81D492A169660075
:10DCD0005B37F116C39282F0AA0F96804E790ED36D
:10DCE000022040EDC2979DA18D305A6B7EA6241371
:10DCF00032009701D0E97E002617EFAC177A8942EF
:10DD00009BC8BB2791726368F53A7964FA3939FA8E
:10DD10009EAB8E18CA83F0846C6F88A9011E260002
:10DD20007C08BFA80A67ECB1B7CF46BDDADA39DEA6
:10DD30002E220510533760C448D82C4F6DC0438E37
:10DD4000571C0FA6CB7ADF00A4ED7B0210B01D1389
:10DD50008B523F770AFE8F9CD1FDF6FC3B8E9EBE18
:10DD600023FD6EE8A7289B6938040C4B2CEBA6001A
:10DD70003CD198A0F732873AB91D3CF4AFC3BBA59C
:10DD80004EC96C7C9146BFB2D82B516B10DBE7407B
:10DD900098CAF93EB794D900F9C1CBD06F121FCE03
:10DDA000D5558543CE99BF5B37F570FBDC64B2DC9B
:10DDB00017847E036A3967F737DDE4CF0C1F400014
:10DDC00061851479EDCAC49C4A3D35F72BF28596DE
:10DDD000E0549E9CBACEE9323AED14AE4C333FD0BB
:10DDE000DF7412B468496A00948D6C621C5506EFAA
:10DDF0005FB2B300FE2B99958516BB082B14585AB9
:10DE0000CB6B91D6EC2C5962A20DA0DCD33BA400C5
:10DE10008112930E18D368F2D497647F1D429251F9
:10DE20000D574DD2FFCFDDAE1A973E1361C85B246C
:10DE300037A3A5B002DCC900DBAE81B01A46A2FC54
:10DE40009C4D5A7AE438F94004DD6BF6D45278736D
:10DE50000388DE29B5D99E70ADB0EDE9830BF300E0
:10DE60001C891CA065AEC7728226CC2C82BD797B32
:10DE70003CDE9F5D4A9403105533C515A55DFE52E7
:10DE80000D82D2A7D1ABF20024074641F0DE53CB7E
:10DE9000E8C982B744D11D3B5695531710E1E44DB4
:10DEA000AFAF761E83C08AA317DB40B9E9BE8D00F1
:10DEB000BB1E1E0BE26617ABA4BFB3D40EC9A51FD1
:10DEC000EC53AB3EF7A390C873D812FF09A7D6A1B5
:10DED0008FF4B349499E0F0034476DD0457876B82A
:10DEE000984A0BCBB44EB31DCED8CBE8BA564E28C9
:10DEF0009DAE3334F6E370270A7D153290723900F7
:10DF00004421B4B3BDFA671DA708564721EF9E31DF
:10DF1000AE0D2116EF6014BE8A7304EA299DB4E6A3
:10DF20008BE52045B27FB20048E2868D50C329338D
:10DF3000E67CF8D7D53DB658D73266E2BD9F402A79
:10DF400087F644CCAB0355C39E6201DC5B167400BC
:10DF5000AB8532565AF1FD054F4B5E34469323D3C1
:10DF600029FFCA09B045E8B65ECE05A9C294EFD331
:10DF7000521A9F6FA808F400D6FC2F94F44F9F4AC2
:10DF8000C56DAEB6EAA7D87A0FCAF3F4F277A1E767
:10DF9000EC1FDEA3583FE9EDA37ABE41E71BDC008E
:10DFA00081B6A2DF0AB8B38EBE0FF237E2EFA5D07A
:10DFB00077E9378669868AFB31F36EF24BA02E78BB
:10DFC000D7A06DB015269E0031C8A0B18343962A14
:10DFD00040FBF650EFFD2B99A32DB037D6FFF61D71
:10DFE0009F24677E5478BBB4AB4440090E90DA009E
:10DFF000ECEC28B5A2E62CF35379BA1AB005E990F7
:10E000004465E1A8A725A99B2B641780902D904C0F
:10E010009693F45A3D78690054E4A6C235ADE2E81F
:10E020001EF065D4225C7E7F0A19482233870412D1
:10E030003A0A1AFEF6ED31BA921F04693E2E02002A
:10E0400073372D5658FC506DEBAFDC83A219795510
:10E050004F1C8598D379A4572847E20E403A110EF9
:10E060004C47DDB7911F0800223B25CC8E13EA8771
:10E07000E65D3F035AE2A4E9306805F6FE5EF9C6A4
:10E08000CB680EBC28F2B630CF2A22FCEE9C1900D9
:10E090006BB458B27DBAA3018CE049FCBCF73A6E70
:10E0A00066499F32C69CCC26B8160043DF97609421
:10E0B0003D1A142510FA35009A808E6B560886E9B1
:10E0C0001786DF393BC010E90495BA4F4C273AD781
:10E0D000A6A76D6ADBCD448872B4A65B40ADE100B3
:10E0E000332929E0500FC993638F6D27C9CC8AA2C9
:10E0F00074A2E05CAE35A05ACB942E9348CC58D88D
:10E100008B6F132305C0DC001577C8187A7ACA26EE
:10E11000E407918C27444627C4B61582E0411AEFE4
:10E12000C5CA6F694EC53965B203EAFEDCA25D005F
:10E1300013E15A8DE07AF9C3E146E9123B2ABE4366
:10E1400079925F7F639856D9C0A745A172CDE73415
:10E15000080DA2171A47E500C315B270C011D0937D
:10E160006B740023691ABC6E099255ECB457598838
:10E170009298220D3961BA64BD58226788626A009C
:10E18000906E6F26946CC58604DC41029730E5786A
:10E190005E9BEF2FFBE40E090C88DAC19C9E9A353A
:10E1A000EA83CE36E9596E0025026C6DD16E61DAD4
:10E1B000CD8E3610B600CD5C865A223139222A1215
:10E1C000CDF8857E0A9981E61DFE382991776C008D
:10E1D000F4ADB19EF15D93F6D39E67FEC11755CEA7
:10E1E0004FD4150F3DBB75085ED0DA86A4F9D81957
:10E1F0004BFBA587F72E080051A287B4127EBBC83F
:10E2000034E4B90DF69044988FA53C8F834E9DC0A1
:10E210007E5216603B706D616B17C80B08B8A70083
:10E2200070D1B0E33C3FCC2DD424B43CEA53D64665
:10E23000F586E8429C46009F600672791486D443B6
:10E240004F0D38644E856D005511C4C29DC013CB6F
:10E25000D798CFABC6767A66D3A509F0C2874D3A78
:10E26000BE430BD15D01CD5DAF0B9140CF5233006A
:10E27000CFD61D817733F60A87D9239B692CBFB887
:10E28000F3953AD36977A8D4B18285F2C1F8FE112B
:10E29000E8DADC6CF668F80069104B7EC26B83F23A
:10E2A000EBA27AD990E104ACAE040E53FC35385A97
:10E2B0004F2283D847C6A8AD65B78252FFBFA000E2
:10E2C000562346A5CAD759D8E23D24CE53831E6CA7
:10E2D00068CAF15FE398FCD49FDEFB1821BB37DFEF
:10E2E0003C587135C7B21000603B812BCB5B1FE3FC
:10E2F000A69B1F48E4A741D94B3F616977EE61C3F4
:10E3000009B95ACB73D2570A7CF9E646C8826F0026
:10E31000CA1447E89AF948E6A84511442905E0C11E
:10E32000C30A16C89FC5A143E10BD76578A893D649
:10E330007C43F5CE7AAB8400CBA5AB6BE9F7154BEC
:10E34000064D5D4C968E20985559F2E302641811E3
:10E3500046451A47FFC71AACA5A9DF126F40D60081
:10E360008E49C6C812CA4988B504FF6161D379A62F
:10E37000C7537CE2681D47B9D34623A01EEEE68F43
:10E38000AEFFDC774404F0000624B119423F2EA909
:10E390009B87171B3D3A61F3B0006128D5C9A0A443
:10E3A00045C18DC36440F0FC017AA8F89226AB0009
:10E3B00064D05BABBF93C316EAF4C15A1AD9D7BB7A
:10E3C000C0E5441DBB4CB50958E9AE8FE458676CF5
:10E3D0002D4E348DC49155005F593689ADC3767189
:10E3E0004ACD23948718D657DC4B2663F9ADD84520
:10E3F000D42FACF957954FFA04FDC8E44A336A00AC
:10E400002663B596DC14EEFA593E671B7CE00DF6E8
:10E41000BD31F76C7D6DCECD8BAF3EF6785EFEA53F
:10E42000A22790C0447D2E00D0BCE11FC74C607F66
:10E43000B1C879A8CC606D2D08F6B4ABE64D69DCA7
:10E440007EB72DCFA3E063DE142E561DA8A349008E
:10E4500080EA99D283C3C9B00625321DF9F0FD6E5A
:10E46000277E803889B157FF773116FE063E89F93D
:10E47000E221324809D77600D195268B3C05C92B7D
:10E48000DBB27A27453D4980856E5B24B17628EA68
:10E490003936B9A5F111772AAAFDEB2CF60BD60077
:10E4A0006340DF7A709D032B60650292E15F8BEF22
:10E4B000656FD1FEB721D08BE490D9E04F5456EF71
:10E4C00086DB409143CB600044751FC496032A2429
:10E4D00091F709D778AEE4A76BFD8E491386BE1776
:10E4E000A58E86FBB0CF34E99162D568EC4E9B00D7
:10E4F000C2256F3AA0353B4CE5D99A155BED488EA5
:10E50000F6774E3BAAE4E29D38A2EE5024FF6ED689
:10E51000E1922CF61B350700478C95CEF47A7B9957
:10E520007B93AAF6B3F82849C425A428834FB6D113
:10E53000614555270E807AB1A6B1C1CE9CB55A006F
:10E54000193A2D4CD1CB9A4C555958D73FD1D43A82
:10E5500070B41211E17314882771279817A783EA02
:10E56000047517F873B14300E221CE6622DA14284D
:10E57000623496963A218845DECB2E50A67451BF60
:10E58000F2DCB6ABE12FEF698E4024DBCA60640099
:10E590002927433F604DF9E9DA53A089A9D74F6D88
:10E5A000540231611591DFA3FDDAAB2F10CEA29C8E
:10E5B0001C5C6F2E541C88004FD928207546509B38
:10E5C00010995E09B6CD3FF1085B995FE9F3732DB1
:10E5D0002A12079C64BB3D4689105FD119D70300FE
:10E5E000161B46C2E8BD3447A67A809FFC5725D744
:10E5F00048198D6CA48C7641833C2033E8A4E782D3
:10E600003860D9D861548A00BA3275F7AED9356B03
:10E610007367A4B763E182FFACDB9C2241F8D0169C
:10E62000B60C23E915F6E0178ACC853EBCC7A500D9
:10E630000FBC873C8F60F1238E61A74B80DD2021CA
:10E64000F20ACEABBEDF3BED1C9B0778FEE00CFB75
:10E650007F42DE92E461E500C553F0592F7F52F608
:10E66000DC6B18D0250FDE786C8E6E5863040B5A65
:10E67000D336AF478ADACBE8D7C96EA46D1AFB0050
:10E68000224657B523C0B0C4AFE1BF28BB7437E6FC
:10E69000C2C27CDD4BFAF57A36903E1D726C7F3F2C
:10E6A00071435EC2642A0900350A8B837AA7167209
:10E6B0000D8A035BBF44D87205CD9C883CD70B13F1
:10E6C000CFA4B69F2B9F663EA96274EF824B0B00CE
:10E6D00013382E0594E86635478C217D371358870B
:10E6E000C4E6C1545984436264C157114919D30522
:10E6F000F9E911F4804F3800A6BEC559CDA2031226
:10E700000EAA4BB9D316B4895FA9E71CC48383331F
:10E710002D5B1AB166AF3EA7816A500D3D7F5E004A
:10E720007615F79BADA25F610AD33558020CA80C91
:10E7300015168F28C16EED028EA3C02913E534FB98
:10E74000F8D48FC889F69200104771A21734AEFB37
:10E75000260EF1CF50907E8ED194791781DDD7723D
:10E760004A5B37EF235DAD73462E2611545B2B00B9
:10E77000418F1E7A945EB484EEA0C44FC58351814C
:10E78000351224BC45EA8D88618F9F252097BD25D1
:10E79000FD8DD72AB1E6CA001AFBC1687CBC8D8109
:10E7A000F2F9AEFBBD78EB4EE91A57E591BDAD70BD
:10E7B00000B14F612D719559EA917F691E0F690073
:10E7C000F56D425DD536033EBB577B121449D75ECB
:10E7D00053BC466D955019AABD039257FB44836103
:10E7E00058C4ACE708E2B200B5E777BDAC6E158A55
:10E7F000C82F91FA6E5518E14ACD1967036DAB36F3
:10E800007D7C94045FCB5C2B83D483857A00C40029
:10E81000A38A8FA674845B865B639B83DF2137B9F1
:10E820000885D12D9142DEBE43EE2195A31C624B9B
:10E830003575137FE1E09600B78F836F47B2969DE1
:10E840002F8A6C82F1F551ACD52E108081BFD78E06
:10E85000BA56B17499660C02FAAB27113801C4009C
:10E860009428C79C595478A12D7FB4D7A59E1667CC
:10E87000B60346960C05902562F778E9441C55636B
:10E8800042846C1183278A002C97AA6C82D0955BF6
:10E89000E09C7E8C5C395D7C77B7D07DCFB8684FCB
:10E8A000832385DC669C7C4AF0C1410AEBBAE60012
:10E8B000E34AE97446341BEB9E20D70D43F2A000D7
:10E8C0009D396AF609DBC87C838701E4FBA90B52FA
:10E8D0003158B3767A32D600C0EE318557F2076CE4
:10E8E000178CA80FF7A5C967EFDF678DD5A45DDF8B
:10E8F000550CD4112A2AB6CDCC3CDDDC95C73D00A1
:10E90000AA879C74A40198463944F8AB3960310455
:10E910002E04503CDD297172A8F1EA692102D58AE2
:10E92000CE88005D5B675700E038A291A2E0CA9BE9
:10E93000A6407F2FAA204411EB66E30E8AB2C70BD4
:10E940002B4D008D1176410E534BF7FFFEA943006E
:10E950006F89EF1ADA1684CA67677C72B487529F90
:10E9600001A568CDB85BD13F3C5550671D8F42E78C
:10E970005295FCF2ECDF2A0031E51E2F4B59E47F63
:10E98000B7A5B1AD2CE139ECE11FA831D0D8D53114
:10E990001B55490B0C265FB824753B6F0BFE3400EA
:10E9A000A53AC64F71CDCF138DA48FEF287862F3AF
:10E9B00046C4C4FE6085A3B6C52AB7D4055F072E3A
:10E9C000433A9B7AD134F400E753586EE1BE455F79
:10E9D000FFEEAC9A36C8B99F62FA83618F1CB6EB22
:10E9E000D5A138C6C22E0C3DF237B1B6621D260045
:10E9F000DFBD01AA67F1902BED01908513819D4E3B
:10EA0000F9E404CD276E5FB86F95E50D6CC49D27C2
:10EA1000894EB87132250D00101BD5CFED183197F6
:10EA200045DFACAE0A2C5D49395626CFF509665252
:10EA3000EE5B22F58F3A57211E640E53926C6300F1
:10EA4000855644D46FF392415DF82605FAA88E39B5
:10EA5000B521724F527AEBD0C62B00AD17F669A6DE
:10EA600037F467DDBEFDE300FD56B186A36130DFFC
:10EA7000727164B684C9594107046E916BB3A9B52C
:10EA80001016BE438E50084947DF5DEC66236700D1
:10EA90001C27286EEA0805CC2825098F78B9F8B616
:10EAA000D1A48948201168547374490B31AEEAC36C
:10EAB0004754EB6E8337D0003770F40A6DF9E9D410
:10EAC0008B701AC711117C8F0AD90C2F23D932A150
:10EAD000376AFAB55BC27FAD446A38E81B428D00E5
:10EAE0004273993C605BC0462B35F6971D1C9CFD1C
:10EAF000CB5CA6806816C34A5B1430CE2B27E29B02
:10EB0000B211DD28F39E02000CA139C7BAAE4B103A
:10EB100024FCA293C71CAD158A47BEC070EB75D10B
:10EB2000FC9BDE2AED40D4E3B1D24256643970003A
:10EB30004997FD42C4A51C954776C9F14ACA5A5364
:10EB40004742F1F7EE228D261D98CA43B2CC398197
:10EB5000DB226373CA50FE00C3AD36E4AEABE00403
:10EB6000165F00578F7511117C97D753925896FDF9
:10EB700087F94B95B5587823F0D9A04769D02E0076
:10EB8000A1C66D56300B4D073E43C7609881199959
:10EB90000B2CE61EFAB3D17DBBEF2350526FB15B55
:10EBA00022B7AE3A63A34400D0D51C82E26783CB80
:10EBB000CF7F8B59DC542015804B0D19B34FD99161
:10EBC0001561D7806A55631A07DE729BF0B1620047
:10EBD000BF7AFE2C4F8C9346FBACDD736BAB63337B
:10EBE000175E66803319D95C0EF8079CC4A747E509
:10EBF000FC1570C2A49739000BF70267D5588CEA50
:10EC00000538260E320B1E3DE26E55816AD63DA4B4
:10EC1000C28A0EDD0E21CD5883B4F99F59F7EC005E
:10EC2000486A15C404ED7CE0C594705A1E9AE81831
:10EC3000A39FA810E0C5A4B2D8B1DC534C32C0DA0F
:10EC400068607878B22FDC0025195F939A82F5A46A
:10EC50005DF7A8F83B44542E9A3B558F8EC6D98B4E
:10EC60002C9F14455C041721BC781224EEFE26006C
:10EC7000DDD6D5D19C7F93E76834E83DC06F57B7A8
:10EC8000D33C555841F1F145587C54FF178A939471
:10EC9000686A588EA0D8F700D4F0319ABBFE009A6B
:10ECA0007873EF77EEBA576E3F14325D8B7626ADF0
:10ECB00045902F43805608E8C53C70E7FC3B4F0069
:10ECC0002440FE3667FFF16369CAA0FB5B332FF770
:10ECD00030412234FD8BD3E0FB2AEAC9CD21825298
:10ECE000E854CD6406D8950035D4380EDC1B620696
:10ECF0008C25FD2B6F5D01D91EB840A54520DD9CFC
:10ED000070640B6A65D44B11319FA860F7BC5F003B
:10ED10001A7663920CD7272437BFD5EA981EB3DC46
:10ED2000FC334F427D4F1A1156C384D3114270B544
:10ED30003D9CFE2C382E7500853E1A5CA1447B025A
:10ED40004E8656BF615C1EC357D7D7B1726D755DD5
:10ED5000EAB6DF30ABA3F3FF6000E530C2A2F400F7
:10ED60001D03497D88B51696F78668FDC649C7DA42
:10ED700063CD491A61A650045AA1B7937088FE8DDD
:10ED8000DC39E7DD25E2A200605A0B5F6B3D65B719
:10ED90002EAAB1947F66FDA0C1305480D89CAE6B82
:10EDA000524AABEB5E275446898295FF1955DD0028
:10EDB000F08AE1219F86EFAEDDEAD82A5A93EAA8CD
:10EDC0000486AA9A4C91DCC2A540F600F2C8DF6224
:10EDD000F1E30B6FE6B2BD001C3B76B56ADA7A252B
:10EDE0004DBABD0C2EB042341815C4D3AD97204B8C
:10EDF000887DE86B22938B0CE55C3469B2C88A008D
:10EE0000A9FA9872D37AA46610499E654604481EF2
:10EE100044E00FC5BB553AAB53DEB7A78D17E62EBE
:10EE2000816A3D107EB81A000C8C59B7BA8079F30C
:10EE3000731B68A8883AA4908D0C6CBE6DEB2E787D
:10EE400011CB501F6423B15382CEE325571E3200ED
:10EE5000168750CBB9365C0460AE678702E5CBDC21
:10EE60002AC155A0ACDBB68160995F95D76D5CEF88
:10EE70001080A652792941004C3A8C89F1D81C6D3A
:10EE80003ACFA2F9DEEDE3BFC7100154621BEBECF1
:10EE9000F65D8DD4C33B255AC56AA43E117A69003C
:10EEA00074DD3C2B4DDACE30A3B631144094860786
:10EEB0001B535B9EBCAF32EC5C8C002A54C2F0F654
:10EEC000959271224AA1A30060ABB0251EE956A518
:10EED000BBFE0A99252E6B5809B165101329A3E5CD
:10EEE00000E480B988D841696709FDB4AA80970019
:10EEF0009692F016EF06BC6C3D5436A2F277890567
:10EF000095C6D48E8770231FF08619D3F1AA459534
:10EF1000F195E890DAA5440016A32D8C7DDF9DE2E3
:10EF2000AAF75B58FA9179F57740A143A7811A694E
:10EF3000572193AB6004F906F7CAAA2E9954AF0083
:10EF4000E08F0CC495BBB8CB05D0159E37C0BDA8CB
:10EF5000A665A0283D2858CE742EE64D8139ED36A1
:10EF6000DE7BD2416E4E6500A10D75932C43732656
:10EF7000B60D2FD662CF2A74A2E65675A3C9207BA0
:10EF800060186127B1AB028C515EFD79DDC6BD0012
:10EF9000EDB3948547D3BB265E658BD549C7A1D415
:10EFA000B9C54EE1605BF217A8ABD487CC3883F9C2
:10EFB00055F184C980A2E90021D479A097688FC354
:10EFC000278354F572705B1795B3587F5656D7A0B8
:10EFD0002CC34D85281CC44B323834A7873B920084
:10EFE000FF2D94B9EF966F612B429DA6806F366816
:10EFF000A5D0C0C134266FB61622B9BA5E3FC8D1BB
:10F000000521E314900B9400BEC151541FE3C716B1
:10F01000C960F483182657C83DF4E8DD16E8A2AEAF
:10F020008EBDDFA6822EE6E85C23962D49AEF90060
:10F03000BF568CF40982C316FC3CEF6CC0FA330750
:10F04000A5489A234A90B59CABEE686734DC23C888
:10F050005418CF3A875D0200113417618933931E2B
:10F06000360103E9DDD6FF7914CBA4CF890DEB0D72
:10F0700056DAB2D12374925214F8AA2A4460B80026
:10F08000B45F3095264D8968B06C8908850191E997
:10F0900033BA2AB0251EB76CAB424DA001141746F7
:10F0A000022FF3C3E629FD005C7601BF1C47014730
:10F0B000579D74D83D974C53FA6EA0A21C117F4502
:10F0C000C4FB1EC4BCDBC7DA624423D78A072A000C
:10F0D000FE76F25CBD5C7FBE762EB28E49B86B6F59
:10F0E0008D1CA4F662F078BC16B28A3E05E994C67F
:10F0F00035A0B1C9A5A70600C752A9EE8AC18FC71E
:10F10000904C84C423F738AFECBD58918A1A085349
:10F11000B5E1B550F1415D04DD4AA7B4C8D2A30002
:10F12000D7CF3FA37CED2341C3F0EABD6B09E55E79
:10F1300059AC3619BBCA58821DC268EF4AEBB81EDB
:10F14000BC5DEED26C744A00DACB3568F491492587
:10F15000EC39AB48E3E19DB8EDFBE77203302EFDDF
:10F160001B1D3CFE0B0975ACB5DE94F6FA26B1000A
:10F1700040C63495BA540997693D30E300A4979787
:10F1800032DE68EC28C2C0FFFE66D54D15CFE8DA46
:10F19000718842FE9F7669009F91BDE87F0722C576
:10F1A0004717BFD45732CAC946A45AE9484CBBEBEB
:10F1B00032905FB011BCB3BF0FB21C2EB46E4D00C5
:10F1C000967E69BBB89472B77C89FC0FF3A33ACCE6
:10F1D000A4AE72A82972A90D356DD4B27B2D2C6B0B
:10F1E000958680225A1B6600D27681BCEBA42F9AAA
:10F1F000772B933F4002FE099B0EDEF587B05D6BD7
:10F200008FA27699C427398DF9F89B9B57F8BD00DA
:10F21000FC2E41C1A19C0F081425340DE159A38D8A
:10F220005B87E34D89315C5E03457E12257F293C77
:10F23000B374887694C9D300DE5C4FFF7B045A7F99
:10F24000F35B288FA65D72C3477276FF7A4B7A53C1
:10F25000CC9545EF8F675830A25BA22C22F16A0053
:10F26000D35A146762FB8A44822A8808DD532285B8
:10F270008B3A04839A000C04378646533183C80BBB
:10F280003BDEF743FC3DA200AC6835089F617DDEA4
:10F290002BC3E9044BED1DAD7449AAE8F803D3B0C4
:10F2A0000880C018ED301181586179299DBEFA009F
:10F2B0004E97677DA0188610AE6F9A76948A40604C
:10F2C000AB9A32A9D9489A944E050A3D52455BEE55
:10F2D000962E50ED175F2800DEF52135179FFC3E76
:10F2E000068593C42BCE6E87DEFD90AD17DE9D8B19
:10F2F0001C8546A937359535D8FBABCBB0A7740034
:10F30000322731C3BE2C41A1C3845723125035D8B4
:10F3100004F354AAEC74373F957FB24FC15DA53C0E
:10F32000F5676E39A509D900C0B297145D2BF8DDD9
:10F33000930713BF775CBE20B4D581F37660E4BA3F
:10F34000F6E162CCF956D6C6CB60F14230AF6E0022
:10F35000ED343B12F8D810C9D5BFF857F603A0DA40
:10F360008A7403505618E623C4E80F9B1972B5B08F
:10F37000F7E3D2B8CEBD06008ABE851982EE765775
:10F380005074D7489CB7688EBB32A28C0FF2BFFC7A
:10F39000199604E070FBC0769EEB23639BE1B800F6
:10F3A0008FBA857A6ADA6D2D973B41EA4D52B600E5
:10F3B000F8D3479A19E591EEB5651587EAE0085E3E
:10F3C000C20C58F4810FD0007AC74453750D08A2BF
:10F3D000FC3E7A24BEAFF01483069EB870CB93C473
:10F3E000D9FC57C4D753E558F5E931B6C9B7590028
:10F3F0008AB352D389AAE6FE0EE4B5DA27CF218D6F
:10F400007DC3B69B993F346C9C9C1C5514B904C9B0
:10F4100071FB14F0B0A7E9007EB126C2D97C2007A9
:10F420008E0A01201068855728F59F981E4CABBFA7
:10F43000507B7CF8AA41730FA7652098DF3C7000D1
:10F4400090D4497AFF8F5917F5A3D4C8DF0E7F0AED
:10F45000DBADB8720D77C3A9F5B1E7E68C9E91607C
:10F46000258705829E11710068FD0304D31A115B84
:10F470001CAC23BB41AA7AEB2F758B9F2C6028FC18
:10F4800076AE806BAE477F2B9862F5C0A44B7F00B1
:10F49000EB1ABA13B5F6B091FB11CE04D970DE4465
:10F4A0009182D28108ADB08B2110865AEBA9C4E7B6
:10F4B000DBD88032BF8F8F00F719F62467CDD9AC27
:10F4C000E80E799229F9D1F542280F569087AC08B9
:10F4D000EB7428E227F58CBA20D3B2B03541DC00BA
:10F4E000F61C507F858463E058E42A964273D5A2C7
:10F4F00086F5ADD97E719A36239276CD7AC37F791F
:10F50000F20A232AF1EC9C00E6968CFD2B963AE554
:10F51000F6EAA87B4DA21769EF66293C6D70D0EB27
:10F52000A4A3B59E2608BFA07B9699AD526D6B0033
:10F530009D9CDD91724258DECA6C982ABD96B2DD60
:10F540001C510EEB3668CD9D0AB3CDC8AF99F5AC12
:10F550005506F2E83F9D24001350FF697301B2D0B5
:10F56000DBEBF5CC95A4A1CB9FC7216793F210BE2E
:10F570000F0AC8FF03BA776CB975E489575D0100BB
:10F5800073EB5EC557595A0F9BF639BD40EF6AE3DE
:10F590008101B58C35F273A572AF954D3099FDB1EF
:10F5A0007B282D799FB8B4009BAF6E1F6222F1CEED
:10F5B000C6A65A5B2649F4E8EC90CB0FD86B441BE7
:10F5C00048185037903FBB56765F50C08568900012
:10F5D000ECF6BD6B6104D2AA4D9D63520FA0E4D33B
:10F5E000F7BB73F0E9B3BECBFD16338D5E629D624F
:10F5F00034D6DA479E6748004C1E02BAF3A2CBB657
:10F6000074F501FA7030BA82DBECEB111C4750C97B
:10F6100034EBAB44B0E39AD109804AC1361D0400F3
:10F62000C6E7A4CBC48873B9B64A046E2D0C96BA4B
:10F630008BCAB38C91CEE3D757972F721E98FF33A6
:10F6400085E5360257A44700D94EB688D5DFAEB25D
:10F65000EB01925FF4E7F272DC80E793C768CB15A9
:10F66000D290524F5CD7F21B87015D6B5A40050068
:10F67000A43D4D0F1F02A4967B26EDD06CFAAB4F34
:10F68000799DBE110F84645EB3A5F19E674BFCD6D5
:10F690002774EF459602DB006D35AB76F509F06116
:10F6A000602738F0328E7D723F795E3790E074A625
:10F6B000E153C82EE824C13050AB583E933F25009B
:10F6C0004DC3B8CBD36433AA9AD92D5C548007D5E7
:10F6D0004547ABBF2EAF1BB09BBC4B805BF2AC4A27
:10F6E00057A344EE2273ED00EA57EF457FECBD359A
:10F6F0004E5D48D14756EC5131AB5CC8EACFB80FEC
:10F7000079760313C1F36A39BE50050753E39400B9
:10F71000FFCD607D1C78661682B124E8C87D1D3758
:10F72000B259F9C2D977CB85E8B06C37D7B57489AF
:10F73000600D5FCF5BDB3F00217791F49715386C4C
:10F7400064B39ACD5124CA727953F4F54F47A70296
:10F7500073173BFABFD78AF2C764FE978F94AA004B
:10F76000B3810A8C6EB241C98A545834586B77CB36
:10F77000AC2D166516951A23AF18B9A21B7A9A1EDE
:10F780007054A58B267E64006B088E527DD5BFEC2D
:10F79000CCB8B49FEBCE4A630C6DF5E1595CD374E1
:10F7A000C3BD81B3B326C06C0B307E7E388371003D
:10F7B00044188E26D9F8BB1C739326B758F36A8376
:10F7C0000692866A08FF5C3C70A2D3848463980A20
:10F7D000594E040E121386006255A644D2C86367C0
:10F7E00060AACB1D5FC65D9227A2189604D6AFBE55
:10F7F0001DCDE7906B0A0BA7B84E5F7543414800DB
:08F80000B40AFE7F01000000C4
:08F8080069160008F101000877
:04F81000C901000822
:040000050800161DBC
:00000001FF
