:020000040800F2
:10000000000002202915000871150008711500086C
:100010007115000871150008711500080000000036
:100020000000000000000000000000007115000842
:100030007115000800000000711500087115000816
:1000400000000000000000000000000000000000B0
:1000500000000000000000000000000000000000A0
:100060000000000000000000000000000000000090
:100070000000000000000000000000000000000080
:100080000000000000000000000000000000000070
:100090000000000000000000000000000000000060
:1000A0000000000000000000000000000000000050
:1000B0000000000000000000000000000000000040
:1000C0000000000000000000000000000000000030
:1000D0000000000000000000000000000000000020
:1000E0000000000000000000000000000000000010
:1000F0000000000000000000000000000000000000
:1001000000000000000000000000000000000000EF
:1001100000000000000000000000000000000000DF
:1001200000000000000000000000000000000000CF
:1001300000000000000000000000000000000000BF
:1001400000000000000000000000000000000000AF
:10015000000000000000000000000000000000009F
:10016000000000000000000000000000000000008F
:10017000000000000000000000000000000000007F
:08018000000000000000000077
:100188000348044B834202D0034B03B1184770471E
:100198000000002000000020000000000548064B79
:1001A8001B1AD90F01EBA301491002D0034B03B16D
:1001B80018477047000000200000002000000000E1
:1001C80010B5064C237843B9FFF7DAFF044B13B197
:1001D8000448AFF300800123237010BD0000002005
:1001E800000000008815000808B5044B1BB104493D
:1001F8000448AFF30080BDE80840CFE700000000E6
:100208000400002088150008830730B547D0541E25
:10021800002A3ED0CAB2034601E0013C39D303F8B4
:10022800012B9D07F9D1032C2CD9CDB205EB05255F
:100238000F2C05EB054535D9A4F1100222F00F0C5F
:1002480003F1100EE6444FEA121C1A46C2E90055A3
:10025800C2E9025510327245F8D10CF1010214F0CE
:100268000C0F03EB021204F00F0C13D0ACF10403D3
:1002780023F003030433134442F8045B9342FBD195
:100288000CF003042CB1C9B21C4403F8011BA342AF
:10029800FBD130BD64461346002CF4D1F9E7034680
:1002A8001446C0E71A46A446E0E700BF844641EA80
:1002B800000313F003036DD1403A41D351F8043BD6
:1002C80040F8043B51F8043B40F8043B51F8043B28
:1002D80040F8043B51F8043B40F8043B51F8043B18
:1002E80040F8043B51F8043B40F8043B51F8043B08
:1002F80040F8043B51F8043B40F8043B51F8043BF8
:1003080040F8043B51F8043B40F8043B51F8043BE7
:1003180040F8043B51F8043B40F8043B51F8043BD7
:1003280040F8043B51F8043B40F8043B51F8043BC7
:1003380040F8043B51F8043B40F8043B403ABDD236
:10034800303211D351F8043B40F8043B51F8043BD8
:1003580040F8043B51F8043B40F8043B51F8043B97
:1003680040F8043B103AEDD20C3205D351F8043B67
:1003780040F8043B043AF9D2043208D0D2071CBF33
:1003880011F8013B00F8013B01D30B88038060465C
:10039800704700BF082A13D38B078DD010F00303D2
:1003A8008AD0C3F10403D21ADB071CBF11F8013B42
:1003B80000F8013B80D331F8023B20F8023B7BE791
:1003C800043AD9D3013A11F8013B00F8013BF9D2BC
:1003D8000B7803704B7843708B7883706046704756
:1003E80070B50F4B0F4DAB42A3EB050607D0B61007
:1003F800002455F8043B01349847A642F9D801F087
:10040800BFF8094D094B5E1BAB424FEAA60606D062
:10041800002455F8043B01349847A642F9D870BD2A
:1004280010F7010810F7010810F7010818F701087C
:10043800002301461A46184600F014B838B5074D8F
:10044800074C2C1BA41005D0013C55F8043D9847D7
:10045800002CF9D1BDE8384001F098B81CF7010824
:1004680018F7010870B4164D2C681CB365681F2D69
:1004780023DC38B9AB1C0135656044F82310002033
:1004880070BC704704EB850C0228CCF88820D4F89F
:1004980088614FF0010202FA05F246EA0206C4F842
:1004A8008861CCF80831E5D1D4F88C311343C4F80D
:1004B8008C31DFE7034C2C60D8E74FF0FF30DFE7E3
:1004C800C4C70020C8C7002007B500F0C1FB00233F
:1004D8000B4A0193019B93420ED900F0C1FB99236B
:1004E8000DF10302012172208DF8033000F03CFA6F
:1004F800002003B05DF804FB019B01330193E9E799
:100508003F0D03002DE9F041DFF8388046461546D7
:1005180056F8044B1F462CB94FF41C72214630463E
:10052800FFF772FE30192A462C443946FFF7BEFE03
:10053800B4F51C7F28BF0024C8F800400020BDE89F
:10054800F08100BF20000020F8B50D4FD7F87442A5
:1005580015461E462CB90B484FF4C3422146FFF7F7
:1005680053FE08482A46314620442C44FFF79EFE95
:10057800B4F5C34F28BF0024C7F874420020F8BD63
:1005880020000020206400202DE9F74F01EB4121D5
:1005980001EB814101F0F033DC0884EA13144C408C
:1005A80002F12003C4F3032CC4F30347C4F3036626
:1005B800A2F1080508380193E4B250F8081FD0F8F2
:1005C800048001F0113308F01139A3FB04E304FBA4
:1005D800093355F8089F8EEA090E4FEA51096A68EF
:1005E8004FEA580A09F01139A9FB0CB90AF0113A77
:1005F8000CFB0A99534083EA09034FEA91094FEA31
:10060800980A09F011398EEA0B0E0AF0113AA9FB83
:1006180007B9C90807FB0A994FEAD80801F0113150
:1006280083EA090308F01138A1FB06198EEA0B0EBC
:1006380006FB089883EA08038EEA0101C5E900135E
:10064800019BAB42B9D103B0BDE8F08F73B5124C32
:100658001249134D4FF4C3422046FFF727FE114BB2
:100668001E7B00F0F5FA224631462846FFF78CFF3C
:10067800224631462846FFF787FF00F0F1FAA72304
:100688000DF10702012172208DF8073000F06CF996
:10069800002002B070BD00BFA0020020206400202E
:1006A800C8150008200000202DE9F3414FF4C3428B
:1006B80015491648164D154CDFF85880FFF7F6FD1A
:1006C80000F0C6FA0026297A22464046FFF75CFF6A
:1006D8000136297804F5A0724046FFF755FF082E29
:1006E80005F1010504F12804EDD100F0B9FAA523BC
:1006F8000DF10702012172208DF8073000F034F95E
:10070800002002B0BDE8F08120640020A002002093
:1007180024000020C81500082DE9F04F2C4D2D4964
:100728002D48DFF8B48087B04FF4C3420024FFF7A8
:10073800BDFDC5F8784200F08BFA2A1D23460292C7
:10074800264A282000FB032B2546002601E0A54267
:100758001CD101354E2D0BF1280B06F1FF36F6D1D1
:100768004E331B1B01344E2C08F5A078E8D100F05D
:1007780077FAA5230DF11702012172208DF81730A1
:1007880000F0F2F8002007B0BDE8F08F029A02EB03
:10079800C50A134A7243019247464FF000091AF8F6
:1007A800011B03933A465846FFF7EEFE019B0AF1F8
:1007B800FF31FA1811F83610584609F10109FFF708
:1007C800E3FEB9F1080F039B07F12807E7D1C0E75B
:1007D8002000002020640020A0020020A0150008AE
:1007E800C0FEFFFF38B5CAB10D4D1C78D5F8783278
:1007F800C3F5C342A24238BFD4B20A4A21461A44BA
:10080800722000F0B1F8D5F878321C44B4F5C34F23
:100818002ABF0023C5F87842C5F87832002038BDD1
:1008280020000020A002002008B500F0CDF900F05B
:100838006FF900F0A9F900F085F8134A0021742037
:1008480000F066F8114A00216F2000F061F8104AA4
:100858000021692000F05CF80E4A0121642000F0B4
:1008680057F80D4A0121672000F052F80B4A002181
:10087800612000F04DF80A4A0021792000F048F87C
:1008880000F0CAF8FCE700BFD10400080D05000815
:1008980051050008B1060008ED0700082107000807
:1008A8005506000810B50246014400208A4200D1CE
:1008B80010BD12F8013B0824584043B2002BBABFC0
:1008C8005B0083F04D034300013CD8B2F5D1EDE75E
:1008D80030B50022044601238B4201D3002030BDED
:1008E80014F8015F15B99D1A85541A460133DBB215
:1008F800F2E730B5047800250246057020468842A4
:1009080000D204B930BD145C15540319D8B2F6E707
:1009180038B50B4D2B681F2B04DD612000F0BAF9A8
:10092800012038BDF82901D96220F7E70C2404FB1F
:10093800035401332071C4E902122B600020F0E750
:10094800A0C5002008B5064A00217620FFF7E0FF81
:10095800BDE80840034A00217720FFF7D9BF00BF50
:10096800C9090008E509000870B50C46C0B0114671
:1009780022B3224600258DF801000DF103008DF801
:1009880002408DF80050FFF791FCA11CC9B20DF18F
:100998000100FFF787FF0DEB0403261D611DD870CA
:1009A800C9B268460DF80650FFF792FF6C4614F876
:1009B800010B013500F06EF9AE42F8DA40B070BDB7
:1009C80007B503230DF10702012172208DF80730C6
:1009D800FFF7CAFF002003B05DF804FB30B50D48EF
:1009E800017889B000220C24D3B28B4202F10102B3
:1009F80006DB6A467220FFF7B7FF002009B030BD5A
:100A080003F1200504FB03036D441B7905F8203C22
:100A1800EAE700BFA0C500202DE9F047C0B00024D8
:100A280001AD8DF80340A94600F022F905F8010B45
:100A380058B905208DF803000DF103020121652046
:100A4800FFF792FF40B0BDE8F0870134042CEBD1EA
:100A580021464846FFF74DFF2C4E9DF80510326899
:100A6800074600230C205FFA83F8904502DB07D184
:100A78000120DFE700FB086501332D798D42F2D1B3
:100A88009DF807300533BB4202DA0420D2E72C4632
:100A980000F0EEF809F804000028CAD09DF80730E5
:100AA800651C0433AB42F2DA00F0E2F805F5807316
:100AB8006B4403F8FC0C0028E7D1C7F1010353FA93
:100AC80085F1C9B25FFA85FA09EB0700FFF711FF54
:100AD800AAF10201C9B20DF10500FFF7E3FE04F522
:100AE80080730DEB030414F8FC3C83420CD10C23F7
:100AF80003FB08669DF80720F4689DF806109DF82A
:100B0800050002ABA04795E7022093E7A0C50020A7
:100B180030B5022389B04FF4C062CDE90323012226
:100B2800CDE90523144C15480025072301950793A3
:100B3800236B13432363236B1340019303A9019B86
:100B480000F0F6FA0E480F4902954FF46133C0E9F8
:100B58000013C0E902550C23056185614361636C8C
:100B680043F010036364636C03F010030293029B69
:100B780000F0BCFB09B030BD003802400000024064
:100B880024C70020001001407FB50D4B0D480021FF
:100B980000911A6B42F001021A631B6B039103F078
:100BA80001030093009B4FF480520123CDE90123F8
:100BB80001A90223049300F0BBFA07B05DF804FB17
:100BC800003802400000024030B5032293B04FF4D1
:100BD800A023CDE9062302214FF48003CDE90C13AD
:100BE8000C20C423CDE90E0304240723012506A8FD
:100BF800CDE91043099500F065F8044600B1FEE719
:100C08000146CDE903000F23059001A8CDE9013580
:100C180000F0F6F90B4B00945A6B0B4842F0400277
:100C28005A635B6B03F040030093009B074B03641C
:100C380080F84540403000F056FCFFF7A5FF13B0A0
:100C480030BD00BF0038024024C70020000806500D
:100C5800024801224FF4805100F042BB00000240DC
:100C6800024800224FF4805100F03ABB00000240D5
:100C780013B5074C41F2883301220DF107012046D4
:100C880000F0E7FB0028F5D19DF8070002B010BD81
:100C980024C7002007B541F288338DF807000122E8
:100CA8000DF10701024800F08FFB03B05DF804FB6B
:100CB80024C70020024B1868421C1A60704700BF06
:100CC800C0C70020036873B5DE0701463BD40B6834
:100CD8009D0700F188800B68180700F1D3800B6826
:100CE8005A072AD500230193904B914C1A6C42F075
:100CF80080521A641B6C03F080530193019B236894
:100D080043F480732360FFF7D5FF05462368D805B1
:100D180040F1DC808B68854C012B40F0DE80236F2E
:100D280043F001032367FFF7C5FF804D044641F2F6
:100D380088362B6F9A0740F1F1808A69002A40F0C3
:100D4800FD80002015E0794B9A6802F00C02042A15
:100D580007D09A6802F00C02082A0CD15B685C0282
:100D680009D5724B1B689803B1D54B68002BAED1DF
:100D7800012002B070BD4B686C4CB3F5803F12D1B6
:100D8800236843F480332360FFF794FF674D694E6F
:100D980004462B689A039AD4FFF78CFF001BB042D5
:100DA800F7D90320E5E7B3F5A02F04D1236843F46E
:100DB80080232360E4E7226822F4803222602268DC
:100DC80022F480222260002BDED1FFF773FF594EF8
:100DD800054623689B037FF57AAFFFF76BFF401B3F
:100DE800B042F6D9DDE7514B9A6812F00C0F07D0E4
:100DF8009A6802F00C02082A16D15B68580213D4CC
:100E08004A4803689A0702D5CB68012BB0D1046819
:100E1800F82292FAA2F20B69B2FA82F2934024F015
:100E2800F8021343036056E7CA68434BDAB101225C
:100E38001A60FFF73FFF3D4C054623689B070CD51A
:100E48002068F82292FAA2F20B69B2FA82F2934071
:100E580020F0F802134323603DE7FFF72BFF401B08
:100E68000228EAD99DE71A60FFF724FF2F4D0446B0
:100E78002B689E077FF52FAFFFF71CFF001B02288A
:100E8800F6D98EE74A692C4B82B10122C3F8802E2D
:100E9800FFF710FF254D04466B6F9B073FF51FAF0B
:100EA800FFF708FF001B0228F6D97AE7C3F8802E5F
:100EB800FFF700FF1D4D04466B6F9E077FF50FAFD0
:100EC800FFF7F8FE001B0228F6D96AE7FFF7F2FEE3
:100ED800401B02287FF61AAF63E7052B04D1236F66
:100EE80043F0040323671AE7226F22F00102226706
:100EF800226F22F004022267002B7FF414AFFFF761
:100F0800D9FE41F288360546236F9B077FF515AF5A
:100F1800FFF7D0FE401BB042F6D942E7FFF7CAFE02
:100F2800001BB0427FF605AF3BE700BF0038024028
:100F38000070004000E1F505000047422D4CA36811
:100F480003F00C03082B3FF413AF2B4B022A4FF08E
:100F580000021A663FD1FFF7ADFE284E054623680A
:100F6800980132D447F6C07292FAA2F24FF4403593
:100F7800B2FA82F295FAA5F54FF07060B5FA85F5E8
:100F880090FAA0F0D1E9073633434E6A96408A6A50
:100F98005208013AAA4033431343CA6A174DB0FABC
:100FA80080F0824013436360134B124C01221A668F
:100FB800FFF780FE014623689A013FF5C2AEFFF7AE
:100FC80079FE401AA842F6D9EBE6FFF773FE401BFC
:100FD800B042C4D9E5E6FFF76DFE084D0146236827
:100FE8009B017FF5AEAEFFF765FE401AA842F6D921
:100FF800D7E600BF003802400000474280841E0048
:10100800F8B5494B1A6802F00F028A42044611D318
:101018002268950717D4D0071DD4434B1A6802F0ED
:101028000F028A4267D8226851076CD4130772D41A
:10103800002007E0CAB21A701B6803F00F038B4246
:10104800E6D00120F8BD3948A568836823F0F0038D
:101058002B438360DFE76268344B012A1DD11B688C
:1010680013F4003FEDD0314DAB6823F00303134375
:10107800AB60FFF71FFE6368012B064641F2883715
:1010880015D1AB6803F00C03042BC6D0FFF712FE92
:10109800801BB842F5D90320D4E7901E01281B68AD
:1010A80002D813F0007FDDE713F0020FDAE7022B16
:1010B8000AD1AB6803F00C03082BAED0FFF7FAFD9A
:1010C800801BB842F5D9E6E7032B0FD1AB6803F0D4
:1010D8000C030C2BA1D0FFF7EDFD801BB842F5D90E
:1010E800D9E7FFF7E7FD801BB842D4D8AB6813F007
:1010F8000C0FF6D191E7CAB21A701B6803F00F0300
:101108008B429ED18FE70949E0688B6823F4E0534E
:1011180003438B608AE7054A2169936823F4604397
:1011280043EAC103936083E7003C02400038024071
:101138002DE9F74FDFF89C81674A00234FF001093A
:101148000C6809FA03FA0AEA04053AEA040440F0CA
:10115800AC804C6824F0100EBEF1020F14D14FEA97
:10116800D30C00EB8C0C03F0070BDCF820604FEA83
:101178008B0B0F2707FA0BF726EA07070E6906FA03
:101188000BF63E43CCF82060D0F800B04FEA430C91
:10119800032606FA0CF72BEA070BFE4304F00307B5
:1011A80007FA0CF70EF1FF3E47EA0B07BEF1010FF5
:1011B800076010D8876806EA070ECF6807FA0CF7A9
:1011C80047EA0E078760476827EA0A0E27099F4003
:1011D80047EA0E074760C76837408E6806FA0CF67C
:1011E8003E43C660E60060D500260196D8F8446004
:1011F80046F48046C8F84460D8F8446023F00307F2
:1012080007F1804706F4804607F59C37019603F0FE
:10121800030C019ED7F808E04FEA8C0C0F2606FA5B
:101228000CF62EEA060E2D4EB04245D006F5806625
:10123800B04243D006F58066B04241D006F58066DC
:10124800B0423FD006F58066B0423DD006F58066D4
:10125800B0423BD006F58066B04239D006F58066CC
:10126800B04214BF0826072606FA0CF646EA0E0610
:10127800BE601668EF4314F4803F0CBF3E402E4317
:101288001660566814F4003F0CBF3E402E4356606B
:10129800966814F4801F0CBF3E402E439660D668B3
:1012A800A40254BF3E402E43D6600133102B7FF476
:1012B80047AF03B0BDE8F08F0026D5E70126D3E796
:1012C8000226D1E70326CFE70426CDE70526CBE79C
:1012D8000626C9E700380240003C014000000240F1
:1012E8000AB1816170470904FBE7000070B5044644
:1012F800002865D090F8393003F0FF020BB980F868
:1013080038202168E2682569E069242384F83930A7
:10131800CB6823F40053CB600B6923F44053134389
:101328000B61A368CA682B43656922F416422B43F4
:1013380022F00C0203431343CB604B69A26923F4E8
:1013480040731343B0F5004F4B611E4A63684FF07A
:10135800640527D15B00B2FBF3F2B2FBF5F605FB9F
:101368001622D3003233B3FBF5F303F007025B0018
:1013780002EB061203F4F87313448B600B6923F431
:1013880090430B614B6923F02A034B61CB6843F40C
:101398000053CB6000202023E06384F8393084F8C0
:1013A8003A3070BD9B00B2FBF3F2B2FBF5F605FBD9
:1013B80016231B013233B3FBF5F303EB0613DCE70B
:1013C8000120EEE7906EFB0A034690F839002028CA
:1013D8003DD1002939D0002A37D093F838000128A8
:1013E80035D0012083F838000020D863212083F805
:1013F80039009A84DA841A68D88C80B248B911689E
:101408004906FCD52022002083F8392083F83800CB
:101418007047D88C013880B2D8849868B0F5805F5E
:101428000CD110680006FCD50888C0F3080050608D
:10143800186908B90231DFE70131DDE710680006F5
:10144800FCD511F8010B5060D6E701207047022047
:101458007047034690F83A00202841D100293DD032
:10146800002A3BD093F83800012839D0012083F8AE
:1014780038000020D863222083F83A009A85DA855C
:10148800D88D80B228B9202283F83A2083F8380012
:101498007047DA8D9868013A92B2B0F5805FDA85C4
:1014A8001A680ED110688006FCD51869526820B9F0
:1014B800C2F3080221F8022BE2E7D2B221F8012B8D
:1014C800DEE710688006FCD51869526818B9D2B2F0
:1014D80001F8012BD4E702F07F02F9E701207047F9
:1014E80002207047704710B50446A8B10379012B54
:1014F80014D0437903F0FF0213B90271FFF7F2FF2A
:10150800226802236371136843F004031360002008
:1015180001236371207110BD0120FCE70220FAE766
:10152800002103E00B4B5B58435004310A480B4B36
:1015380042189A42F6D30A4A02E0002313600432A2
:10154800084B9A42F9D3AFF30080FEF749FFFFF743
:101558006BF9FEE71CF701080000002000000020DE
:101568000000002058C90020FEE70000024B13B11C
:101578000248FEF75DBF7047000000004504000800
:10158800F8B500BFF8BC08BC9E467047F8B500BF68
:08159800F8BC08BC9E46704738
:1015A000C06F6D6261C5E53FC2B9DE05E183EA8BBC
:1015B0008559AE52EE1455562DE28920630B2AC987
:1015C0002318655136638100A2573B71D371719620
:1015D0007F9DC70A6CEFC351D4EDF5B17982087ACB
:1015E00050901399A52693DD5BA014349E7AC30016
:1015F000ECEE4E74AD687224A5200B8579F7445D3E
:10160000E92BC394AB87004B38B00D4FEBB47CBFD4
:1016100018E0648216286B00C481FEDBA7646CCEE0
:10162000211CE196A3FD4B2EB9602BB0CCE322EE3A
:10163000198DF6AAF6C4330A8F1B7DBBF3A1AB004C
:10164000A83A0C8D52593BD95C60B2B25F19BC0705
:1016500001F2811F02DF57498DF5F707E86E2A2D49
:10166000467B8908949CE600591DF4DC6651012AEA
:101670004406781516295A0E761198A87F743128D9
:10168000F0DF3483B7F63486D63170063CD9F300E8
:10169000EF2000B13AA11C181E9737BFD428F7B924
:1016A000CD091CA2495DE0C05585EE6C1469EA9B2A
:1016B0004236CC0D4DC07200BF0DA95C6CD4D72B47
:1016C000FC52552C51C93373C0971C8D8A50F4338A
:1016D000CE0D89A789B389788D4777BB91899A0008
:1016E00096BCF06C1F4F4C3267510AA04AC80F39A4
:1016F000E707812EF8F787CC3318282F9EBD5A0DA7
:101700006FF554D300DA2A00D974199AF755106E80
:101710002E6FD4FF3C77962D6B0D0256BBA4C2F4FE
:101720006E0D1F1707E913D05FB67617887578001E
:101730000958076F9A690D989573F6AFCE21E32685
:101740006BFF90BCDDC0023DCC0C3D12E7A852A45B
:10175000967B6C3216CD5600557397B91F5CC43317
:10176000F0D2AD66E119A39F4CCE11771235068AEF
:1017700031C12388B2BEB42D8BFF8857B592ED00DE
:101780004E91DD02DE63D1C77CD80FC049809251F3
:10179000D7A28B0996BF429EC53C2519F822B558A1
:1017A000D33521314BB32300FFCCAA960679DF1441
:1017B00065DFD99A24B46C8B4F8CC2960A067419D3
:1017C00070E1D339C24F9C94978481FF1644E600A0
:1017D00073CD53CDAD71BDC78AEFDD1F3B755A3E4A
:1017E0004820DBB2209108F3C6C3441099876745AF
:1017F000297EC75698C096009F810CF19755782591
:101800001BCCAA28FB6346F00639938E8AD923D4D1
:1018100005B8C97676D90E67AAEF27E621241D0000
:10182000A19B3019391AADABB61AB761F22E9AFDE9
:10183000A5B4A83BF0D5AA8B87287AB9701D3ED6EF
:1018400089E5BEB2C95CE4003B9DC86C342A127DB8
:10185000B3B349EC7AB6EA155A195C0DC46F55C892
:10186000BED5519454398CBCC27A3862536A19007F
:1018700040F194E59D6D1CBE1CB32404955C4D02A3
:101880004C74845C83158E23B96E3DFBB6F842B36D
:10189000378B166FE28FBF00F17B02952608CDDBF8
:1018A00047270FCFC52332709729F883AE73D146EF
:1018B000519E9D16A3CBAB0BE6A9214CB53C07006E
:1018C0006E935BBC4C1C0D1AF233ABE1B0FCAB4623
:1018D0008588A85D0551797F10F25C18FBCA380E27
:1018E0004B20A42C203CCD001F972249284475D2C0
:1018F0001AD81ABFA70EF0734CD924DDB1A88406FC
:1019000010D41B6B163CBD96A7FEA24C5AC1060014
:10191000BB1427D3815CACC7AA5EF73C6E1393C49B
:101920004855749C3BD2428EA7FC95D1E4443D7B44
:10193000E20E21663F487700CAE2DC01C6F9EC3DC1
:10194000E5325E7772276519B89A15F2BACC41CDA7
:10195000F6DB0D8EE453B44C874FC76D6CE24C0040
:10196000E321986E1605D1C5C6F7B034C838673480
:101970006C71C0E3B2F4C5DF0C6C259BBBCACA43D3
:10198000BD66D72A81C6E600036281073A81F01B53
:10199000D607350522BA7657C7AAF163E7863F2AEC
:1019A000CAFD2742C1A269EF1042B4E5646F9400FA
:1019B000A890CC968CE22C02C0EEA5968071B4F271
:1019C000D160C620BADE693922568E51A80F3397EE
:1019D0002A17DFD6BB4F5D00C9244C6BB2D27D2ADB
:1019E00089EFDD1FBC399105A11063F89B12600AD5
:1019F000DAD1C4480E96CF4012D605A2599BEE000C
:101A00006C911923C939FCD2A199766276FDE18ED9
:101A1000899E3FB0C1E09F9C6E7553A5C8D9803D9B
:101A200033C13EC1C292A200E42AADE3F3F24B02FD
:101A30008A6B20575C3C0B13133BA5489D7EDCB1A1
:101A4000245A510807F881CFE846F2CC0453290004
:101A50008C0102B88026655F07B2F3A1EEE9B348B6
:101A6000689B8E5086C62805FC9A8F49AE55D6874E
:101A7000C37E0E3044D940008B1BC4EDEC3C35F1E5
:101A8000711375CD312BA2BABAD206731DE3CDB74F
:101A90001D547E0B2D0CA98DC1F6F00543A818002E
:101AA000F518D7D6E94321F0BB7DF1D4A8D1C0A069
:101AB0006F503CD50EB21152E304825C2E7B5A3B30
:101AC00070072CFA2F850700CA760BC151B5D97261
:101AD000C74C35365B19080647AFD6A9ECF6EB962E
:101AE0009E6725E8BE474B2C05762285C1D40A00A7
:101AF0004C5622F24D5329D7CCD54466F5EFDE96ED
:101B00000A7B5A57FB0ACC71A0B7AEBEDDF34B5D22
:101B10009754585AB5373A00939FE70AF4448B1903
:101B20007EA83D8E5DE30884548580493B0C20A24D
:101B30008DAA9C83B58A3C8B78C05C4CF3E9FA0093
:101B40008D1A7B74632481A8E16AB02F78662577AB
:101B5000432C0CD6A8D8AD5E1B3E05F2436F9FBD4B
:101B60005558B7CB6B157600073920F430D2BF2B10
:101B70009C453ED758DA55EFFE58647AB832EDCD21
:101B8000DE73CC461E0C5FD90696F4C3754B8C00F1
:101B90001AB9F2C42CFA119ACB7070483EF9FD1CA8
:101BA000D2461F854F5B472294F941FE072D37D05F
:101BB00009445A57468FED0030DC862EB1359F64BC
:101BC000C306A4F7AF14C2AF3DE7374C145D2B8DAD
:101BD00099009970F4A54E1ED3ABB074DB51CC00C4
:101BE0008235B805B7A1AD58D0B0E7429AF4178B4B
:101BF000913DE3C53C453BF04207DE0945A5811F09
:101C0000B478A0D4C6B9A4002593D95D3C91883C92
:101C100049743B9EF1E5765AEAE933B63F4C1EC063
:101C20007DE26B006FC9D739E1A531D4A6CB3D0069
:101C300095CD2935C39ED983589CDECED4141E82FF
:101C4000512AA3B27FBBA69788C8C23E9994943804
:101C5000D2484700485222006012D7F412114ACEEF
:101C60009B0AB8FE5914913A30B99E80BFB804B6A9
:101C70005B9AD9DCE8765701358924EA269FC300B0
:101C80004C4E2EAD8AAC95D4B74571CDF241297139
:101C9000E8BF95D58D753760BA6C66D142CC6AE8DD
:101CA000C0C8D165CCBB1F005F94134315BCFD9425
:101CB0002F69524DA1026AA77D40BE62D4E84564F7
:101CC0000A95996AD5810A637E05811D1FE4FB0090
:101CD000BF7CFC4FF3FBA00B719FF783CDF676968C
:101CE0008E638CAF1839B0654B5F494800BF88F4EC
:101CF000034A242F04354200F1C0C0AB5C9563C594
:101D0000B41DBD090645B5B6810EC9B82D5E38565D
:101D1000B5A9227C560FDE17552DF44EB867730017
:101D200067EB3220509079431B9C8F38A59F5C87CE
:101D300007365F5C9CB876BBF5B37DAB84820077D9
:101D4000D4D6E0A4B34DC70030ED5D28570FBCAD2D
:101D500037D0CF8CE0283FA8A56A31AD2D68C75297
:101D600039656A95CD218FDB8264890EC3541800D2
:101D7000FB29868365FA4CEF6E65F053F1074698B0
:101D8000F6DDCD676D1A572FDC3F2FD9319E5BF5FD
:101D9000D2AFC82941C48200D87F4C500CF9192514
:101DA000130A7331E26F767EA4070CCE0B6D685B6D
:101DB000318A8B7FB9F3CFCDA50E11A28D70A30010
:101DC0003B462A608CD4DAFCE36AF23EAA2ED53C6C
:101DD000B0AB85CDCE8D03F0965FF0015B144A91D8
:101DE000D2F876476D2D0F0024A020ACF713596C64
:101DF000FF9986F0AF88FE6F20C54583B66B370329
:101E0000A30E7FC0260AEEFE62CB9A1E381BD700B7
:101E10008EC412F48B54D1C4EB239AA2C1CC76AAFF
:101E2000FD8C5849676A9DE05FBDE277750578894A
:101E3000745E6278A1DABB0070313C8FFA897E3E15
:101E4000DFBFB603DBAC80F64C4270A4D904C19866
:101E50008291F59CD1E0987295A336BD22D5700091
:101E600092E9AFC8FCFC61550FB2F672E37325E24C
:101E700006D6EE0948ECD77CFFC809015FA1FB8FAD
:101E80007A300F71AEEBBD0039377077C33F42D85F
:101E9000DDD49A442E07526405F8B4878560951501
:101EA000037CE1663BD68EBFF439D7B08F0A3A0087
:101EB000114D3B4D686B59AFD7DC61404A11891316
:101EC0003ACD86EDA8142A277651885CA0BDC8FFBC
:101ED0007B5331C1A93FA300EFBA39D8F9E32A44B3
:101EE00007A86DA954DF6139DA8D42FB12CDB93FE5
:101EF00056F00E6E3CAD9A5D750FADF0A8CC0600A5
:101F0000499BC12AB3F76FCCC5487B718392012CE2
:101F10008E2B8DFDB3BCD6DDEC755ED9CB41691D32
:101F2000AFF2953B9362ED00A963F321F2DC8B11D4
:101F3000865DF96ABF58BCD80984CC7FA14117AF30
:101F400050EE02BAFDA3AB72FA8CDC0754BCEB0076
:101F5000048F4833FDA146AEB62048CCF5B93FB555
:101F60006EE77BD4CF57B6EEF339B756223546BF6E
:101F7000183DB074D394F40075528C45CB83762908
:101F8000DCDB045BF502163D7D6A4986A89B0424D0
:101F900087FA2F206B8858BF5CE7EAD33FD86200EE
:101FA0009A0CDF0989B4B7C06E5CD04F518CBAD29D
:101FB0003169E265D8A40070CF1243BF4D66FFFFC0
:101FC0003C6D62860C8363007327878A00B526B157
:101FD000ADA39265375570C0C65B4189CB734EFA8D
:101FE0007EB0F6A2C422F6D657A7AE9330E25800D0
:101FF000D013FD9EBC7C0BF15BEB7A22B4DEAEDE2F
:10200000D031453A1D3E15077AE4DE7CCC5052FBB8
:10201000D3F2210CE6694600D097245F5703564E51
:1020200073D4BDE553C7F2186727CD5905EA861E5C
:102030002775DAEAAE5EECED9267D553EC038E00BD
:10204000ABEA56E954507271967777B32FE9359E13
:1020500087925CC5AE3BF62B853116D4177FC11233
:102060008734EB1F3FEDD3001C1787A5937F102506
:102070005F9B9718173EC01EBB98334429FE307FE4
:10208000A1BC533266E786038614CBDE590B95005C
:10209000471C3B00E04DE5C433A13EE72CE58C54E2
:1020A0003C3032B4AC350157CDF306DF502FDF2A78
:1020B00094BADEDAD5BC3E00B70316643434719DA1
:1020C000AA6C54953097F95736CE975FF3CBE278E8
:1020D0007AFBD8A55F628F44A78B33831D216900EB
:1020E0007A66FD88AE8C4241DEE1821537797BF05D
:1020F0004DF3D1B613C95CDE37516D02DF6C05DCE0
:102100006060A3965D7B8200E39C45974B500D8AEF
:10211000F2229CF6A87074C6AE87E764DC492844B6
:102120000075F49346A67D0B8437F40C9156460057
:102130008A4627967BC9305B99326AC6D8EB6EF126
:102140002E9D9452E58DEABD9D06E0872B874C3A83
:10215000635C4010CF63F400C05989C5C9DE3D47B8
:10216000E98CF86380E957E3D080458E616E0D936A
:10217000D61758CD1587A1F64336EDE8AAAB3F0038
:10218000A273689DF96CEFB15C1B9F9B8DC9130214
:10219000302E0E6733FA51C29EEDC142E901451857
:1021A0001F326E04FD794D0015CC512D8993780BAB
:1021B00038AEAE4002B99A69142FB1ED8F48884409
:1021C000D8619B8B5189319335134AFA2C5B4100BE
:1021D0001DCF84892EC1F738D185FA32633F113F74
:1021E000E0D215565276A936BA951E735214F78569
:1021F0007FFD3FA6B08CE900DEE93046FA110B6A9C
:102200004CD0696F4BC2F5252AD554BE0E274AC063
:102210002B7338A6305C230E47A1CA75C76FF10037
:1022200041DCA2771536DD5C470721DCDE14D87E61
:102230003F80EE3326AD8B17FCAA65A815667B5947
:1022400090E3444FD253AD006036C778A8808D5BD1
:1022500035B570F62066D0F62AF9D6EBF0436B3F21
:1022600025AB2FB59D1F4740DF75928B2B4E050088
:1022700067EF8C5593E75C3A0158020A91F4F5A98F
:102280005B6BA8E64083E7DF79218DA8ECE3A1F73B
:10229000FC91ED2A861C94009D4CFB6E4D89524E9C
:1022A000942B769DDC8048E395336E5FBB8A036F89
:1022B00057237AEC98402AEB56B65E303A9C7C0065
:1022C000E9CF77D0C10FF439737F5331ACE0884D3B
:1022D0005A3C6B7F2032BA38E0AF8E8910BBD44EA7
:1022E00016A0B8B523377C00D39EA8F1FD5B551826
:1022F0007A20A96625C617D524A64EE7EB04718778
:10230000C2339AF64AEF69EEE62DB50F7E5E4E00B7
:10231000AD1F1EFFE08114CBD1870BE0665AD89C1D
:1023200066F475F579BA2023EC582369A9B72027FC
:102330007F12F30511121A005CC57266927141B5E5
:10234000AE6CD32F01167E2A46253C06950191F0EE
:10235000F659889862EE02661C6C4516BB1EB700E3
:10236000258CDAA670ED28A836DEBCFD50D70626EF
:10237000C2BC6FBA814B5E637AEDB2FA7FB59B5AED
:10238000BF96B3593060CD007896124C8CD775A2A9
:10239000521233373D07874E8E68CF8447FD235A4C
:1023A0008D65DCB97C6075007DC1AF80C56BBC00FC
:1023B00046EF4697493EDDF3112EAE71A2E0C631DD
:1023C00002399575E15E7A200DC823128904F193D4
:1023D0000AE0BE8CC16DD300EF87F2A5A933861445
:1023E0004B21B74FC70C04301A8C7DCC72C75C48A8
:1023F0008B03DA1FC8F38F03F2108925C005A800EC
:10240000005E8DD58F71A076A9BAB03BD4BCF1A87F
:1024100052F26460851A309897E4CB9D73956F3EB5
:10242000EF215C0FFA629E00F43CB96B338520EC1F
:10243000C03B478AA4C3A37ED564FC6FAA0EB8290B
:102440009CA5110D00427BF1CA4FABCB2050BB00C5
:102450000CBC5DEF5A1A854EC441DBAB9FB9D32546
:102460007A2F146F80EFB01B937A95B07076C8AC5A
:1024700021BD3027CC3FBD00D617A3927030ECE0D1
:10248000F5D59C487700A019330BAB5CD07C971630
:10249000E4E2C54929BB2FDCA1656591665A0100BC
:1024A0002EC37CBA2E6AD82D13EB796982150C5095
:1024B0002F0E8FDD25CE893A865FAC002A423A0482
:1024C000545B41C84432F600F8F39C4FC4F77F21B7
:1024D00052B43766B0358DBB414B922DCA4F4C126A
:1024E0009AADB8D01E732213E385FD7B160C540001
:1024F0005F000AFE95619393962C2CC53C10B76E35
:102500005D92260DDB78F301FC6943FE6E08AF6235
:1025100020F666BAE45CD100065121ABBA9FEF0CFD
:102520000B563D70C5D9D429B1B9A6364EA12EC4DB
:102530008B56392B2777122DCFFD3106F166AC0073
:10254000620C5687382671158507C17374AF6F40CA
:102550009EAAC072679890BB947AFDA77DDBCD18C8
:10256000D05BDCF42EA2CF00A43712DE738CD0AE89
:102570005DF8623D4ECA75D963974419BB302F5040
:1025800033222724059765917A605458A864F30094
:102590008537292E93E433355C90DC23753A93A27A
:1025A00078974F52AAA37A0E23AD055BC667C4F68F
:1025B0004CA7649010A015006926B32A031B077A64
:1025C000A4B69538CA78C2B48B67253D9E35BA95B6
:1025D00030379096B8F3D9F1EFB6E17AABF67F00D9
:1025E00089CA39C3A42F4EE81C419D1BCA73B698F3
:1025F00086D34CF56991907FC1FF8A167C81D3FF09
:10260000A1541D45B455B10066E76D8C57104EA519
:10261000F3D744558EFDEFE22A0A098DA7539F1088
:1026200006B5932A77B0163334C12D93342B1F008F
:1026300046896C42FEF006001CD82D0EC5ABD88B27
:10264000994DA31F30D5D6F7D0CD73DA8EE6F98237
:10265000CDCEA162101E9D006D64B04BE66FA38CC1
:10266000BBE7457B06A27DF057E6DA1963D1A51FCB
:10267000F742341BCF5203B9A108C4099E5BDF00A7
:1026800047753A55AF3DE43D2D77D3194BBCC76E26
:10269000700875CB3DF979A27862FA751DA9B6501C
:1026A000F53FD77B236FE60093E53F5597D8FFAB07
:1026B0006F9C64807956BC9B23773ED57744A46990
:1026C000E34C9C516C1C5CC49D30F44DBEE1E200B7
:1026D0009FC0A1028567BD342B2803B7D82C7A7818
:1026E000E176422E4EC01B8D77625C85D46FA43993
:1026F0004782BB1C14080900EA30D1C1B0943B5298
:10270000A99A0F56A791EA4591433EAFF9D79EB6D5
:1027100064F68FEDC92E90FAD949E61F90751F0017
:1027200034E05479FC059E9A981EBB8AA307494C55
:1027300067064A67CB8823DE744105179620AD6D86
:102740005D2EE2BD462495007421B4EB26698271AA
:10275000F74D1AA81402C8241BFA08CD72208B1F4B
:10276000BC927AC5A8978412EB9A187A0D4BB700E1
:10277000C487525B416CE8EF11410260F9B85BB16C
:10278000E62ED028D4D38EEAA91172AEE71E92B6F7
:10279000E4AF3F6E40AF59006B0667847BFE8A163C
:1027A0005076A652A74A498E9A7ACE2066DF31F239
:1027B000B0B6C5882F3C11F00FD4A61F40F24E00D2
:1027C0008BE54B5C729B3A8F23D284BF9A4E746721
:1027D000B44BFC8419AFA2BA92CE5B0A9D28E519CE
:1027E000208E0FF4D7C19F00E8B192324BA8B046BB
:1027F000253DFE2CF7C8DC29343F4FA7C1393103F2
:10280000A5194A1C16CCA8DE4D871C50621706007D
:1028100095BCC9047E66AAF3C96139A5FBF00DF722
:10282000093516337502EC9C417D003A40613F75D5
:1028300090E045D9298FAC00D024BE6E95B1E5A2B9
:10284000E824A8DE5442F8F012E9E042065C9E92C9
:1028500071722595941AB3D7B509B690E6070500AD
:1028600021ED046E21D2E8C20604A38E5923BC12C6
:102870001102DAE2363340E6F2382775FCF2A08620
:102880009CA91312F87E4A00473EDA1BEBCD3EDDD1
:102890005B3703C7511C67FED99F593940B8949BD9
:1028A0007B4C5DEEFABBF18858E84F305C6A000063
:1028B000EE6EABCB3AFE64D22B99273DEF2EFC4B4C
:1028C00055324AFE834412F039664084118DC3129A
:1028D000BA6284FADF340900736C844FD27C159796
:1028E000981937DE006526395099318D7EDFFCF36B
:1028F0002F66DEF4E85FFA67A44AD1F5351A8D0039
:10290000C6861EDBC71E8B6CFF9045D25E548924A1
:10291000207EC94ABFFFCC2F49924147F9955A1EE4
:10292000BECDA4919CDF34008FB393EE8C07DC5EA8
:1029300014FD587ED947CF21D3B0F2D238231AC81C
:1029400073F760BE85FDF9B84A539E5805421700DB
:10295000BDD6073574A7E83BF69341A99BAC44AAC2
:102960001E6B96BDA0C072F2454C6BF2837732F5B8
:102970003C022AF75118DB00C7E6FFF8D976918AA6
:102980007FE1D9E14403AE7E3B528FB72A6E4909FD
:10299000C5F343A9425BE3191367521D6FF123008E
:1029A000591E5C2168BD54A53B57982A719A960F11
:1029B00090E6126EC9ECCB23D0815E76A02A3894C3
:1029C000D8F281F3B93849001D4A4BEEACD5AF8E31
:1029D000BCBC1580B26F76659D6A55D1F075578085
:1029E000FAD4CFD572463722E2BD57897F10560000
:1029F000AE0C9CF6B68B6C469B115EDC49D5FDFB9C
:102A000064141D5CB5AFD385032670AFD4D6CC3229
:102A1000E63DA4BEF3964E00AC18EB46E814CF8614
:102A20006C98E348582EF562711D9D7492A9DDE7FC
:102A3000DD677C8A578CDEFB5F93BD134D383E000B
:102A400079FA0966241B579142DADB43FE2B987210
:102A5000D6C9845B9FC31C4261ED788722E9D228E6
:102A60009547ECAD90408E00B29699F5379FF1797D
:102A7000049BF70ECAA31B771B3E0C8A5F3108220A
:102A800029A754AC9B36DCE05E3AFF404E3D440043
:102A90005C08F4169C7FA7BEDD7ECA17815B5F8A47
:102AA0003769F3C4BAAB4D12D735A87441E4FA12B2
:102AB000F7CB63E442A762007EA344BA272801A8AB
:102AC0006E4CBA76F799835BC0F37F214B8937E868
:102AD000C6BCBA437311FE4DE5087692F8CA66008B
:102AE000220E450005DB3C5F1AB4AA759D07E6E996
:102AF000DA719FAF88FD73D162DE5CEE27DCE3AC58
:102B000008741F37DB27BA004C015CA181B7A5DD33
:102B1000363BCB932F7E3FACBF1B6D012656A9FDE4
:102B2000543B7F68B545B3D4A532D6CB15044A00D3
:102B300099C61DDF9A172985990CD20F5A92B6288B
:102B4000498B588BFECA1491B0131E754EDB297940
:102B5000B034C3F53BFA1A00948DF1885B63AE2361
:102B600090B9C4CDE2B1851EC2D2D9C6FCBC9C428C
:102B700062500A1FF083AC75655491DCF8012200A5
:102B8000F82178F9F11896F7BAE51E45F8692F256E
:102B90000DC41B5899A63711C4C8D702EA9B369CAE
:102BA000F8D012F32342430038663D3658B2B97864
:102BB000CAF5E880AB4BF0824337460A1A6DCE5017
:102BC000BE874C66C8C2E3E112CC0C22000A0E009C
:102BD0006FEEAD4742CBD9735851BE5757CFF0AEC9
:102BE0005F62B31C637F8F8E9CAEA03328371B8C33
:102BF000045FAC4AFC903100382B214485640DF011
:102C00005AE24ED55F4D9E5AB789679ED66B90EBC0
:102C100086F4091F6E8D2D8BC7A7797407B9F20052
:102C2000CA5B6E518A03805CD91E1ABCEB6C35738B
:102C3000FF40E601B36AF9A00061DA59B87ECEFC24
:102C4000CDA7A932C61B49001FBD3A33A8C78C05C2
:102C5000ABF6427473E0B24C0EBD13F9F27AF30294
:102C60008934B71CE6C7A83C84BA1ACD0691000087
:102C7000C5EC3D905955D1803EDD090CFC99A3F877
:102C800081A9E9A98EA31A43FA392FD1E7F8F60EE4
:102C90008A3C797175D8F300FBD9EE892171F2C6AF
:102CA000A51B628347F5A1C65FE090B75764A28871
:102CB00099E417F90EC6BC99AE6BA0330B29FB0043
:102CC000BC80AA57BB21C0077A1C39194B67004644
:102CD0005709A72071ACF6A3787F865B1C4D0112C3
:102CE0004C354C1DBE86D800218897679412C74981
:102CF000D2CBC92CDF26863BD6FF69AD5D09BC1C53
:102D00007145E71078E67119253075A05791A40038
:102D100076552B2181AA12D802C50F06D92270D16F
:102D20002E987D777FE78EFB2E40C2EBEFDD6AA306
:102D3000DE77BB42ACF55A00773E09D155C508B1E4
:102D4000840D1DF5FE2BE0AE030CA6C397C7B6FCA1
:102D5000204B288962F0733AF7302FEE0F41630061
:102D6000CB99C3630A6B8FE80EC4422CC80F51790C
:102D700034298153D8E4CD0E30C3989D0A1CB70383
:102D8000EA975DA1EF8E6C0070AC9AA315E474BB5A
:102D9000AEC124A3CCA75918DD24113D02BEF9C54C
:102DA000A69D69F2F59C7A7D26D2B835ED58A7002C
:102DB000D16A524B4B1A9C6460F8B6CCA9E29AD8FF
:102DC000563FCC50DDCA4BCBA6BFF51D5C16CA667C
:102DD0008595E8FF31C4F8008EF7CE70ECF43D3FE6
:102DE000B83A701E48CAC2BF798A1EEDF0C91F36B4
:102DF000E28CBC90AD52D396180CB6B48E1F19005D
:102E00007F49B2E2B77F3871F1685E9C79319711E2
:102E1000888B22C2AF669404656A789A03034C1BC0
:102E2000299FB62939890100B16F3E50DDD0622556
:102E30007AE2AB08F3D7B63B62C3F0D9F960760308
:102E4000B91D8CCF586CE4C735DB2D38B4A699007A
:102E500098FB4A8CB8F08832E63D575539723CC32E
:102E6000CB6282B8D3AC3FD8F1E1F7423B5380B19B
:102E700093C00D4F504842000D44B8B28008A3EEF5
:102E8000D806CB7D7F969B69834BB871D2677DA1B5
:102E900004AA1145C2C823EB1FB7DEFD54A17A0076
:102EA000399D1D796AD22BF7BB68D58C8791E5CF08
:102EB00083E1F044D938C23A9F51F596155D184226
:102EC00037A2DACF3189AD00D63BF201383645372B
:102ED0001D46F4129D74BDA32492E1C9F52A917494
:102EE000FD0F6EE3F52B5541D2F8427678775E0000
:102EF000402EE86A41863143B9FFC6A56D007A7558
:102F00005F33FC62957D21A9045E6FE37193FCF948
:102F100019787CF8E2B65800DDB8CB2C53A1EC4808
:102F200050FD298D5BB2CBB8CED57BE8B4B98E5FAE
:102F3000F397B540ECA33AFE2FC978129F225800B0
:102F40004812EC2E1D3D7705B989E7A27854E0368A
:102F5000E4247B9BBC1AF3C1F83A5647C9E260E609
:102F6000D895EE417C39AC0075121795DF1BAD3E4C
:102F7000BD3981BDBD1A174F67FE26A9C2BB5BF4E0
:102F8000E137644BDC657D4A4A9F212DBB5D110012
:102F9000574A42FFEE44A2D1B5D6D06ACEB56FD61D
:102FA0006A011C0D0E4466A80C5E8BDC630967CDBC
:102FB000587943F25076980096B8A8C1CEFF87FAA8
:102FC000ABC2954CC668427707E92F48E61037FE3A
:102FD000FA01AB2273C4CA79EADB0E527C370600D1
:102FE000330A48CEBCAF7E9C254E6A532F0702C4DD
:102FF00072D868A64F745AD6A88F2C2DCD6DBD0CF3
:10300000D0649740860305001777EC61437CFA286B
:103010009DED10C8495836AE6B801E0BAAD7CD96D1
:103020009935BFE1CBC011C2AD34857694CE78001E
:103030003FFFF2D2C6460A49767C13F1599BBDED9B
:103040001B17C5D57DE4AF935473E2AE7637405875
:10305000803F94B32959C3004BC0F798ADBF98780F
:10306000EA8B21DB83FC634A73A5BB4882C1AD0EAA
:10307000E829CD614F2C5C3235AA85F99BB1F4006B
:10308000A2F1931EE2395489DEB5151C1C19AA1849
:10309000BD23205BC84D3EB49FFCAAC4F596653B9A
:1030A000E7E0E6CCCFA57D00D1731C951D1B379BB7
:1030B0009CD11CA0A37FD4EB8E996B329A0C8DAB64
:1030C0003158E5CCF828671F8FB8360414DCDA00D5
:1030D0005E957E4B1B0DEB62BA5CD610295BFA68DD
:1030E000F217F377CC73EABAEA7F578ACE27ECE976
:1030F000457993D34F31DD00754158D250C018E364
:10310000ECA5D78942E5CDA03D984E8BFC789AA8D6
:10311000952DDBC5FFA5CE3EA2821E8E592FDD0068
:10312000C29BFC5D33846FF5610EC42B7FB3D9E580
:103130006983E6231F3F739D73D3FD8AA51B2BEA8A
:10314000EDD4185CED1C1A001DA67595CD7B2B3FA8
:10315000E7709AA4003A7AE2C109C68B6658DD7D11
:10316000DF4C72A3FC62EDC5B7134BE1AE8CCF0010
:10317000303FCB20A223991F635EFA4A886401ADD9
:1031800090E9CCCC664420C6F335556D959E7ADF28
:103190009DE9AE72ED3A7A00C8E51CF174B3AFF662
:1031A000F844EFCE319D14894165E70BD4E6517E9A
:1031B000D6D51BE821AAFDD9F0CF4C3982D45A00CC
:1031C0006AA83B6F41A8AF9B5671B34C4C7D6143DD
:1031D000A035D7CC0BD81352525FE3C7CCF69DE98C
:1031E000DD95080AF68DFF006A883D21D4526C17E0
:1031F0007883C93217DE7E16C7969EB364CFEBD8AC
:103200000F81ED58EFB45E79A41FBA212EF9690041
:10321000D318F3435FDCC54925D8CF483141CE36BA
:10322000F0DABED843D10D0AC94E72C0200E622A10
:103230009B734E482E45BB008F3B397536DCF94DEC
:10324000326A452A5E3C9A960E9C4E1F3FCF5065CF
:103250004D51BC6867A7AB8458ED7CAD1E71BA00B8
:10326000A53FB1906F3C17756527DF864E6CE84D22
:10327000E15DD92FD18A9AA58D00D8BE22BEC4B9EE
:1032800044021F77F77DFB0028AD90ECF0E0C115FC
:1032900049508B0E8F129FD920CCA596EDB1F66DBB
:1032A000931895FAA5060D1CF712125A35552D00E4
:1032B000D28CC6E767C3049C8E89B562EA5A1FBDEB
:1032C0007A2DF042AE4320ECA2E81DAF9E2C0D7982
:1032D00000953610F3CE4C0055ADFDEC2ACF2C50A6
:1032E00025F2C001DB529AEC2DAB2DFFAEC564E593
:1032F000417526459F93A54DAA325C70365FA700A5
:10330000741FFE47B9A0B18FF827116332629F87FF
:10331000ACFF9047E7017F365A40E5B5318D973BCA
:103320006ABA1FDE7FC8E500A1CF4A51CFE28644CA
:1033300085BE3CCD6B71D083726D45F7DE7D2BF77A
:10334000CD6380BD3CEF0A81C68206518E4F90004E
:1033500036AEA8141EC347573A34E5A45502A380DD
:10336000C253F3EFD683CEB46A13B95B6DE733284B
:10337000B534C28B3CF3B9006CB691ED11F7410442
:103380007A8469A467B60FD48B817776D067B56EDF
:103390006D1DA01200DB83C5EEDB9A1157FD6200A4
:1033A0000D8774FFBF09EEDF9F15222C3E51773F3A
:1033B000E3633230C6F8577AADC495E006F2C8B080
:1033C000B65EE6B6E6A6D600AC0C759B0AB39FB413
:1033D000F97AD3C1CFD9E0EDED38244594CF352D1E
:1033E00099C6D97611358B6F1A32ACDB2637CC00F3
:1033F0000AE3C7333D617D712DFA115688D5EF5C24
:1034000070AB68CD28E5DE31089EB85F409509496C
:103410003C0CA81397477000970EAC3EA86BFF5268
:103420002825DAD67931A434D1B736C0A38869E427
:10343000C92C1AB43639FA37A7E5E38E82DBA5002A
:10344000BBED944431248DCF000A03FEA17FB182ED
:10345000004DDBA21B3F1591E559D548C25509BC6B
:10346000EA6A720812B9C300D3A68F39A43459C1CD
:103470006EDD700DF2B87E46D9D47250E2ED38F4AC
:10348000FE81922B1145D57B21E209151016FB0018
:103490006DC8866696077170C22C084F6FAE0469BE
:1034A000B7021C171B1128A200D231A12DB097E141
:1034B000FC382167885F5300EDC1DBFBC67C1060E0
:1034C0004191377DDB1F36C929BD7065E440C7B324
:1034D000438899BC37BC9A412AA96F1C26980500DD
:1034E000C011C0CA1096E845517AB7435E9E5E2B64
:1034F000BD7521A8FB75C12B796E8D7F199CD521D7
:10350000C461E0CB3ED8DE00A1908E6AA8FD9A751A
:10351000B179058CAD56E4DB838A854744102E10C3
:103520004C1EEEE0A5B0D015C5718908A8DC0D00D1
:103530002B07D9707077C80805199467048753B5AD
:1035400039A660ACAEC4BB0DE1FE6EC9D68E50800C
:10355000A7315BA69BC30200C776F0607B0661AE15
:10356000F01B24CFF15514E5EC7F0F987770342FC2
:103570007B4B28D79BC4399AA773307C06F704008D
:103580006BA683F67F0454A10695D20F10D88B0C3E
:103590008FA51A2F4BBB508A556E6348F359717C27
:1035A000AADF22FAC7325300FFCCF4DA3E5D250AC7
:1035B000CB09C581B445CCB2C518EDBF352C57F841
:1035C000B3435D67EF218A7E4D9D9F68D5615200B0
:1035D000C2364F86040FD327CEBD7D292B6C78339E
:1035E0003222644462D8BBC9D3005108AB23597955
:1035F000B9A6039B7DBB7A000AFA4FB1879218EFF8
:1036000066973AC6BE92929669C5B9FF2FD4A41A9E
:1036100062E5452971F8EEAD2204E798E185C10025
:103620006C0FEA6C1CDD5CD4D2BFC5B365B2FC3252
:103630002D2FCBA612E0A9B921411DE8B343551C9B
:103640003020A7412671A30089543F0997399AB0C9
:103650008F3D989287782056EF28505C6579D8F591
:10366000311DC5C6BE4B11C8330E2D67B0B34E0019
:10367000B0580B39176D189F0A48734E199EE9A16F
:103680005B65E607D36815FB2562A7CD04369987ED
:103690007481CEBD787FDC000BD70EF354A0682870
:1036A0008C7A5ECFCE4C244B5F1FA17790BEEF9AF1
:1036B00026AFE3C985CB19F909D8B6F4AFC39C008E
:1036C000FB99EE176DBF2666DE370E7AA5ED5145E4
:1036D00057D83980F47CBE4D66C884F8C3B84BF91E
:1036E0000258CE9D9B1818007292E2D245C142D773
:1036F000734D3B088F5A2979579A5925B2B01F6AE2
:103700001C365044301E677D5884E5ABE3858F003E
:10371000D62D13CC4B9FEC95F16F9214BAFEAAE212
:10372000C92E3263918F14727C8C64EF9F86B97AB4
:10373000DB8685E4C0225500767D63E01BD4313AF8
:103740009A4A0F81182A6A8915333070DFD11A5FBF
:103750009874920952A9493392FA6E24C5D3CA00CB
:103760004D99B6C7F2624D274EF5D2A2C8F383AF8A
:10377000BCEB9A5FF97BA072185DEC63529AB41FA0
:1037800056743DF8A308430007A10466D092B92FF0
:1037900035ABDA418F6E80B6C982833CE709FC7C89
:1037A000C2A5D8924585531909D8F5051CB38200E6
:1037B000E1018C95063443E8AC9A657472E54AFAE7
:1037C0000B46FB3899754247AFA5C9CC07F5482D84
:1037D00011CBEB363E612E00B456CFA11B4CC9E491
:1037E0001677BC7B0A558BB852F44EF7AF133C7971
:1037F0007484E7ACB3F36943CC5960AA532EA80094
:10380000DB7FEA07B2EC58B84A44F8B4B17F2D6CBC
:103810002AF1300074EAF92060E632DA75A2C2ECCF
:10382000645B9D603EA001006AC066AEEE362EDA93
:10383000683A60C4D107111C3636DE11C0E58DD957
:1038400036C30E566564080B4704998EE468390048
:10385000D0771091670B82F33A9017A8B0EF8438B5
:10386000A8C77CB723315DB38BCA24793B610C8F29
:103870005318D5587F18030091E39F7EB0E7A20B41
:10388000B3F9BBFBBA0F93BCFAFA736D53E973CC6F
:10389000EAEAEDF5094B75C4AD05848FDFFEE30060
:1038A0002F1ADE05FD639AD718828588F9B9181496
:1038B000AF0DB28CCA3EAF39A59608F872F5E59205
:1038C00004A13F69F082460018D85CF67283F7E2E3
:1038D00011ACBFCBE04E4913F147280EE4C1E442DE
:1038E000D60FEDED953505780ADED3F36ACA2600CA
:1038F0001E7DA0AA69D288AD51AF600078A7786517
:10390000A1EB96E6624F263B1AF1ADF5B384FFA515
:103910008F34D20E07712B007FE4403AEAEC9654C4
:1039200032D072DAB9E8458DBA70901510E6726D32
:1039300043DD40A516546C170D4115E20330ED0030
:10394000B6D0C2C890909959F2321BD050DB5F09B3
:103950004ED9FFAF1D2E40D1A55B9AB17457246E8E
:1039600082B0975568C0CF00C279FF6EC1A36DEFDA
:103970004FAD7570A1792D8A1144F1226CE1C3B667
:103980000886535F88D1B38ACDF5E7F9A8DD8200B8
:103990000924B3E7858C7221668B734C3F30305716
:1039A000442ECC71C80474DCEAD6B7B9CA1000142E
:1039B0009B14481EB2F5BC00F1A616BFE1ECA15461
:1039C00060D42DF11EA405285F0498B82C6B38979D
:1039D00077ED13B1154E37F3C0D9A174EF39580004
:1039E00009E5C2F5271A43AAC4A10F530D5F9958E0
:1039F000C30A89C19F8D614C0D794AE25415AA7999
:103A00003F725688365A5F0021F011E88E0CE6B9F5
:103A1000FA53838A019BDF5BC9B06180E2590D587C
:103A2000171C55B6BBC7DEA26C12E2316B6DE60007
:103A3000A6D7B08F050284DFAE29953486706F5FFC
:103A400093014F6F63E5C3B2E762E8BC1E6B144499
:103A5000009981A3ADEFCF0021ECC2406B3B11BFB9
:103A6000C77BCB38A386122ED3A29C2A0A1946BA4A
:103A70009E4D04E48F32D0644ADFA86521D6FD0054
:103A80005D244F1108ADEE48D3B3C0CD55A0CC8115
:103A9000BE36D4CBB8CF512F7BBB8AC6520E6F58DF
:103AA000B837C929C43C2300DC7608CE2CD1B71D19
:103AB000B54062B4EE2042307446D1D7DE1828BC3F
:103AC00019101A90CF5A25D0C7AE3CBF77D98900BC
:103AD0007CAE6ABED1E773C493904F8286806DA49A
:103AE0004A91174D3930D5CA3E0729275CCC50760C
:103AF0005DA51F54831CB3008573A281B5E54BF609
:103B00002F8A34C1468AE1533EC4A6356B99582F9B
:103B1000447B8F0D519B985243E06900137F120044
:103B2000E079A25DBC4C8841FD81DE06886D852070
:103B3000D1ACCDDD5FACD149314697007BB8D65EC4
:103B40007ED0079221431900171912FF1BEE348A09
:103B5000225DE1A043A699488F7BE9DE45FD9E5397
:103B60004588362763ABC6AD4984F902B501DC0050
:103B7000AC8094CAD8830CDD9E2B3A377E04F21DAC
:103B8000F2E65E965BD8EE4B7C423B02C700717753
:103B90002E8CE5BA2AA5C00048C8E69784D6F6A3BD
:103BA000F8F3D8EFB09718B35863278F0CCB40A920
:103BB000AF8C0CF8350471232E7EF9300B4ECD00FE
:103BC000AC7B421957837DACFBD018389928600232
:103BD000E130E5F4DF13771DAF1B8210A0516ED0EA
:103BE000529A104E03149B0067FD01D173AA25D988
:103BF0005F1690BFF07DD0BC5F3CB9426F61E2457B
:103C0000199AAC6916A57C4CA40099A26E6954005F
:103C10000EBF9BF4842A0A67D419EBF772DE6D0B92
:103C2000C9BB689EB8414F9103267E44A646357FA6
:103C3000373579FBD080D9008C801FC55727523289
:103C4000B764B6453F97A4345B2A806F0AE5F81144
:103C5000F5F173F8757A30D7C4157CF7D76814007E
:103C6000AB60F1905BA3FB8621708A076C88B597E7
:103C70007D00B90AB691CE306026C97DB079BE5CB0
:103C80004C8D0479BA3BA80061018E4FF41D91CF91
:103C9000E7C5EFCFBF93ECF46DBA521F8BCD54EE56
:103CA000C4E72CE9BD5D565388C16C2A1AD569005A
:103CB000161121524DDFA885377B4FF4E3C28EECFD
:103CC000A04CD3AB15E863D659D7742A6FAB3B3BF6
:103CD000EC20B78ECADAC3003075A0837462F62474
:103CE0006BE83852D9915504226432F8926ABEF7D3
:103CF000B6BCC233CDF34612D54F8A9420DEBB004A
:103D0000975F9309ED7E18ADB98E13E4B9522BABD2
:103D1000C5E27ED6C4D3D41D6E96DF770B1C5153FB
:103D20007EFA5E31B67D7F00AC5485D0BD0F8D86A6
:103D3000E8506E0C69CB996F7BCACEBF030F11514F
:103D400058860CB54CACB4924709A44C64499E000B
:103D50001F79C473AAAD7DE21B6DBE3C1162F77082
:103D6000AA9A0C2D75555C8F79991EF589CE4AACAF
:103D700007EEE4EA215F9F006C8FA261B865CD7FFA
:103D8000D6B52D0BEAADCBB5BC965A76BCE2B5479D
:103D9000B86AF8B21422D69D38C1AD4F2D74CA004E
:103DA00022FDF6AD466FB5FEDAE8ADB2D96E70CD44
:103DB0000CF6FD96820211A4D52F1F7F3A539A0765
:103DC000DD6DDF9B46113100C6F32BD311F23F5658
:103DD000706AC481EDF18AD0C4001D5403DD92AF36
:103DE0004DF33ED82C19587B0E4B42570069A60064
:103DF000B704B4F204F87B804BDC97F4BD6B1D7CF8
:103E0000B9C76A2FFAEFD42A00C93D5AB21F6F3BD7
:103E1000A8DE8AF21E074D002B66A7E6A21A4F62A3
:103E200072FF15631D3C2B5D89BB30BFC79E856E3D
:103E300085CE0010F9B2E36F3F5831C4A38CC300A4
:103E4000A8291018217ED795FC5D0B7F22F2B35470
:103E5000E3728DB7B78F3B52E97AC3F6CEBC8E4082
:103E600041EA00775FB46500C08EC516A1710A9B58
:103E7000C7B5A58A5435BB4DA1E8FBD275570BCE0B
:103E80008C92DE6B65F5780020AD7446A05E57001D
:103E90004EA0B02A22CF742A6133E0EA90A7505690
:103EA000E5EFF1F4DC9E926F3E05DD7280D101D327
:103EB000640618C026F4C20075A893E54FDC061608
:103EC00038E7A09F146B4C6B74093231CB9635B830
:103ED000F9FD5A1656C72AD89666F229B5616600CA
:103EE000A4A171EFED5F24967349C7F31EF75856EE
:103EF000F9E4A131EAFE214CE7813D0ED425EBA780
:103F0000F552307248DEB400B9ED9032555520C0FC
:103F100081D5E7B1F4E2A99B46D09F2AE0169148EB
:103F2000FBED958AA5074981FE184A4A94F2AC0038
:103F30009A1B789486FF6A070A8F6453DBCAA65ED1
:103F40009C9F770FA84E757823A42630CD06735317
:103F5000645CFA490526AE00FA74390D769F2C0E82
:103F6000F98FB93B52262F983FF0462DC1C43F2D03
:103F7000E9B85D50D621B7438C28581D0F2CAD00F1
:103F800020C6FF33A353F2F7668FC88B5411E7E7BF
:103F90004C3D41ADA6F70D1BBE8228BFE316D314DE
:103FA0004B9F43F6D501F6001693221336F4E79D96
:103FB0008E64904550359AE19A6DDBDBB351FD5A22
:103FC000CB5C7BAA3EFB1EB896E22357A2DAEF0039
:103FD000F6622136E43638964B2727DBD04822F5A7
:103FE000B21658C0FF3A91C7DC4E334DD3CA1AA25D
:103FF0001BE5FE466E517200D3CD8544ADBB4CE946
:10400000EC79960FDB42DE3EC29DD76BEC4CCD9B2C
:10401000ACC2A70F72784BD7E89BC24CC16C0D00A5
:10402000756236D1E236A35DDA33EECFA5B84B7FA9
:1040300062A5996E49F1502E14ACBCB9703B3D0A93
:10404000F4581094EF8BF100BFC43AEDD7E86B0140
:10405000DBED933E17919F8636A3414E417C600C69
:10406000BB369CC1DD8710C863481F524BF07F00F0
:10407000A68CCAC941D2FADB62B5051BA0FD54B8B3
:10408000A89C1FD12B33E78DDE8AD2D67777EFDF5E
:10409000831F5C572622080061456AE6FA7132598F
:1040A0002BEDA3E0162EC1D472C2130996E5683534
:1040B000FC842AA07660C9145E450017011A5500D9
:1040C000C510DD04BFCDEFCA37AEACF6EFD09C31E2
:1040D00036A2C334FF74681C8068B2A0505FD7ED6D
:1040E00043115DFA5176BF00E3EFABFB7BA9827A07
:1040F000F94A84C6AD399A8FEF5AB88C8014E7F02C
:10410000ACAFB108E2FE39638FAEBABDF8F3B800C8
:1041100082BE8DE5F4B42431E2D24905185F78AA55
:10412000A79C890354C8E60771718FC714A2DF6E7C
:10413000B6366287BC4A1400BE1F39AE6FD6DCFBB0
:10414000B90A83207F9C74D1AE29C782FE408FA319
:10415000262E2DECCBFF1B0064E5D4BA4CFA2E00C2
:1041600013954DFB86FE5DD15BFD6097291F2216DE
:1041700083821D4FDD483ACCA2FAFECEB2BFFD5578
:104180009678FD3542523700976EE6F2DEBA6A9FA6
:10419000DC3CB7864A00CF6A90500480C549009C39
:1041A0006B182169A4DFE8ED59315BD19FBC920007
:1041B000948F1A2DF5A7FFC319A6BEC4B633F0D14C
:1041C0008CEDC1C0F3946A0CBF497E189B7E92AC03
:1041D00043D51EF0BB11BA00CFABDD4F20F410D396
:1041E0004B5C219EB5219BDA1D6E85496E281520FA
:1041F000EE5554247BB62457F747034BEA87150046
:10420000A3C45212C3A561A6A937A2BF0D4E8FE465
:10421000054532AC5AFA95F2DE4C4EB855FFEF0E1A
:1042200046BF7BEF05956000A23764006ACA671D30
:10423000C6E428D9928DF32BD2723C3E277DD6E678
:1042400016E687002F19B09DEF241601F6512500C0
:10425000D181BE00964AD225EE2BEAF28D96CC652E
:1042600013C3238938D5167A1F8DA8BAB990B2F036
:10427000678E07861C26F800AFF051B9CCB6717472
:1042800078DC2CB7318CAD1D241EACADDD67868685
:1042900010F0E278DD1FD9F0FCAC772DD8CFA2006A
:1042A0006754A88A9C850408CB260CA2734FA78864
:1042B0006D8ECB1F6EA18BAC54B7E1BAE53D1EB13C
:1042C000B74B9AE135605F000611552366FB9952A2
:1042D0007B76ED0419D09F1CA4640E640BF12805B5
:1042E00044C7E729CE53F1765B45AD119EDB27002D
:1042F0004D9883A0137FB873F11B7D784A402E1A26
:1043000092DE034ED177B3A7E69DDC838E1BBE28D9
:104310007EA5E08CB3307900CFD780C924582AE23B
:10432000C69669B0CC4E5B95D8780B08E2C428B02D
:1043300014BD902F8F9BBB6986CB115E3B1AA900E1
:104340000DBA1F685AE0E53C580422B1D32128B5C4
:104350000D57C0283EF3E4A0119C6E662796D20F3D
:1043600098588128F6E6F7006AD33FED33D80FF767
:104370002EBAE64C42A046FE20691380B41B0D996C
:10438000D71D41F21CEE59CBB64EF7CE052EDB0001
:104390009727998AD49E6CFB8FACC01692AF0B2BDB
:1043A0009D9B695EECD4C54BC99E75ACB3AA9FF3C7
:1043B000DCA12FBBA92F4E00844C77EA7D0D13683A
:1043C00046CBD306F7412971CDF3C141A0ACAF294B
:1043D000308A2058D9F201281CC035FDB0F43F00C6
:1043E0003CC8C6A1EBD645852219CD8DB8B97A87D0
:1043F000D217BE93DBD8D93BD7E96C9894DB110375
:104400001F974D1465F28200979553EE320B60B5FD
:1044100032834F9A6005574FB1AAA470DBF8FA3B7C
:104420007ACD037A41A23E461D71DFED7F2525003E
:10443000D1CDF51613346CC746B8D37C406D3EC859
:1044400087DF84D200946B4907F52D834D0CA44F70
:10445000FBC43E1113CEEB0076B49A4917E7EBC7C5
:10446000B70EE6BEF0A16D7FE4F519D39D66182264
:104470006485A17CC8785A5D287475B25C184100C7
:1044800041FF933E7846CCE20781B5C5BAF50C3EB4
:1044900033EF00FA8B259EA54BE7C4F9AF9BF224BE
:1044A000218846EFCCF024007680DB5D454FCB8839
:1044B0004A3896325B150043DD385979B20E053122
:1044C000C13DC6D780FD29C11133069F380EB30008
:1044D000C9D8B87A543A03C4F7C8646D9E35494FB9
:1044E0008D4CA11BC04F8A08320911FEDB8C05726E
:1044F00033CDCAC556A19A003B5DAAEA571FD937EA
:104500007A9437785F5DB563B3893CB2EB1265ABE3
:104510006E0164544ADFECC0BE16851B3EE7840082
:1045200018BD4DBB2626A72921A058AC6F296B7159
:10453000260BFAC916D39C69D8975544C7C7B0B99A
:10454000547194F0E27BB800955CE84D5EFC37B5A1
:104550004D0900FEADEE6FFC8DAC732048C30F8497
:1045600048F923CDA85A862CDD84A3861651740001
:104570001E566335A012A65828C6C2D8A25B304981
:10458000D71BC58A90304DAE5249DFCA219F01CE5C
:10459000F5DC42432B69730047F47E9AF574BF78CB
:1045A000A5B17053EFAA1EEC0F87B474ADACA0EEAA
:1045B00047125AAEE27CB4998E8FE9CA58E7F700E9
:1045C0003ABD08D3712E5E94BB05E33BCF9BE83F19
:1045D00064F3674E66EC490642C4D73997A6A26ECB
:1045E000574D0383428E77008E90879C28A2CC453E
:1045F0002FE165312045EA56888102D7D4019EAA71
:1046000043BB25CC7CC6175F78EF32D1B7E7F70004
:10461000BD20BF5C4F048CC75234652852A4E2D23F
:104620005FBC27053F6572FA2A15C56F42D3858A9C
:104630002EF87429076E47004DA7C27DC22C27B5FE
:10464000BFC7CDF829F41A6AEDBAB0DF81A3AFDF96
:1046500050DCD6F1ED7885113B4FEB438C8B990004
:10466000D1AD54BF5D2751B04DA673CFC69B7CFD25
:1046700080F5939A71DA422A795B5618A90C32BDFB
:104680002D2A061B6322DF00E7D918E983E0355C99
:1046900054DDC642365B92C9873FF2A21E2B947B43
:1046A00014BA9E2ADADDCFC372C11D66B9F64C007A
:1046B00024E2BF3C91A60E2D1822E2B02150BDCAC3
:1046C000813325492FD831F5AB61C4A1C86085512C
:1046D000A99A78DCE10B99007D21E37E02A0B3D595
:1046E0004943516472D57DA427B7BCE3A6517FBA74
:1046F0009282BE3650EFA0C5E6324D8A1C95C400AA
:1047000043143F1655F318E96B98862F40B0C1FC4F
:10471000210FD7AFEE4032EACFEB7045D951F40DFF
:1047200019ED1DCC7B795400F4164281E287A795E0
:10473000B2B8A2A2BF39ADC4EF36899184959B422D
:10474000D2F66C295E4918B96B11C8E5A2F00000D9
:104750000FAAFF434351590DDA0238D45747C0ED31
:10476000FC6674C7DE4FB5466BFCBB5366A9701B75
:10477000330348F0AEF87E00856F207FB385F9D60D
:104780005C6A1FECEB8FD959CC824FE5A223B40EA3
:10479000822E46099A0D7A5E7FC4B7A52F6D6600FA
:1047A000FDCA55805CE2308CB9312412E4F197E403
:1047B0006697113695B1F43FE419648B48BDAB564A
:1047C0009438F939E3BC0F00BDC0DA8E3870B709F0
:1047D00043EB5FD95CD519C23F802B05A0CA548C2E
:1047E00026DFD85CA4114B45E9EC14B2A002BC0052
:1047F0004168D36012D1FDB2B95F4874766020D7AA
:104800000482B85DEAF58C6B87917C6622B3A08E3A
:104810006D4A16BC943A130094D3FE6913019210AA
:104820004E44C9C58E186E39A0975B7DDFF2F6A0A5
:10483000E644CD372E44B0B65C8174348412420015
:1048400038896BB624A6F6C48F5C6FE0D21D83FE58
:10485000CA9D6B774502E70713C11E2B8CF89B1C82
:10486000DB41A0024A261D00E23EB3DBD5EB192B4B
:1048700069828DEA4D6349896AF3DDA27089A52EAC
:1048800066E2C4952AE2BDB937077C4873A3D50018
:1048900040329AF3B6912DD392B65B584CAB9060F0
:1048A000FBFAC880C31CE3C41C6C8622FBABC59416
:1048B0005E3E7BC5F68A2E00E4B49B1438FCD53BE3
:1048C0000AC813376981A10E8C77E4B00B7D3224BE
:1048D000BB3F4B2A600007D01FAB64E48328A700CE
:1048E00010BBE3142A1EAEB555E000243CCD97055D
:1048F000DB8CEAADEA75777FBBC455960A88E05336
:104900005307DB9B0FB86200B721C00E1D9B79AB2C
:1049100013462AAC0EF9C0AEFF4FAA267D7361EF95
:10492000E58380570F0E2BC2BAFDCD575F14C90027
:10493000BCC15E525196B6FC13F626A0525561AA30
:10494000EE60BF2D9C2E9C2848498C82B810AE1C6E
:10495000FC255724B6C5CA00845AB521431A6FD026
:10496000F0FBE0D2E48C95C18AEF6469BEB4E5EF58
:10497000C491CF6B5D6BBE0A04723FE2E55D9100AE
:1049800048D337D3E1C86D6FFED63DDA278BB5A08B
:10499000B2ED5254ED45CF2D7F8E996BEBC6A5330A
:1049A00091CA26626E5157002D8859698DA91C48FD
:1049B00049AFAC06618D8078447B932938BEE039DD
:1049C000402E686C20308685C78DB380EC92DA006B
:1049D00060F17CC8D61EA8F90EE8FDC33CE0D714F0
:1049E0005CF636572D760B51D1CCD52A55974DD73D
:1049F00017D2E9258F9D3E0021DA30C46AF37B256A
:104A0000FB3213C36138EBB9691A3F19B3EA98F363
:104A1000EF5D40F826D33217633D366E954158005E
:104A2000196C89C3042E1F9D791E306EEC1A12F189
:104A3000115DE17FFEAA6293D0C6BE9EDF19955834
:104A4000E8062C46C85C3E002607590BCD482C24AE
:104A5000599D0E2156013C6064C997EFE5799B5E34
:104A60006A7224BEFCF963AA337A67BA2F9258009F
:104A7000B11B7EC0A7E01118F68D133046E1AA6C79
:104A8000C55772F7C50AB36E06D80825F7833C4AA6
:104A9000ACFDE7659F39BA00F6AC5B87BEC90390F1
:104AA000712C0A14DDBC4BE5929B0F43A1C244A6B6
:104AB00082E97152AF93622DAB8C993324DB4200B3
:104AC000BF7894453A50971FEE3EF4C1EF4398D714
:104AD00064D996A84C90E7989E7854F1A5EA61C0F5
:104AE00034E85786C09E74003E8AB19090E565B068
:104AF0007722BEB226BD9B7707B7CB6754588DAAE5
:104B0000EF754C4E8C5FF02006D6AB9508FD31005A
:104B1000FC7D6F11F02462E5B772D0EFD84115D655
:104B2000EE918411EC13E8C6BED8B93BAD7C4311BD
:104B30005D289AB2C5E11100F36C40151FEC1C1FF3
:104B40008B6B4841B8183A59267BE54779B584857F
:104B5000B1A303F0EBF24BA1AAEF9B26021389004D
:104B6000B7DE71CB1E3E82EF876A8FF24A1DA30328
:104B70003A2EC5928E83D0C8B5ADA809AAEE3DD312
:104B8000973E7EE74E5C7200CCEA8EE1D25F7F6B8F
:104B9000FA5EE2F82B7DB1DD95231339CBD23C1CB4
:104BA000FAA1EB21F66A9C908D9B285634B32D0018
:104BB00007B153CA459DFD0E087947ED37ED2A042C
:104BC00071AC14C528ADEEBB135056A943BFE49099
:104BD0001CFC9FD26A1D5400963221F7035AC65A14
:104BE0002F9D7C068419A7C72FA9B4204561498B46
:104BF000E9E5F49C3870372E4D81A57977936700ED
:104C0000FF7ADE6A0933FDFB31AA2379E700E58DDF
:104C100088C609B1A1281F26D57D7AF95977A16EDA
:104C2000E2549376D7722000131E4D50432B6E131F
:104C3000C036F8AAED811761CA9128170848F4F325
:104C40009EDE2A88FC6B650A951ADF7E42D55600E7
:104C5000F77FCF63302360CE2803A6BE2B42B3CBB1
:104C60009FEB627DE1A3536AB3101C213FDB2BDC79
:104C70006DD4A7CB64277800286324F3E731B511FE
:104C8000D44734794775DEAFC9EB00509B75AA85D0
:104C900067F54C0A6F429D5184050C7BCE78B900B4
:104CA00031CD61696436FCE122E2802DB61E4933C4
:104CB000E6FADEAA08395365CCD2D315518558449B
:104CC0000886345088C59200E94CFF11C5538C21E9
:104CD000D23C46E2CB105A36EA44A979EF52C006DC
:104CE000F22A1669AA9201E3A160EA23984087009C
:104CF0006C4025145134B521A5F07CFB4178E71CAC
:104D0000C0251530128BF885A0E0EC8AC40C3F1446
:104D1000FD33B583CB396E00D62CA9EDA53D06AB8E
:104D2000157F1EE4AEEF73EDC4BB05C2061282C14F
:104D3000497326539B3AAC07A937F5A43CA6230038
:104D40008180DB6A7EEB3CD92C5068B298B4A926EE
:104D500070003A7B3DED4F2A2ADBFA00FB50EB1D39
:104D6000C2CEF5BD94A955006C4E58D74BFC994660
:104D7000B7BFCF047A0B5757B2425C2620433BB5EE
:104D8000B37EDB5510617F232E90FC73E3D4D000FB
:104D9000220BDBB7CFB4258C3E99F3D6FD691DE815
:104DA0008F1DDB86DDF6B77A26101C306C68E1A516
:104DB00007C5B1DB3BABF70029CE8384D18629D26E
:104DC000C07430EBDC1D24C330D019548D8E5C319F
:104DD00002C8FF718334075E70D9A6AF11C877008F
:104DE000EA62AC882AB6FE4225B214A99F00B186B9
:104DF00038EE241E778274F1E0B65A1362B64ED5AF
:104E0000C0F73B91150EB900CB75242266E3E77E0F
:104E1000AAA06E4735D09F2DC411D77AF12A6B1DF9
:104E2000AB1266EDFF78ADD546D4140CD8CB2C0070
:104E3000924D5AD9F46D347CACA501DD20047D423D
:104E4000557D59E3DA976B3DBEF215363C31D648B5
:104E500001FC84B1DC069E001C66B3A0DB26E6796B
:104E6000BD4B970BA9250D6D7E8AB8D88229A27EED
:104E70003263C011471DA5A9C279A783DDBB2D00F0
:104E8000D9D3A8824953CB22DF499DEBCAC5C39E23
:104E9000026F2AEFE302FCB84EF9E01DC3DE2BA53A
:104EA0000D28BC914FB19600161197876B20659D18
:104EB000F13206DAE8A9B21425AEEA8DACADB0A99C
:104EC000A66543196D92B80A122B78954914FF0014
:104ED000451662270E0D63FCF04286C0A289DA8B6C
:104EE0008F0A1CB877CC19633218B350BDF1A5F303
:104EF000F29553A7C5B4A100DAF05E27279414FEFB
:104F000071AE5603430D679FE3BA2CA8A801030BAB
:104F100047C5F236151EBF7D96BF20ABFFABA00084
:104F2000585EE474FF164C863804303B85F15DFE14
:104F3000A8EB07E1E4F8BB2D314D1AEF5A66E1B852
:104F40007AC2743F80F52100F6FED38C7E857C19F1
:104F5000AAA6450E6E341DCEBDBF08A737AE9484F9
:104F6000EF57180BCA81E8981C8B022C75B2110000
:104F7000D232FEEA80E5FBF6C35028F2D379B62A96
:104F8000D1A4A39DC665449D8157A2160BD278D1AA
:104F900032ECF56472B688007CE31FFA1AF4CA504A
:104FA000816B23DA8ED5B052E81B2EEA6E66A8BA62
:104FB000BA39A951C9DC6243A21546E8440A130074
:104FC000B2391C9301CF68089212DE4DD74AB69EC3
:104FD0002DE60A7C66AC2C264CD5D1DE502B0D0E6E
:104FE000D0E8214737E54B004B8C9D953924027C56
:104FF0003CD5BE2EB5C8017628A9E9D05FBF025ABC
:10500000769CD2C59E06424732E50383A664220001
:10501000C2E4DA0E228CF01F1DC34D239A11E76003
:1050200087FB2351D045A319E6A1B51A4DAB417AB0
:1050300080C31A5A5F11BB001D4B9852F841E5D44A
:10504000B88511D3E783DD781F06B3493554261898
:10505000790F53F938C80ADD9D6010EF64FFF20044
:105060005A72482A75E2F5BBF778D98A4CD6F5987A
:10507000B38052ED64763C5B1CBB25877806DCEF81
:105080002C0171BAAF9F480041AC8994491C396B1F
:10509000634099A2448A2AE1C52B1E2A5B194672F5
:1050A0002817446C7E2BA0BBFD571C99080F0F00DE
:1050B000CB782B1B5EDA2931F5321E74CEF851D233
:1050C00077E005A85B0EFBC9E4A0D3DD5DEAB6A0DE
:1050D0006B7C217A6201BA001F4AA056D4C8981A84
:1050E000B592EB25B38C847AD7D0783F2A7AF23CFC
:1050F000ED2014421AD839D9BA9EB03BA7BD510051
:1051000000211DDDD09A704ABB8C90CE078A74F4C2
:10511000EB66F670FBF7494A81632250D2185E2B8A
:1051200005555D09295CE900E4186F1ADEDC35835A
:10513000310319B335D5220E4EB8D76109FAB95CDF
:10514000570828EE89A4BA137FF062364B66BF0079
:10515000B59C3FA6568363E8116F48BAF1CE2DDFA8
:10516000ECA7B9719416F951A0B82E6AF8D6594235
:10517000E11B2B90E75425002DA244B990A2174DB6
:10518000D9D88160378E613A08E6E97E90EF4327EF
:10519000DE7CBB198AD149833025871D5150BF0061
:1051A00007F1886833B490FCC3553EEEA9D5ECAA4C
:1051B000F048243A1F52DFF35847F4C7593DC21D47
:1051C00029550B49D1F78100AD7356CFC333EE900B
:1051D0009AD61A3F84F3E152C7EBF6CA8658D9F043
:1051E0000C2412F8D13B8C71B62AB0CC43988600BF
:1051F000F00DC80A6D594854136F0D5FC937668E9C
:10520000C9A936DDBF069AEB5B6E59C48366961852
:105210001E380550105B49009879AD23245854EC92
:105220007877AB509886271166B098858CF738A7A9
:1052300038945880B6CD0231A1FF0CB34C0E7800E3
:1052400034EF01A615F1A1C692276454B9FC4E5B58
:1052500084DA58987603F0D03C83576B3EB91C062D
:10526000A0584FB94AA5EF000A7E1C46656D535100
:105270006B3488243CBB39DA35EE9E5CC3EF5FDBD0
:10528000758B6CFE9C23331957B23D4829C9F80031
:10529000FBF42CC44B38108452317FA5167A318B25
:1052A000295AE0354E2C58079BB54BED3AA9283EBC
:1052B000D37CBE192EC4E800E6B8620E6DD0345B14
:1052C000309233F605D88471FCE6A626B585E57CD8
:1052D000FB4E46EAA61E78D80424C58C0743A600D8
:1052E0002C2733C79E2053E3D3B9EE195AE32BEF93
:1052F000033D519C0E0BC0426312DC8B2EBDA627D2
:105300003B84FF9DA00F0C00E852FB05BF7961585C
:105310001003E161DEF138CA951D6AF8D709BB8F29
:105320009B202B81DCFA5109D491B16C0F12B7008C
:1053300088D98DEFFFC968D95AAC1193D69079B945
:10534000868E8C0F1C0FA2862F33B6C982D0C2DC8A
:105350004FF17D3FA0190B00347829104DBFB91FC4
:10536000434F1CD4B2FE32202594BD02BE2B5EF109
:1053700072D3A7006BCAB367E04E939CCCD97C0074
:105380007A6C579F0F0395C96B9023137CA7230F4B
:10539000DEDBE16A558DE32BF840D103B595B5AB63
:1053A000CCADFAA3A103BE00E031041FEFDE7B32D7
:1053B000CE249E86110127F0F83314A2A1FE82BCF0
:1053C0004C221E097A0FBDE1C54905500C862A0002
:1053D000CF78A07E071183DDBA60D6024E91109A75
:1053E000216067F5710105066437CCA7BC641252D1
:1053F000B95886950566960060C7A1A6405B552DF5
:10540000E997B4F6F2A1DA096DCC2FDBDA4B6A1317
:1054100025314EFC9B42FB7DC5D9B6B5FB1F220052
:10542000CFD143C8DA0C5404D91242A3F5D372A0E9
:105430009E813E822BC97058A0F5C9134558FF8E36
:1054400019B5AEE15A242400AF90D7FC1F5982143D
:10545000EC351C206286FBC1AC85B10445A83470D4
:10546000D6A6A6119903904BA8A2B02E4A27CB002E
:10547000C3DEFF19AA8F1DAE72A9D022CF30801AC9
:10548000A3427F8D4B7DF49BED63B7B26730C5B807
:10549000F4EC453749E30100AEAEBE4FCD1819B06C
:1054A000C80F93837370024D6795854E751C06BEB9
:1054B000EED8032F9D6D72F2568561520B2ECD00F2
:1054C00088C882308D40DD7C20BF91C3DE75596372
:1054D0000A1A53CFFA0FE5AAA11B39D88445A7C6EB
:1054E000B00EC72156AECE000B80C95A4D2EB671F4
:1054F0008EB5323E8AD72A8E6348ACF4BB656C7495
:10550000C68DCC6F51DDF86F1A6AA40BF064B3003E
:105510006D76F1008BF4506523FB643DD0C120E72C
:10552000FEFF5A15A961B81605C2CD53BFBE42474A
:105530002A54DBBF923DFB008D2E5F7881EAC8BD07
:10554000B16286B617D2E56F67893CF97960EB4A9C
:10555000059193597959E792D8662E421FEAFA00CD
:105560003AD7D1AE05958410D723A25086C5ABE0BB
:105570009B8B4876E47F6934CF58D0F7975B0ABE9F
:105580004896C00B5AD9EF008481752C2B33E181EA
:105590009902F88C8DA1BDD25B6582FB0E7E4D5EBB
:1055A000105ABA8C77F9C73B55A82F8539D2E1003C
:1055B00063334ACBCF98163D743A9EFB169CC87451
:1055C000E50D3A13B3E915C7BBD9A10C1C7A44BD4C
:1055D0008BBFAF62BF99A000AAD45630EBF283DC38
:1055E000C1AEF121483A7F574D022CC73476DB819A
:1055F0002D61806410D6879524E200259DC8EC00BB
:10560000D86F555D60FB5F8FE56D40BBA0D1E41A9C
:10561000B6243002869AF0107CA040AD4B630C9CFF
:10562000E04D51444B578B00EC6597AE4DE7882613
:10563000A30CF4EA01DE181F29EE1C873B2FE700BC
:10564000F2D5340468413CF82593880E6681A500A4
:10565000AD25E15F5AE6DAA12B8FB4366AEA54AF82
:10566000CC6E7DBCFA6A116D1F89FC44EFCDEF173B
:10567000A29B09DF7CF67900222815072AEAB78762
:10568000431DCD01A53A9309A53146B2BF69F7EE96
:105690005106D78431C6D25E6C166F74F9756A00F4
:1056A000768FD69FA93DEDE05EB647FA4CBF7D8868
:1056B00042F78D52679FCE4AB48C256633BF31477F
:1056C000DE5FF3C4C4D0BE0060D8AA12BCD842FECC
:1056D000019D4AD660A58010EBD4B80D5124EEF799
:1056E00031FB64C626AFE9D4C2B89D3558323D00BF
:1056F000D377C07940CF6A956016CD03999A760E1C
:10570000CC23A51015D9FADE7B00EE7D1F3C463177
:10571000CF49511E46A2BD00DE1B38A4135BA3FA7D
:1057200062CB3F8D52388188DB22AA916DE9E01B64
:1057300000EB66200CC7684CA1336084BAD87800AF
:105740005435DFC4891410FFCFAC3E5D0B29C6E091
:10575000E2512CCB1EB108A1F64C3D5AE689D52763
:10576000AE9397D8A4AFBA00E8B1514DB92C4F2BE6
:10577000328C8A18B5DEC21028A59EC9E6235E08C1
:105780001BF3B8C2C58B182E9250ED334C10D500C8
:105790007AD719262AA2E50C01C75C0BE01E3AA2B3
:1057A00066C78B6D01ECDA3CD15F8682DA35F7C3D0
:1057B000450D586D5B2982009CFDED88488095233E
:1057C00095549773B1A133F0A2F8CAC555ABE684DE
:1057D000F9AB3B5A25FB79B0D0DF5512A260B70078
:1057E000542C82007834CA027C4973070311BD0E21
:1057F00042736CDF175F597BBFE9836F60149CD0E5
:105800007FBC04F157E77B0037F8A5DEF41D386B49
:10581000796D3FC42EE1A66A4BCA0A18DBC06D9BA6
:1058200099C35FB23D9CF3C1B02EADDBE6C521004C
:10583000830134BAF98E3DFE396401DAC4C06B08C5
:105840009C2D10D29446957C631F3A499A25837704
:10585000753EB245D7023E00D7B56233F352778525
:1058600063FA9423897F7D6659EEAD6883D23FAA9F
:1058700048475EB291327777CF80FDEECB99D20068
:105880009A09EC22793F10F3692D9F533FEAC191A9
:1058900015CB131B996911EE22957B0EAF6C3C4220
:1058A000D99C7B2B978EFC00A3A82DDADEEE7BD350
:1058B0003ACE48E04AE6AFF4CF18CCC32D7EB8B25A
:1058C000102FEEE96828709DD3C0C8FA21AC5B00A8
:1058D0000377B197E861DA5932C5147301ECC09AC5
:1058E000F3A62468E0CFD0279815315FBB73A921B8
:1058F0002D1500BFB4100D00A2C6071D619DFDBD92
:10590000677F9AA707F11370FB970E731B3A13B9C1
:1059100062CFEEF17F62E3A19D857A46B0AB99003C
:1059200065C92F949974C9493111FC1E295B58929D
:10593000041C7DE2B0D3A987FB52F246C11DAAE048
:105940008A370074C3F91B00DFB3B2420E4DF23345
:105950005696115183BC1F38C4157878B7DAA96EF2
:10596000FAAB1942F34C7C6FBCD905849B50A5005F
:10597000666D6137E03C1E88F839AA276B57B45E24
:10598000361F90AC94F11F1A8414361039A23E953C
:105990007F728CBDDFF9BB00868EF28AB8E3C9D76F
:1059A000B423B046BA6CD5E4CFF9C9695E66A00AE3
:1059B000D9669CA133018A703711708D7A4BF10042
:1059C0007614B9D503F889EDFFC6F91099BDD754FF
:1059D000F53681FD0A44E5C4C0C0A2AF32DFC03A4B
:1059E0003463C1CF6E790800E372850ECDE33DFBD1
:1059F000A3FED60741AF58068C4F50EC5760D8C96C
:105A0000B2D1B32A5671F1EB1C1AEF35CA84760075
:105A100004F147BB403EBE57556EECB5B6D515E810
:105A20002E859869263321B0FCEB728B59CDBB28AB
:105A3000A79174446977A400A53E2338AA7611A1E2
:105A4000F1368483838ABF019315640480C19AA1CF
:105A5000A355FF69B930DD18EF965212299C9D00BD
:105A60004B0DC11CD14EAFB1C1E2AE80218F93EC82
:105A7000821620DEBCB48AEE9F706D88FA46793AB1
:105A80003DA55F87817D3B00573FAB708E15712D23
:105A9000696A14D7EA67B4709563DB423C5DC8005D
:105AA00067B9D5990E77CFBD0E496911CABC5300AD
:105AB000891DCFB092C013CF58D8DAC6A5105CFCB0
:105AC0008BB9F68325936D712E923436F780EC896D
:105AD0002C0CE929A38A0C00BA96B2FDDEEE1D62F9
:105AE000603E5BF27353A4C57DFAC6A5311B042644
:105AF000E39544823254B074F6817AD5568A8D008B
:105B0000FFF8804D788F4637BB6E983737E64F8861
:105B10000ABD26D3D35271263C3F5CE309A41F453E
:105B2000808468EF5C13F600A997ADB91DF595DA8E
:105B3000998B0B427DB5EA75215A6FED474F24B220
:105B4000866FBBAB00C30A00D2D8269221592C0025
:105B5000E103D596A5F43CBDF5D76D9965153AE9F5
:105B6000D40E634B9EF40EF449963327221980EC31
:105B7000CDD130154C6345006B733ACE14E22F47FC
:105B800097C94F0F5F6B780E08840FD33F6FC00E1D
:105B9000A8DCD9B607AD194BF5D39EB3397DAF005C
:105BA000531A1A8B662B486F4B0D7FFEA9EEF392AA
:105BB00053A279E87FEC31CAD8A33AC8ECD72CA815
:105BC00084D81508CAAF8B0015EA16F0146472F079
:105BD000C54BDF0B6DE2AA070DFD143B85DA1919E1
:105BE000651CFF8F16CBD66BC73A5925CCD3B500B1
:105BF000581C0724B22098C861446CA62421F01CCC
:105C0000E74AEABB60C3A686841DC1EC488651788A
:105C1000A4451EE21E09C400FBB6530291C59D892E
:105C2000FEF5C76B570C356161362ABF524B49965A
:105C30002E4B73694C83F40D498573A79DEA43008D
:105C4000F01D9B30F61F0FBC8D5B844D6A4678A516
:105C5000A4F320D70C3D37A8B4E9183F019A61A4FA
:105C600088EF141679CBA500FABFFBCCBC09C9D1CB
:105C700092477A21EFEF59B3D6C1F629BF3272F8B5
:105C800096CA44257CFD2902C78EBC8467A7C9003B
:105C9000EC8F836C29381BDD2DC68173512F9A1D23
:105CA000E5B948B2DCADDE4A322B8FF9A48677D550
:105CB000D8E251733745CD0062566DFBDA0A224EA9
:105CC0002059E1C9ACFC5312444B69F05B55BAA2B0
:105CD000293B2A7DF6A08B2C52918814D9AD7E00E9
:105CE000730E80DA85C27755DBCD784F501E2B4A74
:105CF000071C8AD98314B69F387B8586E49A10499D
:105D00006BF702CF48776800667C097FF2A70E65C3
:105D1000ED402ED4077311B5198AB97B24EC4F716D
:105D2000E436A5A50134FB0253C8CD5E7389230078
:105D3000B379951F3899CE6ED49A43AE9D58BE73F1
:105D40008ED68181B96896A686DBC1E60882714E3F
:105D5000FED7DBE75FD19F00F2DD76A6D46E137627
:105D6000A7044118F7474D00C040B90EFF4C190F6A
:105D7000E5A1A522918A5AC96B065366DD2063000E
:105D8000E1331193B84568F8C438B31339A59407C3
:105D900085986FE6867777B472228C990FFF3D471E
:105DA00000A1F15A2396FB0039A8A72A5473BE9785
:105DB00016AEFAB3455366CC7A9E1D1849FA809AFE
:105DC000634548EF04EBF2D91EFACDE8EF179000D7
:105DD0003A816E1245A994D299DE1182EFEE59EE06
:105DE000368BABCD5DA3198FCE00A0CD646DB8838B
:105DF0002C83166761FA5F00D508AB00B4BB345042
:105E0000DADDF7F8A8E87AE34130082B2EACFCBEC7
:105E100038E0CDCACC30E7E86A5129252A86D70078
:105E2000D8D668304E47FC61C5F817BEE66CE497DB
:105E30003ACC509D584FE9CC5D20A5009FE8FE1A52
:105E4000AC8843EDEF4194003FE2F4E5CEFD83CE14
:105E50006144B9AA13408198E993DD1280C9C472E4
:105E6000315839E3A85FBD6B360773E29B84A90004
:105E7000B194B736854400C2DCAA4BF31CA14E5442
:105E80001031977F670601D8CB0CB88A4B05762175
:105E90006027908222A96F00E34CEB05AA1DEA99C6
:105EA000315E949E36BEAF122426C794034FFC1772
:105EB00032E7EC70C88AD40C007F25BAB994E200AE
:105EC000673F9A0E7F594FF841042EDF29D143F3E3
:105ED000EA247A2D220442075399C24DB29CFB64F6
:105EE0005F043B9A950EA6003B665D2F1679B03E87
:105EF0003AAB99A8DA4A5D949AFBC3F6F15B58A0D5
:105F0000D1646AB3D025B1DF9B7D95CD66F56C0079
:105F10003432EA7FB5A45F3E53FE66CC298095E912
:105F2000EA2CAED2E41F5BADA9C47797C52AD3B2E1
:105F300078F8D91BC258B200462C8D35670A0FC1BC
:105F40006CC75F165DAE3D5D7962D241A36242824D
:105F5000EC0815EA4952AE2EC04F3CCD80BC65001E
:105F6000D7B68F1AFCAE778306003F729F3D817CC7
:105F7000D4047E0F1D85CD4C53056E7CB121F531C7
:105F8000CFFD73A72A8FF400F68F280F4E367128A5
:105F90000F9F092D45410239FD0EA33D274D8A90E3
:105FA0007F921C1568FADF35AB29745BE998100005
:105FB00005FF47ACB0B15D02D5A7205C0EBFCA8219
:105FC000B8862DFE9051DEA3273F8ED23E18CACE52
:105FD000898CA39193B580009C0B541EC2F4187356
:105FE0003BBAC8081BEDF71018E062BEC36083140B
:105FF000FBBF601EBB77466DEB6FC6D7D5455D0016
:106000007F90CAF3C2C24294F146E3A83A8F74B7B4
:106010005F6D3AD36C58B23B86585298F41C659D1C
:106020009523F1715366010071E4980F87B3301D19
:106030006992F91A4F4DA69D3FBD0D871E657D7F64
:106040000ED8639C423F9B5E9DB98EF6DC6E540079
:106050001CF9635D103CBF3D0B36C6A6FE2F25180C
:10606000F6B717C6E516C145BCA3C6A4FC0A9B1724
:106070007F464C16B47BC700DD3098A5124304035D
:106080001E0E5E1FB2F38979E433883B0225E0C11E
:10609000C5795B26D0C33A1A8B0AA73D3F7EEE0036
:1060A000B3E4510EF713D69F15891E181B5EEB053E
:1060B00026271A6524A88FCAD8EE655D207ECD57A5
:1060C0000D7BA424CD50D000E7B630D5084CC39248
:1060D000513145D0A898250883F4FEEBBF9E96D990
:1060E00045E9B72831AE115CB15D194D5D9196005F
:1060F000540695833A49B68607B6FEC2803F3532CC
:106100002487F11C2E62BFAFC764D4E7B957A178CA
:10611000540303CAE89CD300D3115CDD146DB76847
:10612000B0D69680D3D4AC0112DC9E7C9481020957
:106130008DF859EE38570AAB8EB4DBA58DFC820082
:106140006690583E981FE6335A526E5E120D5923E0
:10615000C5D782DE253DAECC68B07D404F5C3ED8D1
:10616000470DDD813A1E540018D74E4E7D57653DD0
:10617000F25189BDEB26EF7270EFE65E3C8DA69F73
:106180004C4425B69091F87CD08539216EF5CE002F
:10619000608B3D77BC799289C9A18D014FFE735107
:1061A000A102FFD09543BB0F6680CEC2BF2CA1F9E0
:1061B000E7A33F6524DC3500E3FD91D45ABBE9D663
:1061C0008964EBF809A5C292ADB275CE172C43389D
:1061D00046CBA4D40A330DA17E16E9ABC8E69B00DA
:1061E000F31D6DA42433246742EEB07BE83C2B8979
:1061F000B8999F50CAD8619DAA6399B5ADB638EADF
:106200002DD1D6C8BE53B400DC2FEEE7452ECE4CC0
:106210009BF7E5BF2A23D6779947B4232CAAC3203E
:1062200045005CE0B700F4315E16D510987CAB00F9
:10623000256DDE773E9B355C0A8167FB04DCA3B4E9
:10624000C222F5098EF53501F4995433C26D220C42
:1062500059E491B9F4E238009BDF2CCE52C3A61664
:106260009E4C5A23A4007B385C5A9565B57D02A9E3
:1062700050BD00455821179D3EFF231B1D8FEF0089
:10628000325278AD26A5C23FE71487599AE34804F5
:10629000062134F3DCC9A1C3166DEF0A07EF6F883E
:1062A0009C93D80FA20E7900E5DDA4968D0FABF17B
:1062B000EB250100C5A9F473C39E4AA96856720470
:1062C0007A18677FF085F364473D4255323AA9005A
:1062D0002B647523D1FABBC7F18C93DC710AF005EE
:1062E00022B5FE764693A6A18827F19885BF0D8337
:1062F00035CE001F8ACC6D006C76731B80F38899B5
:10630000E0DADDB2E0C4494DF3EC6EBC0ACE8AB0EF
:106310000681A801789CD9CE459B9068722DF90022
:10632000729E2DEE84EEA9BD70CFF8D2FE4595CABF
:106330007713EC86F02E9B53E3DC89A8260100211D
:1063400017506DDA5CFB040021508EEB16D21297C9
:10635000BF6B3FF789C7773DD43974BB21B50BC8F4
:10636000777E590709CDAD4DBA0E6EBB9B2E050049
:106370002035AAA428FEB5CA90761FE54A27FCBEA0
:1063800061040A6F2D2FCAC1C71603F67ABC5FDFFE
:10639000F5FCB673F2E0800078FDEC64CCDC4DCA0D
:1063A0002E55D5CF87A2C3F076DAFFEE79522EA410
:1063B000172127F8908F8D0CFB8520A87FB3AF00A5
:1063C00084210B9DA1E0DF36769079323D74AB429B
:1063D000D22A78A8DE8A4032DB6841B0CADDFBEB06
:1063E000E195C84461CAC40031E30DB192601A1945
:1063F0004D2883C6A75E980A4E13F4398A8CA3E908
:10640000434958CFCFD44E48F6ADB5A5897DA500F8
:10641000E35BC16A53857B76DF32552C9B8922D39F
:106420009F911DABCFD34F8B5940301E1264D20BBE
:106430005DCE481E1FD17F000E744B0222B368CE82
:1064400083BD64E0777F54FA24563DDFDE168FDB90
:10645000DDFF79E21B8853D5C49AD3511929CD00A9
:106460002E3559F2F1B0EFFD7E4C3452D8B349AC21
:10647000A147E3681262EE6E90E9F0DE202CC38F34
:1064800098B1BACDE6FF920085E608F145A745AB85
:10649000F402C60D337CE5BC7384A036DD843F0472
:1064A0003C20F7268DF5949BF4C980A830CA2F00B4
:1064B000115153BF65F0D051F6BCAA33C5782829D5
:1064C000218A437257E82E281ACDB538436D4E39CC
:1064D0007455DBB92BD0ED00635AB74B5EB4591538
:1064E0001235AB99A178889199CC19B3061446E37B
:1064F000FF594EE90ECD7166705E1A4DF9564B008C
:106500000FB54E9D40BA29702B0DD3D4ADA8130EF4
:10651000CF9C977573BD16EC206B10B6BBF30D992D
:106520001DE87359F980880083185F9BBF67245A60
:10653000F27AEEA6C73879623A189F7A891E8120CE
:10654000A920E99CE54AAC6DC32C4EBCA63567007A
:1065500032EFF7A6ACD2910AD366762E5DF5209A7B
:10656000AAF7C6A66927BE93ACB06716F973BE3901
:10657000F8614ACC4C156000BB1AD94E0F2481C972
:10658000CFE07FA6D97A081907B34ADC164EE77F19
:10659000911285D540C94503E30B3E8D67777F0097
:1065A000369753AF8E3EC79EEA2CF6B1B420BA8F11
:1065B0009B2F7EA0E59446280E38A7A2A18DD97501
:1065C0003745FCCF953CF80051A159F8EE359A6754
:1065D000BAFB3BC95E0B8117B14802ECF07D0C1B86
:1065E0001F633F02189D428228E14F599FEDD3005F
:1065F0000652C09A528370009D573FAEF852242431
:106600005A3495D578FB31C0F5A8195E848C2935AC
:106610002E1D025E258D5300EDF27415CFE2E4E9E4
:10662000C029A96D83A5AAAA127C26ACA05B5A300A
:10663000250E6BA19C8F8570922638AF6DC4160015
:10664000BCEEA4637BD867DA5A16C2164D3E5D8F46
:1066500095981EB960B48ECEFFCB2F882C0A64DBD0
:10666000EC41F047B9FFBA00CEB1CF3B2F9BB9BA8E
:106670009DBB0B12F6DBEC3E1F69275B5C093947BB
:10668000176378BA2317185098BA4285C3F21E00D0
:10669000F287E68BE88675911734AFE00EAFEE30E7
:1066A000B2A37E28B2477645458D399632B7B2E11E
:1066B000BE39B946AD2B97001AECF06C3534780131
:1066C0007496C87DC141994C722B8F987B454AE5E1
:1066D000399949C01DB4328A5213B033FCA66F00F9
:1066E0009BF3DC59CEB44195A166C9BD0F2BE18760
:1066F00089430BB835C611A9A61EBB480833F62D31
:1067000056A3170B71CCC40059F36AA84D37DAEAC7
:1067100016E4A536E1BACE76B2A52E043FDEC063FC
:106720008ECC98349A9798A7E414F041F103C500F1
:10673000609B2ED169864D70D7CE3F3C7B17C7D862
:10674000A03865C6DCE8F6DAAA398C94D98380874C
:106750006B3ABE1658331000D244AF82CDAEADC0F6
:10676000738FCFB8929AA39A5874DD789F3EB795ED
:10677000C13E8D44AB79E868AA57AD9A3C7A1500C2
:10678000ACA2411F4F99557B5F988D904BB605FB8E
:106790001B58F089BE85600CAAE5F0A31DE79AC7D7
:1067A0004DCD772819C533003AD8F384DF20A547AB
:1067B000475A5A0E9EDC8AB53A4F6C25CAC0881DCE
:1067C000DACAD28F24B1AD63A860E53B894EBD0023
:1067D000090E091C996C61242DFBCECD785EDCA8D6
:1067E0005819E1B46BE398BDB5CDEF41806CA1E0E1
:1067F000958F07C4896164001FBAAD5D90A85F6C76
:106800001505A90DB8B5872A25587A476E57C5F6DC
:10681000E50A39E3226601094EC2CF5B37F7E5008E
:10682000738151272A4B1E86F5B55E0EDAA2869E2D
:106830009B3D04F1169B860AEB11E501105D06797C
:106840008A521802BC97E100A645F7B0B6DE500D9B
:106850003D7F84E20E12284B1D2A14017A3A95C519
:1068600073D330DAF87C3F3E9AC4725BFB777500D5
:106870009BA87A20EF9FC954DB4C50ACDA21B5B706
:1068800044A748689A36A8AAA038E275E167E706E7
:106890000135C2C835A8EE004C20F6F32A168991BE
:1068A000D3668F114A3AF6F37CD09D0438577E4167
:1068B000FF9A212E6DCA9C0221D0CED95F755A0055
:1068C00081A0817DB3B6382525F6E5B4A338477796
:1068D000A00755D45426941686F0B5F42B5FE6EB4A
:1068E0002463FCA683B2860031338EF5343EC18B1F
:1068F00057C93AE258B52AA101A8BD0EC6662ED9DD
:106900008A3CB679859DC5F48C85843D42935300BD
:106910005E541C497842B54992ADF08B3248FC86F2
:10692000AE112141A51BA14BE1CD2565BD8F915F26
:10693000A6E98BA95AA43000993096A60C6E1DD7F3
:106940005358CCB3F1311C037F08A8EEAD1DA6113E
:1069500001965752C0A919B2B55E8919780860002E
:1069600077B95BC9090F50B93B88F8404A28203EE7
:1069700060517A74A8C503916A48FDA83FA5E1EF6C
:1069800022EB9F2C4C9E5B002BA078397AF00FD322
:106990000808B649ACB2F522EE82037F7394AFA02B
:1069A000234606A14C261A54309DD11E190195008C
:1069B00022D785133AD55FEF16B280D2C15D4DD292
:1069C00040A335B316BF61143967EBA5A47E7025CB
:1069D00086CF190B007B69004F9A6C82B92FB06487
:1069E000F583F5B600B06D98458255EDC1C7D1C8A5
:1069F000B79C499C73DDD4B94B502F67835C5E0014
:106A0000E6871A7BBF6F0B657C8D1508A10014DA31
:106A1000332A5ED06059EF9311E839FC214E545E61
:106A20002E6B61194F328E001F281C0AC4C977C310
:106A3000AA0F2DFD48CC05EE53555118A7B0CB58E1
:106A40006D1A1EA887120EA67EB36436E9054D00A6
:106A50007EA6E5434224AC125EDB6930F894B61B97
:106A600013638488EDDCC65996083703D0D442DA24
:106A700035E33665A8CBB5004542521CD2C74A5211
:106A8000CAF225697EC49CC965A807E95A4E8FB32E
:106A90005E19A644A40340B72BB346AA183FBE0014
:106AA00090182B0DAEF19998ACBEAF2DC98A85AF69
:106AB000CD33F6502651F868BFBB9F5B3A6523F390
:106AC000758064EAE97CC100D96CF1B9655DDD755A
:106AD00027BE882D8A981F80FA0F7CC4BE0DC6522F
:106AE00077F08F6C35A39AF997A94F6F9318B2007E
:106AF0006FA85FA388547074AC4AC389F158495B8E
:106B0000A1A99F0C3D898A6876C1F4F4A865999B78
:106B10006FCC24DDD584A70027442B6FE6724D0E81
:106B2000D0D93429D95AF6A380F9D558450DEAF2BF
:106B300070809DC1F414D913CA12CE13093EC1004E
:106B400052EE03D61878813B4C070D6B9CE403F2A0
:106B5000EEF5A2C78E8311E60FB0351ADAA57DA730
:106B6000C774A6949CEFDB006931584ADEB11B0B59
:106B700085BF9AB1410183482AE50DC19C73C1F8D4
:106B80008912455BEDCFAEC0222555728515660092
:106B9000D0BA377F157ACB9B825ED0F183D15B1A56
:106BA00042F2B37C788C7D18DA2C1977142D8097FB
:106BB0005EE634492CD7E300069B53D7412EADB88F
:106BC0008E24DA64D1D6C5880A199550CA97FB1766
:106BD000F931F55EF2EDE64B3596BEAA1083BC00A6
:106BE0009068EBB49A6A708960A3CCFF3F2ACFF219
:106BF0006E394B710EDE91802D6F6CAA58C5CD1089
:106C0000810BF3F7FA3AF100FE1E698C079BAA95F7
:106C10009349BE6783399BB3827F5AA99E428EEA0D
:106C20005DE4429A24991E9F1019058ECE5A4600A3
:106C3000B7E307B2A96C8F2E7040351CC4F50D4C1C
:106C4000C8D9274B2BB810C14C25549A748AC81543
:106C50007BD53892DBE2A000162AA928698740BBC1
:106C600006518AF4ADAC27AB3D4D7CAF6191EFA3EB
:106C7000FB948B56BF03FAA63A2056B7D88A6C000D
:106C800088585CC001701DB9E83C290FB66B3A43C7
:106C9000731A58B8F0E7C717C9F36CC041C1430372
:106CA000AB72F0923D785400AB5E437E66B53EF128
:106CB00069C580E6D9156190406E16BF6762082DE0
:106CC00009E1199A6725E15DCFCE144085AAC3007A
:106CD000A21EBF94AD920D14E18B3DAF76E741CA81
:106CE000A4F87D6D46D215CD8D132EE747A6D48D21
:106CF0002E74A6801811E20069FB07D0B63ED6A517
:106D0000244C9D19F78DAF06D6E1A2D6D683F00E9E
:106D1000E7920F10590D85F782B75029A47FE00044
:106D20007FB15F049B4F0874B758A7ECB67AA7866B
:106D30005A8D8C3DDE24646701BA2AB4D691AFCD5A
:106D40002760F772BEADC500F8703C7993B62BE0B2
:106D5000C0C926E1347819BFB6A13E5A12288393E0
:106D6000BF67DEF096883B6CB9E62E22FCDABA00EB
:106D7000EAC134F6BE9945F0D7AA3A5BC62F6BA399
:106D80003B2CA33087EA76F679C14A8DEDCD6D11A3
:106D9000BE9CC481A387290012983CE4071868BAF6
:106DA0003B540F10745DF02FC486B7971C85EB170A
:106DB000BF3373E39C6AE306C3E2DECEA946AE00AE
:106DC0003BBD7C9E76A3D4E8B44D098891CA864920
:106DD000441B0BAF1B55086FE4887B8AD6A4CA20DE
:106DE000A42FBD7C9071D50004D906479C97ABD0E9
:106DF000027FF2FF76CFF989193CD9949316A70543
:106E0000A370889A7AD994B161049B2DF1AAAC0041
:106E10003E87FF97480523F026F6828B2C7A306553
:106E2000DACF96619235695A2AE64B7573665E0D24
:106E3000DB81BFDA3C7C0C00ED909D4945D84B9E30
:106E400030276F99A9B751F6AE90CF20A6E36230F4
:106E50009A50FD65CE8BB9596CE60174569CC20000
:106E60000AB434B2E8CFCD227A6A3A602AE3751CBC
:106E7000AB1E7AE2C75969D57873568102287D32F4
:106E8000A44190B1FE3BE1003D1D8B5A90E3EF7DA4
:106E9000EB7B8D4333976826231B8FD84A185322E8
:106EA000D6E412F95F9C76CBC443C9D8C2F6EA0097
:106EB000C2772328450F6308E5C88D2D9EAD611468
:106EC000604C2D63257FD0AE6798286E4E7109C542
:106ED0005C6003E3E0295A00E4BE7BD00D39ABE3EC
:106EE0008D65C94517E96432F6DA9F62C72CC43351
:106EF000CC09D89D91D52A01844F456C793BB400CB
:106F0000C0711F05B4AB1EA7573A77CF7785FDF147
:106F10008BBB847053E6598D746780272EE1C407BC
:106F2000364E64102973E500AE3F6B0177A27A7B81
:106F30009BA89ADB38C8B51889F9A29961281EC4A4
:106F40003B0A65135DA69357A01BAF23A8742900C5
:106F5000F144154446E966A63F237CE96026C22039
:106F600054745EF4EA46BAAACD8DAD18E6C8CAD20A
:106F7000AE6395176DA77400B512FF1D6F2249E926
:106F80006B9E7FB255FFA98D99A213EEBA5411D40E
:106F90001710DDFFC3855EA2D6F68EA38628BC003F
:106FA000FD7930645F7A5247BC8943DD6914F28D04
:106FB00058E0B14220777B88A1D374B6C637F4E499
:106FC0002DFF3A3914885200ADA59A59AF2EFDF520
:106FD0004F46C75446FC326EB4990314DB4C2378F9
:106FE000068476A6BBA699F8CCA4CA9A11E9370004
:106FF000904C269F060053F1B6579823D7982B0044
:10700000BB9C40F2BF043ADD32A3B3BDB3FD64D3F1
:10701000781E369E95CF4400DAFFAD0A5D90D3F01E
:1070200073CC351E3039A6A293EA7D5C2EFACD5280
:1070300090934F2C4ADA337CA849E2F700670B00A3
:10704000C48E099B1BAC85D8F613395501AB117959
:1070500092C29F46E81D9D64174F873C5D839F73D6
:10706000382737542A1B5B00658C1B5CC30F93CCFD
:10707000962AFD1F7DBB3884D8D28C57473BA6BAD1
:10708000D5C415D36AEF06D0E85AFC0FC010CD0066
:107090002399FC79E2144B3C2962588F04BB9C472E
:1070A000B520A8DB05C778CE8490D88A6B59162EF8
:1070B0007404F0E33D1D9D001CBAE24A617E9755C1
:1070C0001FCFEB871CE5746F3047D47B6CB0C70AC9
:1070D000011F4409FB2A97D714488E1D94E08C00A9
:1070E000071C8C5CDD56175E4E65B56C0B6D8FA66C
:1070F0000F9FB58B836E99063D2498B632164E10BD
:10710000BC37F4377B60C50095BF0B0FAC0B1CF68A
:10711000CE54B2A7705449E062D6DB71E94AF09EC2
:1071200054FC166704B83CA3FCCFB69066AE2500AD
:1071300095C362978BFADEBA1F6EAC470380714825
:1071400086DA3BEAAFBC402C4EBCDACA1F369FAC95
:10715000030D96EAF66BF1000E58437E2E785873B5
:1071600018EA1093490C5CF23A4479ED1DC5AEA9BA
:10717000B08ECAAB1D50E4B6DF56A163DBFDE30061
:107180001F8EF51F5482310C90BFA6ABA1032D8238
:107190006B854FA9224C9E9662D6C0FE0B39F766CE
:1071A000D347B87B5D40F800D0006A97F79F187806
:1071B00024DDAB38F792944016B1D12771AECCBC28
:1071C0008AC58730470B5EBA81D3EB4D52C2BD00F2
:1071D000AD57D9966D062E4ACF4E3F368370309507
:1071E0007B43D3A22593A579A5A069894AEC129F78
:1071F000D69334E54361BA00C18886CECC0CF25FE9
:1072000081A7409F8DF592809C41B537498640E02B
:1072100077AD7F34F95278E7A8AFF043A5908300AB
:1072200038E23005B3D5CE3740E0F6751FC8C30C41
:107230008514A189BB3CDA1AA3C70AF4F0D49D8057
:10724000D22412C89B8F930022B200CCFD37FA7271
:10725000CB5F7917E6477E3FB41CF85F9492963077
:10726000535E40A55F9CFFA73D2C35702C0DDC00C4
:10727000065E2B5FCF07B2547FA1DCD5C6AA425E63
:1072800009194400B3187F27ECEE32E6F910660DB9
:10729000C04F71ACB532CB00005A779BBF7A1884CF
:1072A000FE58271A27329D79C1CDA96D559962974D
:1072B000F85824E2BAEAD67B2BE605FB9B94300013
:1072C0003E7DD7CA711DFC0F52FAEEF937C5E4CCEA
:1072D0006B1B1E77FA694EA0152DCBFC4EBCABCFB5
:1072E0004644AAFA1A415F00CDC4AF9D38B92A09B5
:1072F000F06048759F4796C395E78E6033C7D5E920
:10730000739D7E83EC27F0670DF7683A6204E10015
:10731000C3755B30113EF834C66B39712B2BF7A067
:10732000B3961ABF89A8BF560DE10108740D9F6777
:10733000AA45C23AF2D4B000274A737BA460193D33
:10734000D63564A5C4571ADBFBF5A69318B0AC9EDE
:1073500033AF0D4CE7FB7231D8133AA046CEB700DD
:107360008BB3809C277D9C9D05F7B9AAA369F85F24
:1073700036301B80ABF0B4BE1610AD6E9BA86664B1
:107380004054214EDBBBAC00A44662685E6C82B206
:10739000DC659B82713FD133B197E0F72C80B0CD93
:1073A0002DA54B928146AD8519E18C91F0BA220052
:1073B000C8FAC0A6A1AE35167CE507C2E112112AB3
:1073C000669F1DE882D939EA9719FC29BEDFE2E5FC
:1073D000D311E227F7BCF8002145F07FBC954CCFD4
:1073E0000503DDEE0CAE1FCC15D03FA4EB9E448709
:1073F000809F4155C55236C04C3636314C0C140076
:10740000A376A78207CED2C7DC3356F81442EF9397
:107410004E1174D23E58BF8A3F08830BDBC8B27C42
:107420001C3BB4DF4E8F03009BFE7D6EE1259D3536
:10743000DAD701F75AFDC210D884AA5400D6EBEA75
:10744000AB2E7B11C9DF3106B69C7BC9F1004C0025
:107450008905100B093B0D4035D7F1782314FE3216
:1074600021CE64A4387C1F5DB3048FBE7C99FAD40E
:10747000110A29E4920DEE00CCBD7E9222038AED22
:107480005C884ED4E8ADF55995F34A49F058F8A117
:10749000CF4A3800777BE9B471FC531BD3006800F6
:1074A0002350AE40DE945009E45620E9F4DB7BAA79
:1074B0001D99E7832DB722B744C8B5D9C7FFA64E9B
:1074C0005CD89E32BFE1C100D368F5B36FC3DE3D27
:1074D0003129AECF72371A9D448342AD950F168D78
:1074E00042F4DCF886E1BEE1A30610AD94B52400B9
:1074F00062BDE381EBD3AD086EA89FFCA0C136BC92
:1075000010EB1FCA5626771CD7740F1503925B61C8
:10751000DE1DF8DD7DF43300BFA7C62A2133C9BEC6
:107520006511280799790D7E1034A4D942F8546664
:10753000ABD3AF5FB1E254BCDBF24C60280FA100CB
:10754000DEB24CACC093BB11E768073BB3887179DE
:107550009C352D9796DC07F64568D6BFAAF9CD7FF6
:10756000361DFBAD5532D00094FD23E15A7E0A7ED4
:10757000B2740AF5B5447523022C8B3E1140A9471D
:107580006B136F560186E04F532E2FB6F0558C00CB
:107590007E18CA8DE4FE66D727980F8AFF6818DA2E
:1075A0005E1699AD306A0B43036CBC82AEBA1DA067
:1075B000C8154D1667C61E00A8059774580D65823C
:1075C00060912BD4B7385FCDC076AC9BF5DFA89C1B
:1075D0008AF464087E404A5237FE31269F9F2D0070
:1075E0001E6BE477A6F0DDCBF0CBCD091F358F996C
:1075F0008BBDFC9074F13C7987DBB44538CA3057B9
:10760000355F6686B911A300BC905DB7D705E3AEC0
:10761000F094B056CC1A6C9F0A231D6345EDBA8FC7
:10762000A8C58BB42464935D66864D7AC2E31800C6
:10763000E61FA870C4D86194E2F2CDF264DB95FD38
:107640003886CE3EF5430BB64317D38F09EE084F6D
:10765000D55C8F8D8FAD9F00DE82B283BDB60C5B93
:10766000F000A6C2FDD5DE594ADD2C68D7AB005E1E
:10767000E003D060185AEEDD166A13B4828B27003F
:1076800049561898E73FC9C7AEE18F9AD9D9E91C86
:10769000EA715F3826CC01F02CF187C43E42958C0C
:1076A000E6F028C66F3F2D00392A62B4E2C4417764
:1076B0000B6251913CB5AA28BB7977CDD43592A104
:1076C000D4E09CF7340F67E8A7F75DE6D130BA0045
:1076D000206DC3DF8642E9D9675400E3D892AD1428
:1076E00047932FE1CEB37E04E17E64E55137B011BC
:1076F000891C6E64EF028D00CDFD23DCF3E38E1058
:10770000F56FDAE8C9F0CE092687009278A2627791
:107710003BF2FBCA3A7FFDF05E78CC07E0BC560036
:107720004896AC7DC73BF6087C6C969643F23A0FC0
:107730004105C9B183FA31C19438EE4E84A276175F
:107740001A30E17BA1781C001869C3F4DD1E63C305
:1077500010496B733647FFAFABC797C5FD1C40C5DB
:10776000048F1ADAC74915D1A260155A2B08910067
:10777000157F54339A5F623D58FB8226C9EF98E823
:107780004720B397866F685825EF4F56280161D37D
:107790004C98B9765E064000C647AD9FB6D52DC859
:1077A00041A8854306DF1E22A13DECE9DD2D5E0CDC
:1077B0001C315629D34AD81FFD0CD404C54F4F00A5
:1077C0008461C845E2B81155B75F9B7FF111E83E6F
:1077D000287C5D52E15B928128F04CA5594B2DC865
:1077E0002FE6E69E6127AD00A2BB23394405AF0416
:1077F00063988467D06E14AF9AC1A7086A9F166712
:10780000B1A942FB38AEADB4FF754E03DBCFEF003C
:107810009734BD1B0B6F9CFA44577A51D00570EC1E
:1078200004DBEFD2B75D7B6BC48FB403EADC395A5B
:10783000BF6F17FC767B2D00E1D82A147CC99C060B
:107840000474BE42C217D9A52943F59E2E044D18D3
:107850005E2717C153A28E27832635664052470004
:1078600002FC1C4675D2441A37C331E8D664B99E6F
:107870007370B020D43A2D540F40B011AF28741655
:107880001683C2452D66780074904AEB0950E29A3F
:1078900088BC1377B150F87F65A271DC13AF0E7608
:1078A000A58E12C10DF8726FE4E967307D84D800AF
:1078B000FE09709CC9E7075EBA170B32CB10EECDFC
:1078C000F67090871C53AB11386BE4AA0421371370
:1078D0000C5402F99BF44200E39A16FBFD5AB5F0F2
:1078E000919ED7B34E3100CD78C85EDF67038F67B6
:1078F000DC93265D4E69DD672F6DB7E86966F90098
:107900004476CD94EC2B7D9721155A5E5293918B42
:10791000426AAB7BB252A4903527F6E49BC8C549B6
:107920000A51E84F80196500B0F058689E51616FA8
:10793000354B2B7075C0E5BB44E3D1DED1707DDAE9
:107940004832C98DD8F555A4A5A869E670D2DA00E9
:1079500080D62306CDDCEC076C248D6C65DD98ADFC
:10796000851352A25826EB85868EE23D3D12AD81ED
:10797000C33A930DB3E55400600DBDAAB86FD8E2C9
:107980004F56964FACBD1C5A112672AF22CC2C52CA
:10799000C8A48635CB090F6DE96919AFC7E7DC00CC
:1079A0001884A292426EDD261B66EBB0DEC075C75E
:1079B00008156282AC9F38265A3CCF8B5BB8809505
:1079C0001A45DC04D601B400B8FEF127F374A465AF
:1079D000183259B86232E1D0610DFD06E168E2B6B5
:1079E0004C96A64B88B8DBC50FAB5ACE3F1DED00B9
:1079F0000D18046C9DAACA3CBBD7172CDB17B83DE9
:107A0000E478089EBAAE532D76810EA4777C1FB021
:107A10002E43A90C6C3661000AB3104ABC624D6457
:107A20005EC9DF1F768DBD581AB19F649658171C2A
:107A300029264D729E8266E99555887AA982B900F9
:107A4000093B4036918FA0076CA014769DF9E5267E
:107A50003B79872C38F68DD45B398E62399195AAA3
:107A600013AFD8A7ED08E8007F32864FB9A39C3743
:107A7000F624328967A916B4335C3D9170A73E1194
:107A80006CEDED653DB6B7A94E30EAC5CEAEA200AD
:107A90002273382FF7AE4901B8D495C36092A791ED
:107AA000E3163A987827C61E5F5BE5FC698DBFBA7E
:107AB000968FE2C828F0DE004E89A7B90EB8B959F2
:107AC0008C8FC9CA933710AA0BB41B7DAB0F4354DC
:107AD00060CA7760E3EFE17A5A8B2239B2BF9D002A
:107AE000E4DE339A27BA6386C4B0DF87469C133737
:107AF0000C6FFB6E1CEE0297D142171027A7891A54
:107B00009F5FC4E1842571007B9EB6A5922C3C86C4
:107B1000163572B7BCF6E5232E41E66F79FD0BA34F
:107B20000B94403AA1461DB971C773F102A9280010
:107B30004E882273153CF618D0A0ED998E97311619
:107B4000526E6A591364C1A0B2CFEB024DDB81FBC8
:107B50007EB106EA97B0870082F22051381CA8EB6C
:107B60003F2CD457E8EA0B8C55B31C4EA2B67E6866
:107B7000CBBB281A6A7B81DECC3E922428C6DF006C
:107B80007C64F9293710BD6169C920D866909FE0EF
:107B900054240A7F5DC3AA61FA5F47E02FFA8A9FE7
:107BA000BB61ACB4CA034400D1F0B63020223B3BE9
:107BB00032446424352D19C87D39ECEA438D2B936A
:107BC000E33E67FEB4852557452BC82BEBAE9800E6
:107BD000E8427294A3CF02DD6B8E4E15BA26ADDA61
:107BE0004208036E98AF2A189B65CC6E0D49D9E503
:107BF0002BD461470DAB2900896ABFF4DA99D066AE
:107C00008A672A66BC3918E902C2F6EEAA92B5DE86
:107C1000BDD41F6B4920D9214598642DE408330059
:107C2000F9E013347815714491D2E48DD1951B3F5E
:107C3000199F70B9905BE853F6903E5129C7628155
:107C40004D627C52669374002359F197BF9AA61037
:107C500026DC7CEFD21C7078F36EB8BD4ADF35139A
:107C60004B73C4E21035DC8C4B518A89BD45FA0058
:107C7000B5DE78EDA5732BEEEC49DD31A7E9FE1FEB
:107C8000C895BCF15E272211A7400C8582DA047FDB
:107C9000E0E1DEAC8301C800FDB2F296BB6919D504
:107CA0007C50A4B21031F1CABF43FEDAD0A838BD6F
:107CB00096C48AB6325B8B3C2289F13C402708008F
:107CC000E1CB8168C3538C3174C41236367525CD2F
:107CD00035FF984B53AC2B60FE43CD5EC6B5D57EC9
:107CE0007DD01D35215AA100CC5F634304F8F6B363
:107CF0007ADC90FB7DEA7959D288B56EBFC8F85915
:107D0000D38FCA3B1A3A937DDE4396AABE712900EF
:107D10005C4A5E8B15EC41831248FBA456E102726B
:107D2000FEEBF49AE8C87CFF5E62A789D611A341F6
:107D300027A059C9D6D42B00CE50EFF7AE2B19F996
:107D400096FFC49EB640376E74E8D190DDDFA0AFD9
:107D50007ADC4ACC760556E440FD2D3799B93900D6
:107D60003623FF1DFE5C54BF57BB6FE02AE525623A
:107D7000146C0B379F50E2530D65513FDEF95D687F
:107D8000D4D5306D4EE40F001D353F1C14EBBDAA59
:107D900002A68C3B80AC35931E535A0D597A9562DE
:107DA000A37C2FD63457B0D9D91E872C6AEC5B0040
:107DB00053A780CA1590B4B70FB854B3A63BCEAD45
:107DC00052058B7AC8EE6EEEECF03AE4202AF158B8
:107DD00002C809BEBBFD7000AC462C0F1AB854FE99
:107DE00061B428B5047E400F10EDBD62C35E448DC2
:107DF000929B2E14BB975C33519334C5C43E09004B
:107E0000DEE8C54A858DBB213AF2F8D9B63EE8BE18
:107E10005B6133857206EFFDBE08A93E4D47B0D3C6
:107E20005807D576FDC64100553F88ACCDCDEFC390
:107E300003AB32049E3756A555B92F7E6B49F31517
:107E400077DCD0AC194F6A469280477A27DD0F0065
:107E5000E9ADF8E9A4638DE396AB2B85B6C715337E
:107E60003B184FB5D08DE3B8FBE200ED733CA1A009
:107E7000B74302D53FCC0A004ECC7258189057AA8F
:107E8000EB0450162CDDD74888C6C78DEA6FE7F59E
:107E900098F609B96935AD500EE942E7A7380100F7
:107EA000B6E28A75C4AB463093D3BDCC1E0E758442
:107EB000CE4A9BD2FAEC7D80D3DD1AC666F0E2276B
:107EC0007D61E193768D2000B1B55FE61B33C04341
:107ED000D3F653B11172798152E0DA68B86194290E
:107EE00060DA59F84486567B72B8A46600EEBA0090
:107EF000CC45F535B084D820E1BB10A623715E31A6
:107F0000F6EA841993AB0A7E2D3E43DA87B09C20B3
:107F10008CD88707EDB1E700E66264EA3B9FB326A1
:107F20009973BD4F939E00AB65D96BEA2736E1FE8E
:107F300060353CE3E881C3E9B6B22A4884D4C30083
:107F40001F75F29CEFC8F6B333A4486BB60ECD0292
:107F50009CCED1B605DF145BC6B40EA11CF60D6E27
:107F60007239564A4E50C200DE840B0E22FCB50D0B
:107F7000E2DCD73520E87723C0222136D7609F3650
:107F800041C5F8EE2E7E38B8FA374938D185F00071
:107F9000680756A71E692BA7262FDEAF0AC301C8A4
:107FA000D8E2F927F723A3D3473C4E3217912C7A16
:107FB0007489DA5F9E9579004338CFEDF5E9CAF709
:107FC0009A2EEBC95595810FE8E0B995640047CD2D
:107FD0006FB2DABE03121B2071E55BFDC372DA00DB
:107FE00090993D3604236378E3868C7CE6AB51E8B8
:107FF000C1B1C6257E44C98EFDFB4138294A504394
:10800000662A199D97B1DD0017AA0662BD9E039FDF
:10801000CB482F7C787633AAC28A4658D38F4F320A
:108020006C266D1FB59F5A84C669084252DEB300A4
:1080300005DFCA8F541CA9D83DFBFDFE208723B065
:108040001B803FDA6CB699C7C3C5C55DB5D9093386
:10805000C1DAC85887E0FF0071BA0DD4CD8694D933
:10806000E520C1D77B5FE7606F6E779A9EF50705C5
:108070004E843E045603F4855EAF4C88AE58C7006C
:108080006542007045ACE478BAA91466A54F38D1B2
:108090009466AB5AA594A46109B05B8E2E37F1A704
:1080A0008F412B01CD6171005FFB93C6A74A938E70
:1080B000F8796EA2B30D1C485ED8CD54471F409A84
:1080C000E7E3FFB5E3506DEF33F3A88D941FFB009A
:1080D0004133546CDE23833D6FFD543DA200867016
:1080E0004825588AED94F924B7825A18764D08CA63
:1080F000CD62CDE6B91A8400FA1EB1A5AC24A52C38
:10810000781285AF4C40F2772A92022751DACC36AA
:10811000EC2F833259DCAE9807FFA81F8C6FA900A3
:1081200089EE64C6B60E740EF259B5475908B2A46A
:10813000F7512CB87B4C19FD5B16269EB9586F84FD
:10814000DBBD520598B19100856FF6C0F11C097B2B
:108150006AE2781D615C2A065DE3B9CF673DB1270D
:10816000F188A9D3166E626E2565A536B78D6C00B1
:108170000C31B2EA72FE6651CD3BFDC3DCDC0DF979
:1081800044CA49C674968C9D71508D30E22DA195DC
:10819000AFB3B129AC538D0065B8A29AC369574AF1
:1081A000AEE212E544238DA05B225CACE31B6AE7E0
:1081B00039EE301DC7F98568F76715DEAE961800F1
:1081C00006F4D5BC48864C3EFA3A06E1915C9E5DC9
:1081D000905A59F43C282A8604FF272328253FD7A4
:1081E000CC08FD81346635007D349ABDA0E9C858BD
:1081F000B424BEEAB348F4D721E7D2ED03E00F6B15
:108200005C02975E0F4A77F16F920AF6E486C4002B
:1082100032EC3E6C37C05454F7753680AB038ADCC1
:10822000F2455B723EF20CAC66F90F908F6D798C63
:108230000E8909F742B53200A182C165F482165257
:10824000122479A242A0A415150C8FE24B88B1AF7D
:108250002F23F4CABEB7F37500F8947C56D9870073
:10826000E49291A7E99FF7A95524D6C1FA7F1FCBC5
:1082700091B5B05D1DF6AFA0853BD192B2CAFF5754
:1082800024D80DA7D387250039338241A760FBEF9F
:10829000027329554584FCB38EC13BE028F2E10FFF
:1082A000B61DFDD2B31E1E06778CCD1B8D8CF10042
:1082B000F488332B205AFA741A6E7DD19D7479ECB0
:1082C000D454BAD4F93E368572EB524615BAEF84CF
:1082D000BDBE53FBD46809004AAC63CEDF8973B4DA
:1082E0001C012B0146179526C09A8840FE2BA30B34
:1082F000B7F5E637A16F20FD8499F7979EEB25002F
:108300005D6F95E3985F3B5F1173068EB4E1C7FE26
:10831000F25F10993D44F549BF59F547B3C3DB2CD3
:1083200015DE82E2021B9C00C229E3CC8C7D5BF04F
:1083300020AD99151C2AE24ACC14219B5A1FD6EE77
:1083400023606BF58110314BC43C8F55072E240000
:10835000B13489B4036B58E9EE3EAD26BC76A8076C
:108360004A83A2AB3D32C01A1BA3828C8E3A68A10D
:108370008A33E7C9B3EAAE00AC98BADB98F8A089B3
:108380002D9A94FAAC9834749BB7F159C5CF5F8499
:1083900039A2701F016126BA14E27AE02CAF1E00E8
:1083A0007F15B565790073FDDD473C1E00F8D904E3
:1083B000BE2647F59CE8EF4C9C83CC7DA13823F882
:1083C000AD9E86EB7CE6B3006D36D1D6643A010CE7
:1083D000EB1BBEA8223F5825CF29F96E7E1AEA8AE8
:1083E000447EF73A78D88798D29A757EB5D009003E
:1083F0004C913507EE8288D3352D99B3FB931288C3
:10840000440B117E42FE748E01E3D22086DECF68DB
:10841000BCCF2097C76B02003CACB7C818D03787D9
:10842000C463D7CB5EA063B8EBA982B3C8108A2817
:10843000E1F5E143C47C1F8D7F94A6B5F93DDE00D4
:1084400091790047697277D441F1C96772916E17CB
:10845000FF2E6AE341F61F5C64B4A6FBF0BA300E4F
:108460006898E0C9975488008C8D5A9E0E9FCFB4AF
:10847000D8C02ACFF4C5539FADBF97835DA1211FFC
:1084800016D07998E2FDE2444D8CF79EC54AEB0088
:1084900035BDD3540E203E2DCB38C819EAE4A0993F
:1084A0002C96A522D9B3591DAF13846A5AB0333B19
:1084B0001B19767162B1D700DCC7990EC6E4717BD7
:1084C0005E8AD32CB1918862B7FBB69B164992BFE6
:1084D0009928E04AC6EBA4D80C80335C95065B0073
:1084E0009244B9A34F9C78E5134ACA35B12345633A
:1084F000B30E3216E8395F9B67D8FFDA383567D696
:108500006C4EAE81102CD50055E1611F2A8806A85B
:10851000D37D7FC92C5ECD28BFC0A5D51A174DA22B
:108520005ED8B99013F346207C0B09FC102EC100D5
:1085300093042CF9913E0812667F9DEDEA3147F6CF
:10854000491580FEBE22BFA70CB3EF756B8FF1D625
:10855000460CAD5B0F517500F3FB094029D9BC38BF
:10856000097D9DC0A7D9D2E5282DD1305920FB4BDC
:10857000C93F774E2270E8B0640B0B8887D7720032
:108580001960CF85D62D73B6BBB5722AE550C919CF
:1085900061AE4E44A61290AA9711BF47D8ABE65CD5
:1085A000662A2214F73C6A0012D34A98D17F4F61A1
:1085B000435316622840E6059F8B688533734BF75B
:1085C0009A8007E5DE0FBD7765DDB8E3DDBAD6003A
:1085D00031BB4EB4A6A19B231FB40D8EB698BFBF6E
:1085E000AAFEEDE37B17F5B3318ADF7B778CFDEBD9
:1085F000BAF2BD022B7BE800D154F4AA1E455510F7
:10860000AC01B317ED05CBDFE7C51D28D8DEA69278
:10861000D0E3651EF59478C2BD3800B02B57DA0060
:10862000C645CFA32BE5D5BC59F8C74ED01C1AD2EE
:108630005123CE54189DE42DF94B3FCF6FD85346AC
:10864000ED20F23A961E0C00FADEA85F56266FDD8A
:1086500064773917DF1482F1CF4E5097E5C234A604
:108660003E7E239488131F4FEA1C1E83803B8E009E
:10867000E382B4644D196D7373EB8C40A3D10B6D21
:10868000A7B4A8A44E66124FE0CA78C67F3126C3AD
:108690005165FFC0E9F5A0005ABC0FA26B6CC7631F
:1086A00044BE74B5A157ADE50450D9E0C00A62F9E3
:1086B0009D90DAEE6F64F3B829D80DCC82FCC3002C
:1086C000A1A849FB66A72B53ADBE1D6E8B5758372B
:1086D00040DF5C6F7592BC57BA7A1801CB6300C358
:1086E00011AC004C060849008E070E5DCBB408C5DE
:1086F000B3BC60705D9BC126D24B09802336BA168D
:10870000E9918EE01E9CA312497FEB590A3726009F
:10871000946ECE37939C922A7DB3226CD9BEDCD363
:108720002AEBE70578550A38FA2E8732FB17D5264B
:10873000CEB8D395579050008A7AB8F5CA022C402B
:108740009156BCADB99B071A95DF66EB8CAC45CD55
:1087500057430B4C1D864031AB271A53B8CB6600EC
:108760008FF79657872C909D4D62C27C187715A87D
:10877000D10825C5D803F8F6E831E4A9B31F4B8822
:1087800081C64C15D5AD7F004C044CE520A06BF2A2
:10879000F32A50F6C554971FB4ED5BA91326E808D9
:1087A000391BB5338D82B5F2C667C0C864DB0400DF
:1087B000E1B90019D8A7A25FE3DA9931F60F87680B
:1087C000449B5091A8EACEEE8431C92B69E36C0931
:1087D000E350FC2F41D2AF007A72D06D9D78C0B5C6
:1087E00023C0EF3023698416023FAAAC40526E4C7E
:1087F0003A5D403F6A8E30B3115FA5C76D98CA00DD
:10880000DDBEAD02507DB1A12936F300816456D89A
:108810009C2BBAA21218E745E13750FCCE07F94C61
:10882000A497A218FF7CC200A15EED89638E5CDD77
:1088300089E627A9EEEE203194CFEBA8AB2B018D72
:10884000C63267CE5DB84F48DFAE8BAD1E751C00DB
:10885000F39C0936A4F68EA4E8E3DA56BD978009A6
:108860009A8C07F1BEBFF2F238B717C9198E4F774D
:108870007290F4AFAE61A900AA80EEBC1D0DEA00B3
:10888000621FE77A3599F8037333EAD8239D1EA156
:10889000E4E14E67BFBCABD735B161D2AFDAA5001A
:1088A000278E410EBB010304D313BD3D25BD6BBD17
:1088B000CC128A13CFB53D10BEBD679DC8EE29C846
:1088C00049DBFFA0E240AA008D1574A30BCB9212E6
:1088D00099122C151B9FC25620B89F40CE3BEE3DEF
:1088E000E940D4ACE9DA389868126DC8C62961004D
:1088F000B22A2E5F168896FFF277F2252DAD2F2231
:108900000186C69D4D1FD369A2727CB77C982ADB75
:108910006F9AD900FD24FF00C19A98D972F6D7F357
:108920000EE987F307AB9BD0F91C305A18AE52837F
:10893000915F8025E348929FF6A7AA9D3CCD170042
:1089400084612C6FADBD45064183EBB31DA5FAB91B
:108950008CE73972CAC0DF6D9B4EECE36C134CB5EB
:10896000346E3080B6C22F0073A767268AB79F2760
:10897000D5018E14420D2BBD10A6686C83BAAB7B5B
:1089800058A98ECA27FEA5B48ED5AF062AC9D50030
:10899000FEDD9F1451794A6A8EEC5584D57CADA3D7
:1089A000ED7FC60B74D60738B0B668D94F4A55204C
:1089B0002E45CCE13E5C63008257BD2FFCB3D5272A
:1089C0001FCED97CA603088FDDA6AF3DC66DA0AC37
:1089D000CBC9FD0E02E6AAC0EB3E9B55A16CFE0082
:1089E00043AB2FB6E003E6342390B6C46D1C6B1581
:1089F0008509B82E66DA7220CAFA2CDB6D9C954D7B
:108A00003739410835EE3100A528881AA58B82F246
:108A10009988AD6FE0D84736223154CC199404DBE5
:108A2000FCD338F1DCC9E57BAECEDC0F76ED9200ED
:108A30006BC895A7478BB799E9D7F6C92B8AF74238
:108A4000A47261F1DD4CE00E2A3474EBAFC0C0BEFD
:108A5000B290CAF20340BD00EB76DD80A53F1CF961
:108A6000FEB334EF024E64A4193982D581FA4C82E8
:108A70007D66693A9D2170017335B26CDB35B800B3
:108A80007BC7E755826AF2A4D1278BD583C010D269
:108A9000B8860608C440660C64E872E96F95540B0A
:108AA0002F1FE6A536484B009D0C9BE53929694CE4
:108AB000C00896C73AE471BBDB3AA5A0536D06091E
:108AC00050E97DFBF7E532BD322DA24AA63F1900E1
:108AD000224E13E99D620C455E364574C144551023
:108AE00009ADA6EB4DB5E1FCD6BD074ECDA1D87EB4
:108AF000F4975C946DA2B8009FD70DE9633B8D237A
:108B00000E28D644CC11A12716CF01581188554FF5
:108B10004D5565374AC03D2B1BED6781ECA906001A
:108B2000DB9E2B5AA1EFE3A41EF6A084140DCA34D9
:108B3000D486B2E3573F4AAE1243A9AC2D9915A98A
:108B4000109CA3B68F18080029C978DF4267659D7D
:108B5000306C1C6BA921DA5E326428B2C7330E4C2C
:108B6000CF50366AE5B9844CFA3ED0DF68564600ED
:108B7000EE090194FA00B9AA7DEAB9A6C53CC1A4E0
:108B8000E93A952C7E2FF986263A765A5BFBC3C1CB
:108B90008559BD4FAB81F7008FE07CC9BC43D092B3
:108BA000DC114E583225560C41DCF19047F7C6AE29
:108BB00020FAE157FD2371FC1DF80C5F4DC5EA005A
:108BC0007DBC6260D28B010A7F173EAD1157640FE6
:108BD00008F2D7DE9994E3DC11118264E4E11F709E
:108BE0006D74B89AAAE17E00BFA8929BBCA75EDC18
:108BF000C6DFFB6259A715B1FA480A51B73D55CAFD
:108C00001C12D7AC11DFF9EE64D3CDED0F917E00CD
:108C1000AE005E4A91A2938E13B6E40B272A54C885
:108C20009381093D6B0C6D3DEC819C3E4D490DEAF5
:108C300011AFB07C83285D00903026BCF8B91EA728
:108C4000786E610EAE76A48CE81791633F2D92D0BA
:108C5000B6971193CA2B8E423ECFAA590667EA00F7
:108C60003FA93C89CA03C98B69306FB2EF817F1F6E
:108C7000F73A843CD37D94A1E999941833A473C046
:108C800006E7EE99B4AD0D006A746BA7EC64EE26AE
:108C9000A1F5CEAE7052A3729E7A20D09B4305619F
:108CA000BAEE0F7BC1153AADDD067A78858CDE0011
:108CB000FC6CB3467D3554C8406809CFABC02EBAB2
:108CC000FCA04FAF012EADB2E419A20D28ADE29E7B
:108CD000D4EACC1A3B97DD00480982D79B991E75D0
:108CE000FCBF3B145F08A20869BF73F3301AD2C6F9
:108CF0000A833F37C93BD7E70CE01F9DD290900015
:108D0000BE99FF17270E690E3F7E32368EC0794519
:108D100031DD0CF41B889B0264177DD68E983F1FB3
:108D200076EAC1B70B7CA3002B0787BA1E6AFF66E1
:108D30007A63BF23FC2CF3561C45984D5C9B4CA6D4
:108D40001E6D963579658726DF4C1D50C3523D0058
:108D5000516FCCA8BF61F14D1C500315C354927FD5
:108D6000E68ABB1073890C9CCA1FA34ED3D79E39C9
:108D7000021F94201344C400910A03086C44DE8649
:108D8000509E2D144F355878086B40E678B5CEA725
:108D9000E1E557DDDAD3064E9B8695F70D48500086
:108DA000DAF37BC2A459D9351DFF4A160ABB891CC8
:108DB00099B2E1B228AF35A3813FE3CDF6EAB2D84C
:108DC000079CBD19051F4C0035D94298F68FE13B31
:108DD0008329A6256916744A960EF905C5A6E1E30E
:108DE00079EA6ABF6F52A495202DDB8C32849F00F4
:108DF000098CFBF88215DDF8D7B071AE5E13876180
:108E000042E6D7F66A5905ED0D6D64FDB1F800A391
:108E1000777FCE950A0BDA006A6F6D336AB7E35538
:108E20001BD75BEA0D537B773012A660ACDEB9949A
:108E3000B6609339266D902E979E406463A4C1005E
:108E400028DD886272E23769ADF43D31C8AADDB72A
:108E50008D84DCAD4C19BA7C406264E3DD221C1ABF
:108E6000CFC4787F898F2500DF2413E982C559A9F3
:108E7000DE4F62B1E0E1EF7500EEF336489C3B7ADD
:108E80006C8010AEEAAB7BB8C34D00712F8F290008
:108E900050E291E08A08BC03C23650C638ECC7BA2B
:108EA00080E88ACDE1264DD39E4E55874A87369C71
:108EB000677281891C16F200FF9DCFE7C2F090FD1A
:108EC00075DDE4FB27E4835BF47B2976B5B8A7570F
:108ED0003ECF311009CEF1921CC6557437B5AF00A4
:108EE00035053CC515D062951A9EFD3CE98E62574A
:108EF00048C4FC975E9B1C1F170807A9A4C1B32B8D
:108F000017D7876D87C41C005DF7C38509444C9D46
:108F1000A626092909C47B2434C95EF568B46262B7
:108F200071C30A8BD6287E29047F00391EED5900B3
:108F30001326A1310CBC739A991729AB2E200B6113
:108F40006B6D5C16C81A36AAD1AC8713CC3158FCAD
:108F5000CEA9B1B09F198D000B0BAB3DDC6957D882
:108F60001490B2CDAB5D6643DD160D65C58359DD4A
:108F70001067D880AFB7AA84DD4044DF6CAC3800FE
:108F80003E9C57A215B69FC49251B152980415C287
:108F9000B4D867A84F25F8105F62B6F5ED096B727B
:108FA0000C2E3E5EC88001008E7655C7C100971713
:108FB000161290782BE906A0F5E8488DA79A8F360F
:108FC000BD0BCBC247232F3E4E221810407509001F
:108FD000969466EF18CBB0E88EC5A71BE51B0F7102
:108FE0009096929D863FED6A0125CCFA773AADA422
:108FF0008EAEEB84698AD800DE7ED78745D241C029
:1090000076E178BBCFA849BE750E4F45928029BC4A
:10901000BC74CAFDE17899B103BD965CFDE0BE0069
:109020004B515EFEF4B710E19058DD0715D98D471E
:10903000BF98E0495BAE96DB140ED3C5D790BDF860
:109040003398887E3EF22600ABEDD21FB37299189A
:109050000743B9342805AA56FD20B232AA57CA11CF
:10906000132B36E47747BFDDA0FD19EC995B0700B1
:10907000BE2C4790A3ECEBA3351703FB3F15CBE6C3
:1090800027033C6C80B152D393ABAE3B071BCE821F
:109090003AFB2D8F2D3B37005E3C0DB008B603E048
:1090A000008DD679773520B91914BE4B9F6885A6F7
:1090B0000C79D8FA8EE4DDB8C09272EA1960F90032
:1090C0005660FF5E1389403988FD8D903C93EC1EFD
:1090D000872DADEB8F9D65093FC3EEA95465865280
:1090E000F81CD210738FAE0083E6B3E2A759F333B6
:1090F000D03A51FB0128A9CF1D4BC5797D160CA58F
:10910000829E604346A460DBB0069424752B7500F4
:1091100021D9B7A1942AE933B203CFFC3E34F9CE6A
:1091200017091131F38660C300BB87F4DF6266AEB6
:10913000215C81770E6DD000221F30B94A4EE03895
:1091400092612D4907AD0B0EA12EA9F3C7D35EB8CE
:10915000AF157E99B8244F998F8483CC2518CA0007
:109160006538663FBC0C4CD5374CCC08C8605D6197
:109170006ABF4BA42399073665AE0378840801B40F
:10918000E118D40CDDE5CF0043D3D6AAC77297A06F
:10919000FD67C5F1CA6DD9E4E1B0330995DC1697D6
:1091A000E12612C76D36F2B7A09670A85A89CE0094
:1091B00015E80BE057CF2074178C2BAFB8660075FD
:1091C00073CA7665016DDD817A55DEAAB2AF2835A6
:1091D0002784B78D4360520091984685AFDAA1018C
:1091E00047385E0DE3CBCDB293E752D850EC59240B
:1091F000837004D1BA0E5550D42DBF1F1FD08C00E0
:10920000C94ACA1BED576735D6681E6F3CB1A2909C
:109210000EFED0D20E27C27485F74FA7B9E03AFAF6
:1092200087785BBE6D097900FC06D46077F0E67C38
:10923000DA0B6C6EAD0B69F89F1D946491761886FD
:10924000147222782BF6F2C4723C124E7D2AD90099
:10925000EA73ECF9E7F5AB230A16C305868F978E00
:10926000B7F212F79C3082B5D0D6705BC9C4E1A6C4
:10927000E0301180D4F2BE008797CF82F59F20CBDB
:10928000A3EE5F5844752D3B9BD91F96F4ABDFFDD1
:109290008A309E7BD22E3B2B421B14BE50F710000F
:1092A00052C42C261382160D9122D41253B581D0AC
:1092B00081377EEA0F6857F14D1E24B77F8C904CA2
:1092C0008AE552F74FF5DD00C92D8052AEA61C7617
:1092D0007858CF847FD737DB44B666DD8FD76AEE08
:1092E000552A09EBD28CA4E81431A4C9596FA30004
:1092F0000440DCFCEA347831C4B12BB63F33B1E032
:10930000D22EC35A90146AF538247C71451D8C15F1
:1093100064F0C1DAF4E7C50002A307A6C07600E551
:109320004D3A9296032029C9F1509F1F07362DF818
:1093300049BB5E54760D3E710EF47972EB740E00EB
:109340003ABA7E91F69FB5A3A8833AAB80B7CD5BBE
:1093500016116A76AF10D64C3C4D265C55E5066F6B
:10936000158102180ED3B700D8EC445FBEB5309813
:109370008C7ACEA043001CD0A9868A5BE6B6D9922F
:109380008311CB6FA70B5CDFB6CCB74685216F008E
:10939000155E26C811988486669EC05E2BB0CA965C
:1093A00079CE96860F6944B86888D0BE89E0DB42E2
:1093B000F19D8C5B4B674A000A802B11BA92B9175A
:1093C000AA8B3961D5CA5B66527506637349230E51
:1093D000292C19AF78454BC15599DD6EE3554400F2
:1093E0004C71007FE490B6F211F232526201D9EB77
:1093F0005B031D52E806784FD1013ECE72D9D0589A
:10940000D77CFE5C8B78D000140AA9F4D53682B5DF
:109410008D7D7F0E4975B01C1FCC485C31CC2B2B49
:10942000B69468F29B61005E5CCDBDF5B94A590007
:10943000B59E4AC8AB5ECACBA04C02C2DC33C4AAFC
:10944000AE525CD70842DA818B5D2B787D848C012B
:10945000A11A9D892F6D13003264B736D6EBEBD578
:109460003D259A5B3AFF572772F63946A0F3E12E65
:10947000E2804BBD5F0E402E3A1BC216248FC10006
:109480006D91865EF5D7C49855EE98D1815F4248BC
:10949000452D7784EB1197B2513F50544340E7403C
:1094A000CC8F18DFAFCE0000806CE2D640C01C54D9
:1094B00084958C50264D4EC80D7E8A8C02E74189DA
:1094C0009FAA3B3F9AD7A4D692F85B6ACFA39E008F
:1094D000C37EEF558260A8DD80042849C9C3DDAC96
:1094E0006BD6AD73A95E3A414EB008E22490B559EF
:1094F000A9CFAB085A7BDD00A4CD356AF19EE818F0
:10950000F43C95661E237EAA09A977945F3B80B13F
:10951000A71A06FC5955B96D565C015B859680000B
:109520003961EEDA2BF9EDC85793EA7CA5BA73CC12
:10953000E46001B9909874E42FFCC429F101281764
:10954000EA45B0D638C18000FFEBAC542815F98F3E
:109550003E40672CAF5216CD92DF684188E6025735
:10956000840ED5AB4AF727D205BDE9BC20CB30002D
:10957000911919CFE9EAC01C97BBA5D1DE09A2F564
:109580006E58D4F473C0F6DDB7190D5B8203FB0D82
:10959000CA4061C9704A60008E05B082DE75033032
:1095A000EB028525D151456361660AB707648500E2
:1095B000860FABCA95531E63057ED0C243AA8E00A8
:1095C000B94C22288481C84738F628CBF2C661B747
:1095D00079F480786E72DFAB1741B0E0D7515BF35E
:1095E0008AD969B90F403B0071E6C12D4FAF46D50E
:1095F000DC03E2B21772095A14157EA41D41EA3C3D
:10960000A647AD8C5A40ED77B15BF6AF6A0C6F00A0
:10961000C9D5D32A0C3137F8212508673CC50E0C73
:1096200013F5EFA5906CE9615DB0A1A86C396A3DB6
:10963000C1D80A093AF9ED000AC8648FB9F2CCB969
:109640000587E0F429CAF2A4D926AFA111A715DC39
:109650004A36A51D08419E33374223301663170052
:1096600023167229248645675E3A32ED7D2141F842
:10967000FB63D3F93AFF25E4197E6B4CE30C0995A3
:109680003BF0DAB3002BDF001BE65B13DC5C36AD8E
:10969000AFEC2AD3D8CFE851C30C4ECFBA25B612BF
:1096A000A0965562C16680F6A33A82DD7812EB007F
:1096B000EF0B449A5477DA047416F460DBAB62A0C3
:1096C00097E15824E25106FD8984805388FDF48E89
:1096D0003A9BC5CC7049DA000A453E02983AE02927
:1096E0004735ABC9CDE60C9721548A63830B0BD069
:1096F0008D5F329CDE6069E186DEEF86C8B92C00A2
:109700009613EA535B2F35CA41ACCEA4F2206045D4
:10971000838E731B2D9A551FD9423D3067458DF4BA
:10972000F31641C75170A8009CF9902A8B9C0AAD92
:109730001CADFE5B97978E4F99F20FED7536B2CB4D
:1097400034E2E82AA8DA6E413B91655237650D0094
:1097500072B8F0679D7F0992E717CF05F893D65A44
:1097600070051CAD951A5A142A78DD786289E6F3E3
:10977000C32A7E3B49D7620016B3976F01ACA6EDB2
:10978000B8825CE3951A433FEC094C898A41BAC719
:10979000B0A7BC5E2E170F9ABA3283EEAD62FF00FF
:1097A000472AAD54782CCB83530A1BA4460E4C5A3F
:1097B000EFFC9DE9B377ACB6E9B6A7F173C7BF3745
:1097C000614B7D4C5232AD003F8EB47E97F376B93B
:1097D00009ADFFDD6F5BB51B6591D1FFAB72932DBA
:1097E000FF9E663024077754A6E232FA07A61800D7
:1097F0005DD51B89BDB0549835F692EC0559B76D0F
:10980000A21C4B8F13AEA3A251187ECF61A5DB2DF6
:10981000F7D40B31EB695400744F911E75137168C6
:109820006A894AFD6FAC83A343217A00717E9EFD55
:10983000A25550CCD151D7F747DA5E7F1C97FF0075
:109840002ABFCA907742B2673A1A5309C97CB17AE3
:10985000C1DD88C5A89C62EE0592EA2B408EB961F5
:1098600042003086BD76E200AD33F234FA7287D51D
:10987000F0AD15448934A37B3A348D6B1DE06C8CBC
:109880001911CA5CFA5D58DED4B38C542BA32E0098
:109890004BC4EE8964FEE6158F2E9885C3D6B3A718
:1098A000E34A95CEDCA2605CB6ADC14D2102EF016A
:1098B0003D3675809C25F2007F27D2372A3C2D1833
:1098C000B525DEF5CE5932BBE1EA989C9ABB2BCC8C
:1098D00067AFC48C8C8229ED18DFA787736A2500D7
:1098E000EC1652C9000DF515C34EF3E992C3BDB78E
:1098F000481F719D2EE0A0EB2B5CCA16E6056800A0
:109900008CCE25E98B39AA00538455724F8029618A
:109910005D64BEDC6EB05B699CB71B68037E4AE089
:10992000B40EA9F15C0F482C6E8FE2592319AC00DC
:1099300036F471C79FA3CDFA1DBEDAB02CCF80B02C
:10994000739F6F84238063895BA2BB383C0D367E96
:10995000ED083D37E25D6D0075B97F03867752AC47
:109960001357669167C6492471647086164F833316
:1099700086E189E7A36D1B8ACD873A48008E3000C7
:109980007634A62D8690DD9B0237353A6E1E818C8B
:10999000C19C86D431A4D3D24266FBD81224EA03F8
:1099A000DB80B8B68706F900F79563EE5B28EBC35A
:1099B000A433B908290212B25F0F532FE0B3FD316F
:1099C000B5068D32F31770A23B85F734FE2ED40016
:1099D000FFF1CD96D5E989B7F650799E5EACF64693
:1099E000554C0C55E300DE3292A2145ACD3884D087
:1099F0002FF5B340B840CA00A45D9A00FEDAAF1953
:109A0000CE112D2F665A5E0E68BE4F92FDEAE48895
:109A10007D7DF902B74D63F8D3E8D4E79CE8D50023
:109A2000C88E35321EFD1F123168140849204B9331
:109A3000C338D3C5D70A90ECF910CDB4983187FB61
:109A4000D9F36E976FA80B00468EC44260C7634B74
:109A500085508712766348CD2F456FDE9D2F544089
:109A6000AD6E3695938C3B0A4772305D323E860070
:109A7000C17EA5674C17F916A8FE723F26EADDF1F4
:109A800036F89A93EBE4BC9E41A371ED4CED721D48
:109A90008317ED078E1D2D003F7FADC0915E1079BD
:109AA000DD8D6AC11D638475C108F923B52B9B3612
:109AB000B5DDEFEB13E5F4D7318C34EE3F2B050029
:109AC0008549995A4BB4A65D86F9045C49DBC65AB0
:109AD000297248E6775D90990AD6D20917A3EC0F50
:109AE000DEBB987883BA83004DDBD05A5C23FEDD61
:109AF00008E6103C48DA1CDA8F4F2BAA5C19C8859F
:109B0000AF9F03BB60C95974CF58F75A6608A100CC
:109B1000844703C5235911F6D5C7ACE72B6CE86021
:109B2000B41D4C139129A22E354C0B74E73C20BA7E
:109B30002877F7913F7BB30041522BA3101D23D808
:109B40000A41A8FE7562FC0054651F42903EBB7F2F
:109B50000E5E9C8286228BAEFC06BD0DD50DB2003A
:109B60004371741F507EC248AEB6973EE0CFFBD221
:109B70004E5E2B0A43CEB37AF33AC96DA3006B3322
:109B8000A4CD81C7AEF9A900E9E3D7233A0BBDBF45
:109B9000A89446B9409F707A4D7215048FECD60F89
:109BA0002586EB44F64BE490521A0887F22AA60069
:109BB0007FE8FE4083C4C567D22E93778B3CB6D432
:109BC00012032048E6C7821863E954647F6EE89A5E
:109BD000F5CF53464C3C73009FCA023D1DBB67C086
:109BE000A8A6C0771B32E15DACB94CD6D5E3CBAAB1
:109BF0006EB26B8046F27E5DBDBA2B1C2E7F5A0082
:109C000049DA6A1B8F9AF4B49796513885E3530A60
:109C100056C650FA87CE3109AB34DE28AFCB1929AE
:109C200006BD173331A95E00E0AADB8C8B1AFA98C7
:109C3000B7798E5996343B1785EE634B82290F22F4
:109C4000A16BCC2E32F0CCC83804F459FF43DC00B1
:109C50003DBA110D85AA42570506D5EF2551292B8E
:109C600067805B3F2FBB8257AF64690B25EDD288BD
:109C7000D9C05A23EE434E00EE76BC4F4201BA974C
:109C8000D7C59BE874594AE40D206884D2B0C44516
:109C900028E5189D12064CC3DCFB12A7BFBF2D00A0
:109CA00043AE615AC79C331AA597AD75E77F430F42
:109CB000DC0FC6298FF5D76CE5B0E038CCA9926EE1
:109CC000F08BAE238BF13D0015AC693E1370751916
:109CD000656B84A6DC2B5913D2C956D92AFF6F7D38
:109CE00004338D829C53714B448ED537F78C7200B0
:109CF0002CF7D43BC4A0ED9AF177BAAF7C8CFA6410
:109D0000CADE6BA02EA36EBB010221A478DDC0CEFB
:109D1000A07AD2BCDF9F7200D099B62F7B72B65763
:109D2000D656E2C21F1E048CB0D3B451461BF9BFF5
:109D30004D5A4670F65EEE29E5C3FE5FF91C300011
:109D4000C507AE4DE27B27782A078EA6AF1A090118
:109D5000B1DC9B7EB12D1665AD292CEE5837F77519
:109D6000710EACD688D80000EA7665E421567AB543
:109D70003A14D3EC95729EE4BE695A227DA4DCDCD1
:109D800064DF8C904623ACD506ABE77B99024B0091
:109D9000C3A5100E31C689A9B580341FF829FDF678
:109DA000760E32DA41F82F8E91107A117CA6610B73
:109DB000D07C65D81BDA310073F51ACEDA37146817
:109DC000550154A298A795800469A6D545119C47D2
:109DD0006CD072EB88D3C656E33EA032407D49007A
:109DE000EA76625781F32AFC6361B36C21DFD2FA11
:109DF0000EA05FA33902C4691925BAA691364B8219
:109E0000B954744687953100B1EBC55FCD62CC582B
:109E100024A896C030644B613BBCEDFD0E7415EB7D
:109E20009CCF8027C88C164DF8B15DFFAD6C3A0011
:109E3000050754A3B6405184A278709D8149AEC1F4
:109E4000533A86794ECBF895AE8CC9D049AA91A9E0
:109E500055628A7D0411F40098415384592DBC89C0
:109E6000068366F71714EE317B1B6B0B0C687B3E89
:109E7000992E6D8A5269BF8B39E9B9F4C92B1F003D
:109E8000E4178747044E9F6B2EC3B84898B0F0E89C
:109E90009398530A3E87EE0E5C73662CD0141267BB
:109EA000804BF4E70839D900FD69511347FADB927A
:109EB00037BA22BB973CAE1DD11DB87C16BD3F4AB8
:109EC000DF020CBCE19264C9B23D16DF65AD3D0016
:109ED000EAA237EE5FB209081AAD1FAB200411D613
:109EE000AE37C9BF856A31B8C9481B9C29FFA65B3C
:109EF000AE3532DEA0E73D00F2B20A14CB6AEAB515
:109F00007612C4E482D52F8BB2C1817EA75262B68D
:109F1000E76BD6F717CC32E6E7FB414AFEBDAE0051
:109F200019CFFCF1215273F22FA806F1CAF9CCCA5D
:109F3000D25452239F267BBB057CC2CCC0CD774632
:109F4000839C1D3B431306008BF50D67F3B5B0EE04
:109F5000901037CD9846DE0106936F3255DBB48AF8
:109F600045FA1EF6FC4BD0EF4081DE796B0E4D00BA
:109F700033D65264562A9662C1CD418F6354395B01
:109F8000F6E8C9C0AECE71ED3D2F9E1003F792E406
:109F9000F27BC90F733F3300FD90755800EAED95D1
:109FA000ABC7160C0AFDDE99F8598A43C36FAB198B
:109FB00019BEC263B587251B7F2BF98AD857B90014
:109FC0006B798F4AEF082E14595C52B140667E03BC
:109FD000881F13E0345DABEE72078DA820296AEF6D
:109FE0006C3D13DF4D6CCD007CB91950859A4BFF49
:109FF00022EE6FE3409B96114CC22922003964DFA8
:10A000004B0643826EF741033CAF060F187E2E00CD
:10A010007E7B18A786F5170FE3BD4B5E4BD8EBA1EF
:10A020005825C3CDA544539B9903D6796D0A6F1A61
:10A03000B9C68552CE5C790064D721045FBF8C39E4
:10A040006B5F1329AE5798F37C1ED1B5D26EA398DF
:10A05000872803DFF170C97BB20392FAEEB31E00CA
:10A06000F1CB7A2C46EA8E574B136F1029AC9859D6
:10A070001BEC1EF57FDBC4841C0683A3AEE0BF0F80
:10A08000252F7D7342A1510016685133737799FAD9
:10A090006792495A1B04C1D2B76B3E4D67CB2B5513
:10A0A000A8EAE62812532C2DC82534852330540005
:10A0B00079E7AE97A811F905B49337EE27A6AB3E22
:10A0C000BD7CFEB574FFF5620D32D94F9F99A08615
:10A0D00000C202BB0B082B00BDE570B514393E3041
:10A0E000EECE1DD9FFCD825ED5C4324C93740F8C59
:10A0F000F3D238CC22B6002DCA58993CC45A00007D
:10A100005A4CCF04C7FFD161AE64A029944950B81E
:10A110003E8761865960DBC13F40E73E0466B30875
:10A12000AEEC54C17A3A5300F85131ED56B8EAA278
:10A13000CFDF88BA10118D1228DFCD5302716679F6
:10A14000F0E4EDA1F1EC62E3020C4863C257E900D0
:10A150007F21FE2F375245DABAEB7F41E9FA9AC8E0
:10A160003A4E995B33D52B3CFB0E17D6C774021DB4
:10A1700077CE935B3EC62D0053DB04923C42F959E7
:10A18000635B5BB864BEDE5E9B9D14FEE743041315
:10A1900095584EA3DF513609689A74570B834400D3
:10A1A0009128624294C5E5DB66B835895D579A050A
:10A1B000852EB7008FFA8B86E965FED34C9159BD89
:10A1C0003E509587CABF7C00E0062B6A0AACBAC92C
:10A1D000FB046C339D4836AF8B0751FE48C2D3EC6D
:10A1E000304CD542038770F078AFCC72B5C475009F
:10A1F000335C4C1E7EE329CD113F9B854BC492F20C
:10A200008241CD9CB4AF5C57FE60543709ABAEE1E0
:10A21000C9A61FDEA76DB7008D45F95330A91B8471
:10A22000D8C5A9ED397EE88971A2E714DD98E4EE7E
:10A230008FD2696DDDC1AF7474D2C7E851EA8B006B
:10A2400098D702E3036146EA76A669B219EC9C212D
:10A25000EA05B0581744A36626BBC42C2B61AA910B
:10A260003D503C6AE4315000307337CC90CE4746C5
:10A2700008D4A1369D1AEF821C026126E83C546E78
:10A280009B9F907B61490B30D88E60A91551A90026
:10A290005F5D8FB3A8387CDD0C2958363C06116E03
:10A2A000DC65D8C7065A539170EF0424C8F3A63F63
:10A2B000547F78E277F76D00880BE82C29431AE782
:10A2C0002ECB32CF26D1D730F95DC4CE3A2B1436FF
:10A2D000F106853319BAA08F664A18B72AA432004E
:10A2E00055CE0C2B871676569FCE0743EE3427D9D2
:10A2F000CA2AD8FEB838351BFD07922EC13D21650C
:10A300003878B655947A2000D0B1C2799D7E047C0D
:10A31000F939DC00AF0BF9774B8E3A951823338669
:10A32000E1E9BCD9A726A1890AB364AAC6770C00C3
:10A33000E112BFA617D3216F166EFE25DCB10E8584
:10A34000EB0758B07389BDE1FCE641A297807C9D84
:10A3500014E6CA27E7E8C2000EA5061913E5EAD2FB
:10A36000A45EE539268F1892D2828479F3FC3B7083
:10A370000841040D72AA1CBC840E5FA9D10C1C00FC
:10A38000EE2893EAF9E7770A870A005485B57BEE51
:10A39000C3826BEECAC65EBA1EED93412468FE4DC1
:10A3A000BD5C9AF063A7790066B63E63EED1C072D9
:10A3B0008B345736A7B37700BDDC05A850E291D0A7
:10A3C00022039139B23282D8B45BF6A60F2FD8009F
:10A3D000D3A39FF66C692F8C5D4F6ED9B331F6F421
:10A3E000053CBA745D4FF0DE68B9B763997D8A8A1F
:10A3F0009C776AF01B2A8F009FFC3F0071843866AF
:10A40000423A562A906D58FBDA7CE48F32901D5305
:10A410008205AA1425A8B69244B315FA5A1F7B00E8
:10A4200092AE0203FAD9A68A41B5C0127EA076295F
:10A43000DD70AE74F7ADA1E84CAF4961356760C11E
:10A44000D168E7451400BB00EF466F3452DE1A7442
:10A45000DB6690DE2153ABB0561B0918703EB986FF
:10A46000C361AE782BA0DFFCDA069688B4CBD500AA
:10A470003D1401B6E2E8657D7FDA4A1752E2A998F9
:10A48000E8010156FAF146C7CF79FC24BA9FE0B53E
:10A49000C1B61CFCA37830005C9E7FB3DA836F6D7D
:10A4A000C2E4E3D4B00CD5F8ECCA65D80EBA0B47B9
:10A4B000DE5F776497C49C4DD3FEF6F83BB1B500E0
:10A4C0006E8A51B02BA081B8204EB5C71011FF1471
:10A4D00094051F2AD2864BCEB5E2635E8CF28A8247
:10A4E000B5F9EF4AD67666000FAEAE6EE1896BBB6A
:10A4F00055D2B7F00A0049449039AC594A5F3F49F8
:10A500000DCAD469545C5DB7DBEF4486E25DF000B0
:10A51000A3CBFCAEC6FCB7868A3CD0B60DF7E4EF01
:10A520000E1DA2735AA788036A5EE3C17C2B50B547
:10A53000DDD8D3B338C1BD0093DC5A4B3412A73CED
:10A540004D4ACA4DBE1F7AB96C3C7B4A844324E411
:10A55000839C882961A34DE25243432A9CFF41001A
:10A56000EBC428E41559098D266DF3762E2AF08167
:10A57000CDD5A550839FC2E42B2B5EB282DEC3A251
:10A5800095DEBD48500FAB005F2930B781BDAE539B
:10A5900009A7D101367674C4342BD3518D9100D5DF
:10A5A0008671B7D7A8D378E333E2FDBDDA9E8E007B
:10A5B00097F89D09E0A9FCAE548DDB42296DA548B2
:10A5C0002ADFB88C588BDD8C96A5D6E9F73FB049C9
:10A5D0005F7974D17D68DE006BB06B8B6F7C64D06B
:10A5E0003330AA3BCAC605FB5CE7ACADFFF7F923E5
:10A5F0005EE50D72D01082ED62DDC6DCAA09B60000
:10A600007468F6890FC18A93C510E6DA3F1CCD4DF8
:10A61000CC687404848862825BA2B0D1544D05D0AA
:10A62000D0088783C828450040D4CED92CB7EFD3B3
:10A63000AFE4D3CFC7530AE9D500D60C83A8244F83
:10A64000D714AB9FB044AFE9F80A0FB75EF19E0094
:10A650008F81F4C7EC1238FE2808C928E1D5E970CB
:10A66000759096FDACA9EAC4775DE8908B85A1B0A2
:10A670005417559F62366C0099CB94573583FDDA99
:10A680000BE6B3545C4B87D3C2611E1464D92AF322
:10A6900094BBAADE19728E0A96C4A27E5101720082
:10A6A000AB3C4A5770CCC7AEC923FA0AD9C09A94BA
:10A6B000FC91D6E82F9B27FB3493E296FE9F928C69
:10A6C0007F41C076C992BE00325D7D72F86B77A77C
:10A6D0008B3AFD2C402E1271046369700E769B3C00
:10A6E0000700D40C2C14BE75BC113031C7F9C20060
:10A6F0009F57AA4BD60B6E14E56A9B718BA9190163
:10A7000007D83B55A5166AB332AD84A65E6524987A
:10A710007B59456DC691BC002D50B54CBA9345C5CB
:10A7200035ABD5792F2A449CDC3045E0D9F37259FA
:10A730006476D13C047BD23484EA21A272098C0075
:10A74000380C73BE12CA898A8B3D6DCD544D1B7E69
:10A750004FBBC9E2B3697E63FDD2361B9307E20D9E
:10A760005F30EB59E3D74A001E23B2EC65B7370FD1
:10A77000B04D0B06CDCDD38C61BCDDCFEAACE6E9A4
:10A780005890FC718EE44D3B9EFD7CA47F3F2D00D4
:10A79000C9FAB554076100D0A652A34A8B4E519610
:10A7A000BDE3A3FAB3FADB9E57EABA939B225A4958
:10A7B0008908478395ACC6003BAAE90812F310EB61
:10A7C0001808028F34E5ED6B98A94E092C4D49AA63
:10A7D000D63CC73FB486DFF181D2345108B37F0045
:10A7E0003C474A25D75A9D395B0E1FAF4F03FE00E9
:10A7F00000DAE7FF34055F8349BF8031F0823C23F4
:10A8000045C535D9B19B07005662EAFCE1F6829056
:10A81000AF52327FD9D340574BD27330ECF3ECDDDB
:10A8200092C86F3BA9AD1A21183C396304A05900A6
:10A830007B052419CB8AB817796731751F3B0AE36A
:10A840009E6FCCFCAEE33DF16FE5AC308CB2CC8CAE
:10A85000A80ABBDB15B24A00069F250EC3118793D9
:10A86000040132E325A9BEE745D9768A4575F5226C
:10A870006B0A809608DD4BC56BE3849268E06A0042
:10A88000D70D493D5737B1EE0AD17151B5E14413A7
:10A89000F16822A783E3132F027F5053F074E7007F
:10A8A0001DB14DA3AB7AFD00BE33DD13671BE5A7D9
:10A8B000CDD514615E369ECA306296483C911838F8
:10A8C0005691F7D107F535B8DCE4C383EA71F5009A
:10A8D000B8E93FDBA618C1F95B18B0CFDEACAC0C11
:10A8E00016B1C91CED913092CA86E1E61875D3C93C
:10A8F000C1ADE197173936005A74E90FF48E28710B
:10A900008F944F3C2DE1D9AA2A0101C94210417010
:10A9100044ADF24F123A3F9F3F61D6196FE1A1005B
:10A920000F6D499055A1D27CC9461B86905963F79B
:10A9300045EEDB56F1CD1C56B1FDEBE79D9CA21F09
:10A94000F93690FB1F9F5400D1EE9ECE6BA4096593
:10A95000A36480066C02EB0F4D1505E62B30BFCECD
:10A960003DCCFEA0702348B9A865BEE1D4C64F0017
:10A9700017CB4DE1122FCF8CAB0234D824D87F14E3
:10A9800025E341B834158264FF9191F70F8789A3BD
:10A9900016CCEC78D5019D00F62FB4E0FDCAC6694F
:10A9A000481DA0369106D7A3AB5A5BBA27DB77D2F6
:10A9B000F490CDD159DBF7712AA0043CF4F2D70012
:10A9C00000C345E1EF7C2D9EBBE10FCDEB30B03FE6
:10A9D0003851AF4B9493920C2B7C9D1866B2CD836B
:10A9E000D473CEAE57810600AC8EF4D3E5930A63E0
:10A9F000A1BB08C1DC2B63950F6F9DEA37D2AA017A
:10AA00004B5AAA5D925D202EDB3E442EEBF157009F
:10AA100059DF07B2825C006D0F0DD144DE87ED1C5B
:10AA2000A98647CE6B9F440EC77BF36921164D6301
:10AA3000DB317FE9DFCD8600D075D0615939D17225
:10AA4000CCA52E03D0347544A1CB163380F6D49414
:10AA50003C832BD7BB1DF445E9B282FCE69B1A0070
:10AA6000D1A950F18E11244A527CE83D53D6563874
:10AA70001E15DAE16BABC8F30BF17DCFCD3D0E4176
:10AA8000787B4D377CB18B00D06AAEC88A88A2161D
:10AA900057FF611CF579195FBA4F84E44687693026
:10AAA000286A2CEF2D47FA0941635385C28045007F
:10AAB0008BD485DBD2734F82C1AC0F207757B10A9C
:10AAC000DD753568BAD4E53FE126C731C236FE4BA5
:10AAD0000A30F10DD9121600227ADC65CF3E26F439
:10AAE000E9210063647A0655471C0040201CCBAC6A
:10AAF000A59B21F1E09A05EBD1FFB35CF7958F00A0
:10AB0000F987CBB22BFD89E2A2E18FF13377EA2EF0
:10AB1000B1543B618CFB151E6DA36BE19A12E932B7
:10AB2000EB3CFB2155517400F963554FC90099C6A0
:10AB30000635F5207C1DBC1BB6BAD96637A8372C64
:10AB4000B2B4951D9728266A31B7A51EF15E100094
:10AB500020EB1D7F573B3355225B6FD1744A9F4AD0
:10AB6000915F20D5336AA631D62DABE6DBF4CE9AC1
:10AB7000530F93E30C510E00504DE8D8D40335A980
:10AB8000A72963EF1C9A2570DA1F57180072CE5E52
:10AB900024E6204A6BDAAAF2D63D759D99F651005B
:10ABA00006D29707C49770C252B1CFA6F7B958F52D
:10ABB0002B331E46806DF170A47D2DB8F29827AA24
:10ABC000AC474971AF467B00B8D59EB947E1399E85
:10ABD0003E22A4D8438908CE3686D0F58C8D7B26BC
:10ABE000B5FE5A6667D8CCCDAA141097E8539400E6
:10ABF000EF9AA26E35C243DD9ADAFA7203D7861F46
:10AC0000A74D0EFEBA7E07ECCCBEFCFA11CF403049
:10AC100072A00A6704F1A600023B08AC218FD47C25
:10AC200027B3B63E3760CD8683BE7311E1F10DF1D7
:10AC3000A46FAA7646C316D17C8F7C4042347B0039
:10AC40002A56119D09206BF0CC636B3B59E914C760
:10AC5000D6DE37089254E0999D91AACB09E48AE2A6
:10AC6000AE2245F94C613E00DB1F5BD0809EA830D0
:10AC7000E0B83C7CCC4F87590CC77FC9D5A6B252EF
:10AC800071E319E4DC7484190CE2721A3B5A750002
:10AC90005B095EF9A654D1F4EC53D036F9C59F6335
:10ACA000C3701F14916D716F4093F6576E1A437DF8
:10ACB000D0884DB26D9F3800E11B8328BF8AA9461A
:10ACC000E713CABB14DD595BCD1E44E81AA4D1803A
:10ACD000ABB810DFB0982D06F85AB94C99EFB60012
:10ACE0001E41F0F98A534E5E0615AE77657108E88D
:10ACF000812159B75373C260999B9201D0CDD70F70
:10AD0000A32301B7DC1A8B00D367704A8B475B2003
:10AD10007350C9DD973EC11C9766458F3DE0B5DA9B
:10AD2000A624898C7D17F8B4D4F9EE8CF18CE2005E
:10AD3000360610C5519FABC7299759D4A22405A147
:10AD40008F585AF740C3FAA8E67F24FD22431CA976
:10AD50009F3F2576339C2500B9756D96935246AD7D
:10AD6000BC8E937AA98D99D2312A19B944896CF68F
:10AD70000081BD0E41DE54CA88F75B77A330FD0029
:10AD8000DA030CFD0B54DCBBB5772F5736E4F4DC4B
:10AD9000022D809D8F7DC093F8AC9B8F7328B63BAE
:10ADA00081ADCFF1928A1600FF6237735AFD1A10F7
:10ADB000B3CF69AB95DBCA1D6B91DB7278CCA66310
:10ADC000BC04B1447CC5C0F0D863E8362D952000A2
:10ADD000B0A94F9AD9631EE9F7F85D9EE163CAA254
:10ADE00095C332490156FB34CDD04D048E745ADEE2
:10ADF0009215A8E8BB0DF600F721FA03FD1D6ACAFB
:10AE0000F8BF60E1A9EFC61A0DE889C493002B20B2
:10AE10000984BF256DBF0296B6FAF0614B898D009B
:10AE200099B17B1292246852DD2F08F5624198890E
:10AE3000549FE4381C670B0FFFCD3BF1E5CB4E86EA
:10AE4000ADD325D03477F600914F90FC4AB199905C
:10AE5000639138AD41BB354254E235A2BF5F9F13C9
:10AE600083A3501BE3EEB398D4415D666B1ADF00F9
:10AE700089A954A1C84EC769982DD1F3DB3C95141C
:10AE80008CFFDA1582E4F858193924D3576C1D99D0
:10AE9000A43BE086603B2D0047AA9CBA44EDEC261B
:10AEA000CE15A0BDC0022664114693A07B93AB12C1
:10AEB000B8458E80B40A25AD1DAC54322F667000A3
:10AEC000AE8EEDEF366C092076D9F20D7A9F9B3D60
:10AED000CEE4D76644F52D754E748F6D88E4560D1B
:10AEE000D58AE8BBD0AEBA0028F25220EF8017FD19
:10AEF000486749D7AD1D18D12DA02C0F87D536CE68
:10AF0000CC9DBC74F52F9CC63F51F340AC4425004A
:10AF10001EF49DD8B7EC8F3F1C99518B7A7F60B699
:10AF2000DE0E01E7DBEF491C465B1264336498E6F2
:10AF30001E0AEE7AC447E6000C70A60283A7E2AAB6
:10AF40000F37FA29ACE0B80A65964F8547D9691ED4
:10AF5000F5F0BCC9FF83D927B0FD434F7FA00700A0
:10AF60003F69D4E7304B4317E31E8D49E1565C4CF3
:10AF70009E91E6C00431C920DDB886E1881429031A
:10AF8000D4CEB2809D80DC0083A1F19B3332E26A93
:10AF90009BB0BEF65D5C52C22147B61594D56A9847
:10AFA0004F97C54CDC929C29C6A532088275CC000F
:10AFB00090E7E863399F1712154C7D24FC64CBEAB7
:10AFC000903C62FB17CFD0B2243858A62EDF47B48E
:10AFD000C80D074D784247007DF0BD092D2F75E85B
:10AFE000DBE94BCB9255427D02561F46384F861700
:10AFF000BCEA0D2C788D24B7A28A6C649AD3CA005F
:10B00000DC0E3555EED250BD43079E209A74AA3609
:10B01000165206A02C39DAD865638FB64B0AA33DC9
:10B020004BFDAEF4281EB0006C3BC893DF33F04FED
:10B03000FD519C0088ECDAB9FC35BB3464D57754FB
:10B04000A7234E370F1F1E76407F524AB0F7C90024
:10B0500081367A379B75F444321F3D007D825A4D0C
:10B06000738601FEF141B25EDF7AA278368C8B05E1
:10B070009E15788593EC9500B436BE8DDBB7F4ED64
:10B08000C9EF534210C2677C145FB25D0E8FAE5D94
:10B090006A395F7D6F42269ADD3B86AEFE01710004
:10B0A00076B2C77DC1605C7754415B5DEF19604249
:10B0B00061632E5773CA923AA0B7CB4FE562E3673C
:10B0C00093F5D7A1FE13F6008FE5941A42B38C7660
:10B0D00040868D20DA372375F0FB6A6F9D68FE5F2E
:10B0E0007F994AD02ACC6251C8D9E7D8445FA900D9
:10B0F00090BC23AB3959E5ABF00831993E08A971F2
:10B100001E3605563EF2F0B28C818613A652267189
:10B110001DC5AD29CCAE9300B442356DA10FBB83E4
:10B120005233DE7078B53AA7FEDDF402CF29CDA701
:10B130005F633B8900D0BCEF1369AA8D63004600B2
:10B14000017BC475C9372D45521D251034A2B22587
:10B150003FA22D2C140203E03AB9A21DCE90BB22CF
:10B16000B92A03699D483A00C970749D5110AA2DEF
:10B170002EE1B66269AA65CCCE5E62C620F7F4A263
:10B180006B47C18FEB4B2E862D6EBB0239841200AC
:10B19000EAE89286D9284AFBD46C1081732016D62F
:10B1A00051250F5A04F82C2F55DAD3DEB501D259A8
:10B1B000AB550183D4D9D100F2E094AB82A087577C
:10B1C000EFDEFA43329F89E95BF5CE2A95C571051A
:10B1D0008C22EE0313335E2A88E966358266BB0053
:10B1E0000BFADB7D3949D8616E879ED8DCA90DD179
:10B1F000989D3B33E4B3F91461789D7438739D9D39
:10B20000DC0E534549E1D8002C7F08F0461B65D879
:10B21000D0BCAB650958EF6BD71D7052087B01227B
:10B220006E7ABD6E5968245A5DB6019E66E10100D2
:10B23000126D801605250DEAADE986C5A6E3BC9A18
:10B240007E9C8E03DCFF7B74550C4AB04AD3E542EA
:10B2500071A1A9457E8B9D009CD0ADB33059F7F606
:10B26000F792D7C7DB1528A37CF5A671D182E658E3
:10B27000AB34CA9072825CA7ABA9D35E5CE3EC00EE
:10B28000E86BDD452808F150640F88878703BC0010
:10B29000D00A27707E33A85F2B1E47E39921B7D1D0
:10B2A00051FD3EBE565D7C0061B1BEE05B8DC3DDED
:10B2B000BC436292B874B873189BDA61CCD1A30B0B
:10B2C000CA32A7A20913A63072CD961A027D2700B2
:10B2D000DF85E18752B5A1A648DCFA72CADDDC7FC2
:10B2E0007C39504FCCC32435FBA34EF58F155B98AA
:10B2F00022E5BE4231BFF000D079B64609D8F3B698
:10B3000082E5B3AB2C23B0945C6C40E93CDE69EA87
:10B310005FD1178ECB1FB9B397FE7E02D3DC9D00A1
:10B320001D849FDEA5A01E5E907998F945F17B1CD7
:10B330009E69CF7F7E6D813003D0137978A703D1CA
:10B34000BBD230C2AFA57A00DE05466949510CB9BF
:10B3500011916FF73A70001DDA106DF7F78C1D959B
:10B36000AA3B6B02D6663793882484D09D9BB2009B
:10B370006784D82B5D0F50B37C300E499735EE664D
:10B38000DFC19B3F7AFECC0D44C858858977D6EB48
:10B39000746829F9AE9382006464690082DB13E368
:10B3A000763CD976B7E150D7953EBB3AD6C2861CDB
:10B3B000827A360B7D61BC218BB58CE426F2960037
:10B3C000F79DBD6803DE8BB087429E0F80133D530F
:10B3D0006E9AE26CE8F82155F62AD79EDEA7AF3FB9
:10B3E00026C585A2AC8E0100A229769B9DE4D69647
:10B3F0006B5D643F563397638DBA52352B110090C5
:10B40000B3DC74B2CB92399849DC5C1E1C46BD009B
:10B41000E73DFFB25A9227194EC23BC998301060DF
:10B42000C4568B1B30E2AE18DA8D0566FD86CBF470
:10B430009C8FFD64F82691005507792FECCD83157C
:10B44000C495230FC047C4F7DEB52B7CC76A8B3980
:10B45000778EADE64EFF5E8C275FC43958CC9400E2
:10B46000F5972E80A68778610E5FC17849008F46D8
:10B47000F6945DCECE3DE07844B27B248ED3544E1C
:10B48000F0103C606D37340094F590A01E2F580FDB
:10B49000FC4BDC49DD816331EFEA02807A5A5A8D38
:10B4A000332462D6BA9D9354287017BAE8ABED00E6
:10B4B0002FC66F27A2C8400EE3ED7EB604220E6EA3
:10B4C000B98F0200DAB46F8ED30BA3AE7B2298D172
:10B4D00025E405D1FFA02300AD465808CC93A6C6AD
:10B4E00035028A3B87B8064A78CC4B2B739BEA59C6
:10B4F000C8C4ED527C04A1313E51EED2711EA000B1
:10B500007C51A234028712A044723100F8E744ED66
:10B5100095F1D0275966917FE636273713B1316C04
:10B52000F56CFF9B920A0B00B80331187850ECCCF5
:10B5300073608394991B6E5542CA64906358D646D3
:10B54000E4E2AB85C9B630077FA1390A9C7F2800A9
:10B55000B71EE6D72EE70A5C7A9B38B013B8848E04
:10B560004FF6C47743C94D09C8314243281FCDC89F
:10B5700053AE28200E20AB0074D015E8F9A4C6D92C
:10B58000D4F96582D35ECC5875BC79F4B88BB2AE71
:10B59000EF511E430AA9FE18BBD8174249D826000E
:10B5A00076353C11B62687366024BC4175685567F0
:10B5B000442741575B67F695D927D639B3D1D5755E
:10B5C000ED6594982A27770056DE02B9E253AFCD95
:10B5D000E520E15F8A5A5A807F9A6B784784AF5B97
:10B5E000B17052254E00FBE2F14528F75EBE8C009B
:10B5F00085F02A7FC8B8E3524E291B3ED703AE6EB2
:10B60000C65105D70592F2FF0F913BC264B3A3C0A8
:10B61000A94894B424624E00A9E9E91CA018869CAC
:10B620007124D8C0796570626BAB440369005DC258
:10B6300082ABB35FD5C9C87E31A2816DBC9E7C0050
:10B640009E6D299BDC613254838AADE4C3C05402F1
:10B650004C91B2BEA0969C5AA817557C8C2CD0D980
:10B660006B4EFBE9FC3747000DCA08EEA7F3F72D38
:10B67000D35204F983C3408F428603D1A3021459E5
:10B680006917438BCAE8F3C84459FB5599610E000A
:10B69000387AAEF42C1B54C8134B3DB8332AE10161
:10B6A0004A965E763501F0C8849E44B637735FD102
:10B6B00008160885ACD76D00BC5CF47C595BB28C75
:10B6C000AD0C32D2C0A27ED7334822A76D5128EFED
:10B6D000085FCFCF8E262046B36A65B77ED1ED00D6
:10B6E00090A534510B738FA0497C8691B5E702D5A4
:10B6F0009F248B8F9BF5CBE16D1982B5D4DF0204BB
:10B700007898944AA51332001944ACF1CE90AEED6E
:10B710009214AEDAFEE601C97C432FCB9306F37D8B
:10B72000C004CB4D9B3D178848DEBECD88230D005D
:10B730001E51E5FB7289527484623A4A6758662A40
:10B74000C00F40506370830CA85F3E68C0A37D3C6F
:10B75000ADE013E14FF6F70019741E6E0140C3858A
:10B76000C729D647828E3DEC5D071023342FDED3E8
:10B77000CE26C8493AB64E03A65C2EDC89223F008D
:10B780008AD8A11C730E2D25AEACAC30B28E0683C8
:10B790007BC628248654CE3AEECE199676955C0365
:10B7A000E4010502EE3AA50081D2620F0C55AFA963
:10B7B00061258C07FC15AC9A7CF362347B405648BB
:10B7C00038BBAF8DAAE2B9D61F96533EED4C8F0021
:10B7D0008FA4C1B6E9DCB2201B6DBACCDE6F853612
:10B7E0003D41D92E31BCC7AB5C50A76522C2F78B57
:10B7F0000FE2E9D708DE42009268217BA4CECCA3F9
:10B80000088E85D7363365407018D3619219125E61
:10B810000E18E3BDEC9F4DB9C4CBF7BD1F01DA0094
:10B82000EB58CAF1EFD0F85165F43F0744E66B3EA0
:10B830009E49F2FD7F8333971E5639B901A7C9EEA1
:10B84000F5A69E39171FD8007B545AEC24831EAAF4
:10B85000C408783CE95CBEE91E67524B0D9307B6FD
:10B86000EC13DAAE5B7C8CF0FF81B3301A54090024
:10B870004CC57F11207C4FC65789DC15CDFAC76CAB
:10B8800059EB657935A2238D1D31FE3D6D10017692
:10B890007E6D67E44DDB2C004E001DBC1B474CEA5F
:10B8A000F6D8FE54C0D36B74FEF27EC2519BD6C252
:10B8B000C37B9874C6CB9FCEB655CE802C345D002A
:10B8C000550095B8643C07980DFFC7CD0A16E5CD25
:10B8D0007D18E9DC023E9C2B36F4E4B913BE6AA461
:10B8E0006F87551BE18682003276527DBD93C03151
:10B8F000467E968086EA733A4D46FDE7758EC8BE51
:10B9000089CFCC37E5D4F21D2B2ABA4C4EDD7D0011
:10B91000A345D75D09C51D788655D100928C437E1D
:10B92000635199222D0B00513EB7FE9F9AE1CB57F0
:10B93000321984B77276C000F6BBB9346B534951E3
:10B940006BE0A08B99F998DA32ED24B99210B631F8
:10B95000382C18FED30778D1E963581619187500EA
:10B96000F7B92428750186CB2423E65CC19E4FD706
:10B9700069FF5D302262352349717CA90DDDB24D2E
:10B98000A56E3D9F95DB35009FEDEAD33D261A0F4E
:10B990000AF46EB3B40A01FA20C56C25DE60A58FE7
:10B9A0009EA8DA35E8A1D190C547BF3C0EA8D900C2
:10B9B0008DF0F40BCA604F73142B38DB1471BE6C1E
:10B9C00046E0C36F7D3BB5B46C46AF13F2F6617BC6
:10B9D00004A79BEE63D73700231D460C2A65D72F9B
:10B9E0000A05EA9B0F1795C6F976A27449F7026714
:10B9F000B8EBD1A3BF189B788F937AA1DE36BD0038
:10BA0000131A0CC89FE84D450C2C97BF274B5209C1
:10BA10001CDF806E4DE2F6707277B9ABB50DB63EA5
:10BA20000C7B984CCC88210098EADAF323A3728728
:10BA300079D74F9235898491643617714D0D038CF7
:10BA4000687A756FAB042C83452A68FBCA0CC30067
:10BA50001FAB8C45D9407636D50EE57EBC245A0600
:10BA6000F1E298E42B2D5B9595FABDF65AFE82849F
:10BA7000214EEDBAB7B0C100483FE3782F1C6FC527
:10BA80006148E5736156DF1CDAF788F3098DEC092C
:10BA90004A22C0B3A643C0BD11C5AD5BF563020029
:10BAA000E2168663EF608EBF785C3AD003BD4152E8
:10BAB0004769C5F83A70D6A45369F4BFC5940631F6
:10BAC000C872AB59C8ECED0092DC5003DC95E9D8A4
:10BAD00026A5F0EDAFF60AD8AB2A719C3745D3EA1C
:10BAE000019933AC313543DFE506795E04735900C3
:10BAF000DE250CD6A55C078F75386EE02F00D64F7B
:10BB000065722FAC15E86937B5BF8ED831B0B9541E
:10BB1000FBCA371299517400D40F3B847C4D239D8E
:10BB2000144E55BA3814919EB27D6A3458842EED65
:10BB3000AE466FD25DD73DD27D866210C9B2750028
:10BB400006DBA21A9D37A7800085D74188D9F43833
:10BB5000FEFF2E2DC9D5E04A5D621B0A4CAF825212
:10BB60006CD85B0FB67DFC0079EB37B70E658DDBCB
:10BB70005D23FAB2F69E752B5788ECEFC25D5757DE
:10BB8000BF65ABD54C8915D6F4D859B913EFEF0082
:10BB90008ADAD268A74122898D198BD571561494FF
:10BBA0006BBA18ED35B7AD899DB9675D9F650C51CE
:10BBB0001D2157E3176CC800ADD7C69CACF82FB950
:10BBC00062391ABFE7B30B1AA223F1BA9FBC7DF604
:10BBD00054E860FDD195418CF150E9C290EC3900F8
:10BBE00045A6FE72775444961121FA5B2820D1DED7
:10BBF0008791B77380FE9821C070A2073F1321E49C
:10BC0000C01B66B8EC5F980010712E3E040040190E
:10BC1000092A69DF4285F60B4DA76F74912B1AB97B
:10BC2000753B3BE6092D4B0A64C248FBA87F0B001D
:10BC300043CBB181C9FB82221C7F7A3608D78A495F
:10BC40003CAA9F689085F6C53C03B9989226CC39EA
:10BC50009F0E3D3DF97AA500647590F69B6158BE34
:10BC6000016D7AFAC846A5E65A0D179DCEA5975FD5
:10BC7000B28C8515900A5E2408ACCFBC68B6AE00C5
:10BC80003D3058F97A4A4AB279FFC25AD2D5380AB9
:10BC9000362E616A1AB09BF85042F0ADC2A6BED1F2
:10BCA0003C7EE4A9A9BE8F00B746C821797C58899B
:10BCB000A807A0DFAA52646C06684134A7B5CE136A
:10BCC000191A9A8ADD3C59C46179C8145CAA5600D5
:10BCD000AE97998AC810173A866660538AEAC7B148
:10BCE00098A7E344870139203EF2F30A3872AA0587
:10BCF0002007547BB20E28000B85EE5AB3E38CF676
:10BD00005DBC767A17DD7D986D9FB4D6312A997225
:10BD10001940EF723B5A6CC1315832530202E400B1
:10BD20000341F88816CC2A1F9ADEC63AD0B78FC9CD
:10BD30005EC8B128E1B8C7223081885DDFA2955C7A
:10BD400076E6C82F79FAB10035914ABD6830F244E1
:10BD5000AA51423A9A6BDBEB0EDCDF515E7B921705
:10BD600021A78B637039C86EDD7738A6AFF6D30094
:10BD700086F94811AFE13934F22CAB4555F4F7C0E0
:10BD80007B4436F6108B81F2B9DB2C0BF12CF13DA4
:10BD900064761BB4C18F9B0018C76ED75F18DC9CFC
:10BDA000FD49BF7AB828357B5C84F4856771534CB4
:10BDB00032DEF58DEA505420EC269F7848E71E00CD
:10BDC0003D2969C78E60479C2FE8C93BE87E1B442C
:10BDD0008B309F39C7B35BED83C32B907D4856D919
:10BDE0002D5CD55216E6E900A9DDCA5913C7F4EE59
:10BDF000413F1B82309DB2422C5935329CA81FD046
:10BE00000A7CD46D35C5839CDEA4A6221D44100097
:10BE10009BE1C8E0269EF472F707F6A371F70D4E7A
:10BE200005FA6476D53889AF993AE3B8FD114293A3
:10BE3000840F8F4226BC8900F73A2681E8BBE4676D
:10BE40007D5CCBA6BB17DA61402E653E3074170DC2
:10BE500042EC8EBD18B571964B71E1380DE52900A5
:10BE600008CB9BF4E6498E6AE456FEB2BF507316C7
:10BE7000820233820CFBCB63FE62E5C38DD4BE0E1F
:10BE8000D8384EF9F6A9080048945AA23E12B78F46
:10BE90004F4CF14F6B8CE77FD65803ED5AFF35FCC2
:10BEA0001E866122382ACA36EDD99F6B5A5B430041
:10BEB00090B48430354928F69AF5C478C133096ABC
:10BEC0003B41A17D9CB03644EC4D5C33C73A91D6E2
:10BED000A40AA8365028BA009AE4330FBC807DE942
:10BEE00068572CD72E98F05538167D14D928EBE3D7
:10BEF0008EBC49BCBBB2D08E9777EEAE2E38ED002B
:10BF000026788400A981A61838850FF008F03E83B2
:10BF10002268771598CFF6E5E13F591135E6BEACBA
:10BF200001EDB8F32061C500057CF2CBC240D9E435
:10BF30001F3E6C0A6DCE9A91467E6DDE54282A769D
:10BF4000B856957D7820D2A4AE8AAE9B123C3B00B9
:10BF50004AE42E809C5DF4FF9234F6DEA43536B2BE
:10BF600051E38E01298E612F02D2725D1F9077A856
:10BF7000343D8F5DAAF05100027CDBD223DED51068
:10BF8000D9CAA2122182C9BC4A8ADC1BEB630D50BC
:10BF9000A71D8EA1776861D8611EE997411F5E00D9
:10BFA0002756246E326256AF4F5380C90BFA511B8D
:10BFB0007A362B0002DF8117F8D42943312E0A7D0F
:10BFC0009E45A251F414EB0010DD25A277C984C36D
:10BFD00090FEA548B000305348732F2175BD1AD28A
:10BFE000D566AF1F42E390A92CC4BC9341D5A400F1
:10BFF0006C9D04B29B69EC13B47C9BD178D858B18A
:10C000006865BFFCDE066D1E0C35FCED60604652B7
:10C0100053AD5270762E9400C77651BFAB25FB838B
:10C0200083AF9E7FEB406DDECF676A1137F9207FCB
:10C0300001927E5E9A0C4E696B495E31422D8D00F5
:10C04000A4DD362171A9B9AE5FC3DF693BDD754A56
:10C0500009D88310E910EBD252E905D159D2C9575A
:10C060001D05EBF983A64600F281DD12DCD7163DF3
:10C070002167D2D434617BADBAD62272940C1F23CF
:10C08000A8962EB9AC8BCAABCBAF19570129E500E6
:10C0900070DD4D38AB323859606E043FA93BFED499
:10C0A00021F8337BD06ABE08D01DFD2F2FE029F286
:10C0B00092F14DD0BAD16F009718539F482CCE0102
:10C0C0007DBE23ACCFA79E60D230AF2C0383D4BDFE
:10C0D00021513807DE3D11410061B57805EBC800FC
:10C0E0002D5B9E697FF33F594A7451AEFE7E20A9B5
:10C0F000FAA0819B0C8D5ADCF7D78BFA9F7ECF314B
:10C100006F1128B8FAD0090088907BBB570FA68220
:10C11000ADCF79AF132D249FE930210AB76A7102A0
:10C1200014903CDA58304B3707C2A3C70AD9DC0059
:10C13000F3B1C4D91AA13FBF7D452BD6B331F3D497
:10C140004E765171855F8FA4D04A702A944E91C863
:10C150003CFA3390AEDBE300C84D3976C9E92BA336
:10C1600002F5B58C385902A06674997D519BEC2775
:10C17000D0828F5C6B8C245133E26BF7E5F635008F
:10C18000D298C7D93F44E9B96D0455FC16BB62404B
:10C19000043CCEF017950178964F9DAE9B9596E79F
:10C1A000C83029514872CF00DCC72AAE09A83776BB
:10C1B000B6ADBACB3F3707994ED6E5CF78C234EB50
:10C1C000AFCC3085D6A5098DBE49DBA71EFE9F00EA
:10C1D0008D50A4FB8FE533F440AAF321BE15D5CDD5
:10C1E000DC1D0F8679ACD10715DFC1CDC1203665C6
:10C1F0008BB852608EA25A000BCED0A0582223A03A
:10C200009FB4F55D1068E74220119C62F4F97D9BB4
:10C2100067A5FDA451CBB10B36F9957D3388EB00B2
:10C22000275DF494EFE8D22F009793E1A92C509A60
:10C230008F25B45A8BAE7A5AA11B70B4F105EC98D5
:10C24000EF368D60DB6B7E00D4DF9C8BE85D01FEFA
:10C250005EC1F8B0A74537E19C23E667EE8C72A378
:10C260001352AD278C53894F295F2481670D9600A7
:10C2700049A709C1F19F8E271674E5E9C6F6832AFE
:10C28000CB73490367DB98D7F2AC310525FB9933B3
:10C29000F01B93EC4C48D20027AB29C0619D5C4455
:10C2A00053F4306E2F9D2B7488725C84BDA2C0A99C
:10C2B0009822F18D1DBE5DD1E22E33DCCD66AF003C
:10C2C00064340CE411A4C5A019EED0FAFB07AE8AC1
:10C2D000A69554233CDDE78ED330C2AEC3A0257BA8
:10C2E0002F94C69836BAF6001FA6C51BCFE7B0C17B
:10C2F000D6E84698EC2E9A6963785D6AEDA3AD8125
:10C30000E21CED5700351308225C037FC2859C00B8
:10C3100094F1C0669EE2235068B7EB5D09D62944CC
:10C3200095309068EF12AD442F6B7A72A97A43076B
:10C33000AB13F011E1439800176E2298DB853ABEEB
:10C34000F38A75E48E2CFF5D2E8EBD326F72D6415E
:10C350005E94DCFECFCD4BCE7229EBFF8AC0170076
:10C36000A9CA337E66DA8BCC26FAEFB652E975ABF2
:10C370003F2574C088F04C2EF66174AB3B1B53BB59
:10C38000152C0A3ECF933C00AFEDF713C28B4B0147
:10C39000805E64F7C8CFF2AA003F0A6A6CE2EDD46F
:10C3A0000324DA59ECA8EADB943683ABC0A05F0023
:10C3B000A59F47FCCBC2436EF702AE1232797FFCD9
:10C3C000E127E0E128593D0D3F458F05E5174C1B5E
:10C3D0000757AEA932EA7F006C26CFA4CC8B109A07
:10C3E000F98EE25A40755431F5BDBC231917AC6C77
:10C3F000A1F16884A411555C939D6FCAFD8E8700DE
:10C400009BE12953BCE9238C08D9F0BAF4147B9141
:10C41000F254F9287A92379A799F203A4866ED408B
:10C42000B2483EBEF964F500C7270B5CA70264B5AD
:10C43000623E42E69F0FC6E0611B865C6CAF748C67
:10C440000AE6E950067C6B6E3B988CF0D4845B0066
:10C4500007B0E91761AABEF104D16A9A70EDDC3128
:10C46000C3AE084B47831B4B37CD3C6511003DA63F
:10C47000037DBB4C59B3F000ECDFFBBED9C97DE2B4
:10C48000070C328BD1EBF9C9BB5D8BE73D8EF69D76
:10C490008664A0F9BC15C36CE26368BA5FF35F0001
:10C4A00032595E3FFDAB1AFA445A4CBF0C44D3E9F3
:10C4B00063F37429963AE31A6A1524B019059A723F
:10C4C000E983EDC2093FCB00920E3A1DEC573A5B6F
:10C4D0002D184C7D6DD0092638A94058B733E0E2BD
:10C4E000FB526A5454B0E0092BF91EF026CF00002D
:10C4F000CC2CFAF5E762E2558E7013E738B3766B11
:10C5000016EC85D4548048EE5B3711B7E63B167CB9
:10C5100061C4EAC4F3E6750057EFFCD0EC616B1B15
:10C52000285EAD05FE1965BC6FEDA0E1022AA610DC
:10C530003B634794A8F5EB27C50AA011C77D6300AC
:10C54000D56AC74B544BA4D7ABCF9FAF40E86A1F07
:10C55000B19E3FF51B2959B0FC2BAA64EED01F41B8
:10C56000017B3C1DE79988007F552239DA01FC8068
:10C5700037FA15629BF2539E504876133E81B317EB
:10C58000C9A5D1D5D0B1201ADC6774612E0AFB0091
:10C590003FDC45D6329CB7FCB8FF4244723DC64BE7
:10C5A0008CF5D4825FBD876A53774C130C0DBE7136
:10C5B0006F2DBC7897153800E8AD9DEAD2B8DF330F
:10C5C00082F682A2E2950AA06D36C0DF150E2660C3
:10C5D000E32C9BF806973F06E4D3B9876D185E00FD
:10C5E000BAD97395A9C0BA49D2AEBFA6500E00CA37
:10C5F000B10EDDC697F7ADDB71AAC45982BB50EF0F
:10C600006616D12827500B0007D0A8A247EB96D07A
:10C610002F148B47884CE76C1926D6F4F577F00574
:10C62000C6B26DFC566222BA8BE64093A5AC7F0081
:10C630003C936ADE55C31E2B25C25933D1AEA2BE30
:10C640005B7F759A103A3BED6AA68D0EAAC88E9F45
:10C650004CC2613FC48A3C00754EA418C5357EA407
:10C66000D914851C61B020268B0EBBE747347D6B47
:10C67000EAC1AEE37685AC45D933E7386415D60018
:10C6800086B064A92C91EA8A67058C6F85A8A004FE
:10C6900049AD81294F5530CB963BD1FE4A02CB8024
:10C6A000111FEC6EB93B520022751B054ACA05B436
:10C6B00019359490013ECDD29FAF88A98819688D15
:10C6C000258B61999708393969F56198DEEF1F006C
:10C6D000789311FE7B8B8AF3CA8451B9F3F4FFB0CF
:10C6E000CB851497BC8484AE8A7FAD8DF0C50DA632
:10C6F0002C72B5A863AF01006C78458BDEF660E75D
:10C7000000C725EC3D2F3D7E9E72C7ECFEA36FBC9B
:10C710009D0009CD1523AB7AA323CF3004960600E4
:10C72000EA049159372DEB26D5F9E0AA66244FB5D6
:10C73000EF8156E5F8477FC498E98C9A1C197F82EF
:10C74000C742849F6C3BCD008583FA654708E39E12
:10C7500018E85F56C4502D8ED0F0FFF54A922BBEDC
:10C76000C652F506C0DEA35F194D91F8E42E88008D
:10C7700048E3FCF845F1136B7391EA0725E6C061C5
:10C780001764F58A0DBF74B1D7F82E740770B02CFA
:10C79000E551BF751C94080041899B2C2A89938E12
:10C7A000B303C90A02BEE2EA32C460570C12FE1B90
:10C7B000E984EC150D22C494AF983F30EDA34C00F2
:10C7C0007196D09161E6241786EC5CB37D766DA5F9
:10C7D00067CF74FBCD9779988E935027ADD50DD93F
:10C7E000E43CAA8A82A7A400DDAF8B9B77200A369F
:10C7F0006B23DA3B6600392388678E78007B32A191
:10C80000BBC84F296FA0015D6B6D378C28F9E20022
:10C81000DCB94841FC241002CBE2189E87800EDB75
:10C820008D197899E5DF9CB6B632570EEBF671C0DC
:10C8300085400294DA861D0073CA2217F5661F210F
:10C84000874034382136555571002A173B9C6CD3EC
:10C85000C8BDA3B17C989195DC7C73E54F78180036
:10C860007FA769880EA6FC023F0DEB5BF279E74DCE
:10C87000257B99A2D0C6F493AB5F8B335FF37A53D9
:10C88000C3DF50E9B57236006B533A578AC192271D
:10C890002880621BE0658B10E5CB2742317F49C3BE
:10C8A0005184051E921CDC5B3E56AE4B0C662B0081
:10C8B0000C1419A5329E57CFD1CA1624003121037A
:10C8C0007ACE987B04E2B1B29FB717E79650D7EBC8
:10C8D00036E227F9AC5538000BF0F81B916C890F44
:10C8E000EE84BAB311BB01C01041A0932042190FCE
:10C8F000C60C7D9E6137CE4AB3C7605956A67800F4
:10C90000A4CD4716BAE5CC347553D3CFAED38E68D9
:10C9100003AA2DF074E5DFC156B379F34797B6ED5E
:10C9200007CC2807FE11E7002BB6430F380136234A
:10C93000A186FAF51BA33DE407875CF3321A9A42FD
:10C9400015BE38094E393C170CE04A709B4D540017
:10C9500088BEF3F1215B87006171A883010C22D1AD
:10C960000B6EC161556C65408740515E0DB1FF0093
:10C970007BBE483BB32E1600045CFA0462D98137B3
:10C98000789EA431CCCF12BBA6248A81F30609F786
:10C990007BFFAF83432CAF9B11316ED14B9EBD000B
:10C9A0002D5F08AB997C7AB7AA65D9EE6D3757A091
:10C9B0008E47E43FDD3B279072847D0EA83C40EB20
:10C9C000C4CA710461A75C00D49F6E4051E1882500
:10C9D00088B16DE0FC8D2E4669668881C51566C2FA
:10C9E00009323E18F7E880C45A1AF19D8ABDBD008D
:10C9F000E3AC4BFE0CCECC5956EAA6D9F61B081375
:10CA00006423B80285376100BF344D919307000855
:10CA100089CE32048694FD00956339EC83DACDB17A
:10CA20000A29B41A893399DBBE65854C7C91C4050B
:10CA3000BBD6F1C064FFD23F8D7011F3629CB7008A
:10CA40007ED216D3B983CB5EEF0392AA6AFD87B577
:10CA50006A0A9511CDA054D0B6DDC555D33967DE2D
:10CA600065BEB2018ABCDF0091BD8CF5538E2BF9F7
:10CA70005E10A5A962C3E3C2B0319F6704360229E4
:10CA80006C63E39DB50810664AAC7A26DC69EF005A
:10CA90009A66BDF0FFC53603A579C8B229E747FC01
:10CAA000965E7974D4BDC4416F719F11234CDB78BD
:10CAB00022496B9C38B36400963A928D9218405884
:10CAC00006338C11B7B980050B4D68DDE39334E074
:10CAD000CEC66F438551CF65D5A9A8B37247BD00B7
:10CAE000BDCC8E6618E42CC9E4CB4400B2F0F592BC
:10CAF000CD61CE3969782D870F313BE41C7E39B684
:10CB0000AFD654A993C79F00E0FCA6E4C1C16BD97E
:10CB1000CCCDFD791343D51889F68CADD10EA90281
:10CB2000B8A3E3D44E45CB2E7D08CE3D73BB8D001C
:10CB300040FD776B65667C4A467469328023BDABE5
:10CB4000B00C42175215C8E70F8306D42874F80BAF
:10CB50002ACA5024F77EE100D1CAA9C8A1F5987C61
:10CB6000473271096271D37FFBFB0B01061533E37A
:10CB7000BE324E08A3B3CEC5E29A9BA43306F3009F
:10CB8000C71295911402100F2F0F0B3268D8687CD2
:10CB9000764630E9ACCF7E0C95DC7EC3BBC9CBD9E1
:10CBA0006C4CB6F945496900C2F5FF48A965800695
:10CBB000302303D260B61BCA77F122DC8E2E020628
:10CBC00089389C87B8D0C7BD2ABA129A227BF60052
:10CBD000321DD71EA1E442F0EAC222E7D6189D8A90
:10CBE00043328F4943A9EEA88D327E1547DB3008CA
:10CBF000161F3651A78DC30026452B3442509EAEDA
:10CC0000CD309FF60D320A2EB6F6BDB39C076E46A8
:10CC1000CF7AE35E23FA8B781C4EB0D5746BCE00CE
:10CC200095318D0EF1FC32A179B626390DB3743BE6
:10CC300050991EB033F6F2715CB76EEFDBA0A1B86D
:10CC4000D8496685F3129200803EC6901F58292667
:10CC50007EE68DFF26332106DDEC107C45D86A1276
:10CC60009900934A8200DD84B7787C202F58C70052
:10CC7000F023A1E3E1981F6663BA9C203F7D967480
:10CC80008A6BBC296E940265DA88D7B3E32CD3B9DA
:10CC9000C4A29425DADF12002A1499E5C7A742102E
:10CCA000A74DF219EE17281D3A33A237B6D75D38D3
:10CCB0007A4B81067D212538F26728927D6F5F00CF
:10CCC000EB16A69B32F50CEB1A0378277693CC8CE7
:10CCD00030BF6C004A43C10C6D91B4C68D23C203B2
:10CCE000F0058216F6AEC3001EB18FBBA02118EC72
:10CCF0003F5E261FD51203DE340F8761551E99AEA5
:10CD0000BEF36F5A6BB7252A5FB47906442A0F0029
:10CD10008B048B7B5D31043A978C68AF8A901C1230
:10CD20006F99DAF01D0C951ED45EF7AD703779C798
:10CD3000694F4156C120290083531906040DD9FBC0
:10CD40002323F549351381E63A9B0E7AC156139594
:10CD500048092FB2E5F6BFEBD62BB40C66F1CB0039
:10CD6000C5F8742ED6E1DBAB366A54B5596105AC13
:10CD70002AEF44BC85968898CD6807F723A47F9D49
:10CD800041A6084A887A1B0028F8AC324BB15A06F3
:10CD9000D44E759DF85554C8598572EC8BFE2430DD
:10CDA00017612CEBDAAAC39D98A545997A949A004D
:10CDB0004809A8B1D822F383C2D28E220113FEE122
:10CDC000B7E896E8CB344C73C13F4D510A809309C4
:10CDD0006B64754DE6A4280047EADD1F904A9CCBA2
:10CDE000A21DEEAAB5686D4DDFAB6449F433593826
:10CDF000C3C351321DBDD994D74B2304DB6A450010
:10CE0000606FD04EFA5818A45067816CA8D0FC749B
:10CE10004E140C2D61C7F04512ACE4667589FB8594
:10CE2000B496B06A61E6C9006B6604AD1A7A0881EF
:10CE3000DCE71F2AF726DA5B0B0D5AC141EC6D4582
:10CE40008B619A807973135D10CCED8B450EA30036
:10CE5000E0BB412AC1F568A5F74F0AB35BFED68B4C
:10CE600010DF17661448739E882B80FB23F2028A1A
:10CE7000F32D88EDBF09D2000655F577E3FE7BFD63
:10CE8000E29EDFCD053E358219F5E19281DEEE05A9
:10CE900052ED1C7405F3146BD50D13117FDCF400F7
:10CEA00003D06A35D529703578DACAC7AB072C9C10
:10CEB000097CFF417E024DA3FFFC0718029B12CBA9
:10CEC000ADFC2A4B22947A00BAF9E776EC0F0C9865
:10CED000637011C1C001EA41725455BFE34AC2D028
:10CEE0008D16B9D60263C6C5B0DB556487729C0047
:10CEF000A8A65321FBA58DFC2629FE17D7849DD714
:10CF00002E584530CA6BAA6C63DD566FAD95403F15
:10CF10007AB75C7BC41E0300CD5BAD1459CF57EAD2
:10CF200014AAEAA4A5A776C9689DC6CA87456F302A
:10CF3000C9CB873D4A832D7732C2A17AD7B09400FE
:10CF400005BE3D2F8AEE67B34B4EFF05386383E97C
:10CF5000047B889DD3A0402AF9C7717BB17D44F939
:10CF6000DD2769E5FBD4F200F34279E3C916C5EE8B
:10CF700033C155CF11979801B2FFD61A1F0F18B8B9
:10CF800031CEFA8CDC9AA96B656AE2BA0C0DB80056
:10CF90003928045CE8A88CF4302D34137051CE3558
:10CFA000D6F6E969752DCB8F5198A9E110F36AD9AE
:10CFB0000F951D776B737400ACB88C8B37E465816B
:10CFC000D53CFE8A90C4F2CA839EB68CA492848615
:10CFD0005056BE1784BF6E3CA902F48777C99300F0
:10CFE0005EF6C082B91695FF260AEDBC4FE7A5B1E3
:10CFF0008568A84B3E0C8F2C8A0585B48283B87354
:10D000002FEABB2E3BDF81003B7E6D881AD8B983A7
:10D01000E0E04C27CC905C7120352F51A69DA551A6
:10D02000EA9600AA02915792DE8383B07590E800D9
:10D03000E56CC3020D56DF5558F7E0BB808D3E2EE0
:10D040001E64D5EEE7F27C5EF22EFE0E10DCEBE203
:10D05000198DC5F4F6C1EB00D59BA74BFEFF80D11F
:10D060002ABA51432B9D5B730112F91CB51BECCFFF
:10D07000FECA89BECD895696EC58DD70357D3300E9
:10D08000B4938C5A7EE0710B404618EEB77D181CA5
:10D09000EEAD84B5E97D034BE7A1AB562DCF9A1BCE
:10D0A000F893290D227D4200AE88D72C528191C67B
:10D0B00085804DF9A5417945E14142A93E89D19A42
:10D0C0002B85E24C616E31F83E337B2AEAD3A10016
:10D0D000D7759BC7A1EE584DFDCC62552A1AB209EF
:10D0E000E660862D9342D8B2C115D6569598420671
:10D0F000B0CB822F2AA5EC00E925F2D5F8FEE17D20
:10D100004844C3A31C2B726D8821BBA7F9C625B365
:10D11000B6C4FA5D45A1600DE9B105108A42400030
:10D12000DCD54AB7CA02CC199CEC97381213CFEA67
:10D1300004C3C99DF5DBB3E55E1D4FAE560C9A17CF
:10D1400087DF3FC255EF4900502EF6343806E89D80
:10D1500068325A33D25AEBA6556251809D5A1B321F
:10D16000D0BB3841AABC9C80525368898827CA002A
:10D17000C486E6CA61F031CFA9A62289B51FF8F1AD
:10D18000406EBB04A8B03D4D683C82103997260024
:10D190003C7D0C7CD5A1F200DF8115CD3C01AD3486
:10D1A000C7E2A04F498CDBFFFCCE8BA1BFD6046544
:10D1B0000BCAA063A83A3BC8DAD088542CFF64009D
:10D1C000F67C6F6D9013E5910A26629B0E44CDADFF
:10D1D00058B682DD34C58F889D83731AA747CFEB7D
:10D1E000B153758C1AD0E900195E2057780C3B9A20
:10D1F00097B0725D0A9E2D2901FB7A4FAB648F7246
:10D20000773AE51DF86812E8BD76CEB2FD6B0900ED
:10D21000CE47853129553DB1828DDED5F11501C04E
:10D220003C54471CC8FCDE8C2DA3822111F6A64B72
:10D2300017C4B3B5BDF90E000A7BCEBB4E1C9AF1E4
:10D240005EC4E7E50EED208CE5FFCD87A0DA265E13
:10D250005D88579C3222CC39588DFD1A239EA2003E
:10D2600083581C6144C3BD95948145307D671F1F61
:10D270002B19039BA06EDBE352E1D6FD422D0DC1BD
:10D28000DABBB6625451AD00CBBB15C2DFF7036405
:10D29000BF0E9FB357AFFAB736EF28C2274CBD8DEC
:10D2A00088F063F60C56795551743F37C638D00074
:10D2B00016F83674396D23977E20EAC0945FE853E0
:10D2C000B1B29543D37E05C013DA5061A1EEB464C8
:10D2D000E8C11D14BC1C7F00906D949F2B23633804
:10D2E000AE222B79AF93A9D4483E8D5CFC95D6D65F
:10D2F0007F13025E00D3401EFBAEFF29340BDE001D
:10D30000A3CF602B0746D13396677F6C754C551CB5
:10D31000CD03A8C2F9AFA49EEB48001974986539F3
:10D32000BAE64CF28EEB920084FBD10397D8F7A8B3
:10D330000E909EE507DDA4E8B00579261A6184D138
:10D340008AA8D3C496DF0E1F48571872065EDF0006
:10D35000E2200495D52A2D47124F4D9532F870A042
:10D360004A1F37B3E6D1B1C6241CAD98658D84E25F
:10D370006EBC43E5B0114F00EA72A39F1437BF1390
:10D3800026EB84E3A8F66336297DCAEF1AFE5F5ABE
:10D39000739265F28BA35D4717CFCEBE0B24CE00F0
:10D3A000BC48A350570E0F789F6DE8CF690C8DCA0B
:10D3B00061AF4370650F2095684C82CDD7C3843927
:10D3C000D7A8245FAEDAF800ABEDA9D7FB8BDB372B
:10D3D000130CB4A2FB3578D716EA5F0EEC01884730
:10D3E00023F3F03BC6E9DB207384006A9C347E00A3
:10D3F00027A3F04EBD05D8E04D4F3B4EF7B2A7CD69
:10D40000A3541CE733008E840895A55889B373D3C1
:10D41000D350CDEA6F396500D205245F4894A0113E
:10D42000CC2A56560E24E4A5A6CD91839E45BBC4B6
:10D430007B1570F212C7030563140AB9CAAD9300D5
:10D44000C43293E3A730F1649EEB5F9BD3BD4EAD36
:10D45000DA2ADADDD9DD572DA1670DE1DEFA5FB2F8
:10D4600058D9B7E7E2393E00F4E5F320A38D230E47
:10D470004C3BAAFCA4839EB444FE92CC12D9C85B58
:10D48000BB2186478FDDF00AFCF43B0E4E21DF0006
:10D49000060C0A1F0D1BB6E3C6BDF80BE1251FE005
:10D4A0001555B2A1721DFFA9BABF1D4DE566FF3625
:10D4B0005CE75AE9CB960100FD5B8C4188C56A2484
:10D4C000AB7379A7557FBC6F0137CCCD35E73E6094
:10D4D00070C0481CE1D2FFF3ADCAB060A48D440017
:10D4E000F8BECA7C47CA3CCE5E82C3036D7FCAA128
:10D4F000CA31276C96E3B96906CE3D516E22231DD1
:10D50000C458D1EB6E114B004B6AC566485211D519
:10D510004ECF3726C4BB970CC8360B4289B8CEC94C
:10D52000D27E07749ABCB886B808AD3857836100BC
:10D5300093E5FD4A061ADC670D5028FF2710FD70A1
:10D5400041819B7DCEBFFCEFA77DC7C19681D35C97
:10D55000CA881A7CD4D56700E27601266242B6A852
:10D5600063FDDDBC07799D15E2702F28A27FBCB753
:10D57000213623346A9AA3D323415460BD01B000FD
:10D58000932D1FA380A39FA23B39BF1E84739EB31C
:10D590008DBA33A24F1879229251282DBD610D7A90
:10D5A0003CA504112A06EB00EBD8FC0BB985B3139C
:10D5B0000C163B76586F564DB20EF595D1596E8AC2
:10D5C0001B74653CAC67EFD4BD3BF191CD376F0068
:10D5D000FB603CABAEA7DE2DA9463A020ADB104E3B
:10D5E000DDA730ADA297B39661E42FBDA90BFE3B3A
:10D5F000C6D716B16F5936007C0880DB088BDB2A52
:10D600009F314E1B3151D16E53B247D9BE29B71449
:10D610005B57884818B58D0465C6377EB673880099
:10D6200018F4B63FEE3620692B8E9FC4161F9FF369
:10D63000518DC7872E0C5D0C376B92F3702D84D5FE
:10D640008D81D84BDCD6E10065D2F35102B4D64DC2
:10D6500081AD61DBCF9C1D0F67AD7383AC80AC30B7
:10D66000072C1DDC037C56E7A38AD1F281322C0003
:10D670002B63AB3050ABE25C1F5EC717819B1C0E67
:10D68000FB594ED7279362D4BF106F4B548DF86C63
:10D69000193E25F2A8E2AC0019BA31E6B1E8CD8214
:10D6A00039CF0D3D50C5C867EE945A4BC2BC69E1F5
:10D6B0003C9F76854D0E463A212C212B6C169F00FF
:10D6C000865D96DE6A28722CCFF9C23BAAC55A1F26
:10D6D000C36DB2CE571310B33EE2D2513706A751F5
:10D6E0005806939F938E4E002BA539CE8A22096D42
:10D6F00041FD482CEEC87EE9073BA0DDFF7FCB173C
:10D700008DA131061921D9614E6D2026C2B81900AC
:10D7100008344D0F519B574B7032F4AB5BFAA3BEEC
:10D720003636E738D933E1AA62364527EFD7637D2D
:10D7300018B109DB1A891900C7B2A04EDBB9CAD6E5
:10D740008687914AAC832FA6A43896B4F170A61FA1
:10D7500087E0661F15D0A5C342AC54E2384B6F007A
:10D760009206BD945F07020297CE2694C96C76613B
:10D770005E44A380C15B29B1443E5E1869056350D5
:10D78000473694ADF5818400EF159F42124E16E6A0
:10D79000781421611441E1C77A5A6CBA9BF230FBCC
:10D7A000DEF62E4381431AE98E2C6544FAAB2E0037
:10D7B000BF4B2A8697D1831A9F1F20B7C665055F86
:10D7C000516E4EFD351CF8B5EA224944024291588B
:10D7D0002CA0057A69FB64007E8333B11C4BF4EA0C
:10D7E000970EB54006CBDC3451D69860666FD62ACA
:10D7F000DA29EC4F0B3253EDF0723388EC6DD10027
:10D8000079A61E6299E0AE57F53DAB256563BDCBA9
:10D81000E9EF8E40B73B495BAB0086F4AD3E467DF9
:10D82000A0D1DDC724DA3A0075EBBF581C17DD43E1
:10D8300061AC5F45B4E551CA4858E3B80BD529C679
:10D84000A6B0612DD8B009EB18747E6040665E000A
:10D850001AB29E4760DD1E57B2669412616A8681D5
:10D860000827468327416ADB5B6E1544D7A1FB7806
:10D870007CBA2DF621D2DC00CAD6F33A15182AE478
:10D88000C6917B325CA797ECD5CADAFE34B817692B
:10D89000A3E4B3DE6DC7F0F27656E7AD77A12200C0
:10D8A00052DBF4166525FFD67A4AE454749340C8D7
:10D8B000A279CA6522E9ED4422BD6ACA821F7810A6
:10D8C00068F79E1B69FB7100FAF81811113E20F5EC
:10D8D0007B1AA894FF292EA32E2D91B5E76F26ACB5
:10D8E00002AFD4EFDFABB6093A0FB0EFB85BD600AA
:10D8F000B51281CF3DB2CE65490A991F8AFF4EE924
:10D900003B97C0465986CE4BFDC949E3D2ED6FC265
:10D9100057B6A45E2B1FD700F67F2E08C823EC5104
:10D920006FA7D084587C631A47BFF275D83A2DE6AA
:10D9300004C38CA0B63C62DE27387B1922A43100D8
:10D94000C21378D59C118B4A1802F6405C5EB6363D
:10D950009C720E74CD2C7D3BA20950187DE8860F79
:10D9600003AF854712789F00B93C1BF070462AE54B
:10D97000C8EF6B6870995E1B22A06D30536722C59B
:10D98000C86DD7E6D98EF376E83059FB10835A007C
:10D99000D68C04D9EBC130F73A732C6BEA1CA6B2D3
:10D9A000706961935711247FA4A7482D3D71B1DAA6
:10D9B000677037B56B679E008A1D2DBBE4B015E616
:10D9C00050C56FDF79CE927DC46FB8E85BCD3E6005
:10D9D000F00C9CF0C3664B973F49CE79DC38590078
:10D9E000518A0EEB80029EC6B98C9CD5C719E959A5
:10D9F00074F0D2D9228F4E80B2BE01AC0106F284FF
:10DA0000C1E69F5F70F4F000CCBF65C2C620B8636A
:10DA100080A744C95B643D9D7464C64B97D0F817DA
:10DA2000ED7F764FE7DD189E6E6E0B549FCE2B0078
:10DA300024D73FA7C6A9C211394F7B78F6A3EEECD5
:10DA40007574F200B90475262A46225466C6ED099B
:10DA5000EC1455D9093B0D00E17D8BA6FC8ACF7FE4
:10DA6000C97E6CF6485C7392211A6C325C58F10ADC
:10DA70002824F68142E1D029440831A94A34C4005F
:10DA8000F2E4BCA8681914FA0BC129D341DAB471C5
:10DA9000997EBAF432A2AE6D30A7492B51BFE9E0AE
:10DAA000FDA727630FC258006D26C9D6691B4751D1
:10DAB000A25B643478041A6C7230A1B69174580178
:10DAC00096FE48740B07FFEDAE3F8F95812E430005
:10DAD000FC92E5756BE0699AC6ACC8BE48161DB1EC
:10DAE000AAF7511802F347AE1AA8C704CCAE6423B4
:10DAF000D0E46299B891E9008EC1820B9C46D52191
:10DB0000C4213A0C930A7BE93DFDD964A56E40958A
:10DB1000BC9B090CE9A94093EB6E3D0F03D3410078
:10DB20006581EAE347BE264C38EA693014FDC0E35C
:10DB3000F3BF49B809A785484C332E7905C6032899
:10DB4000462028229744EE00172BDE59F70503A143
:10DB500071B84C0954F76761E49A7BFD28302B3B80
:10DB6000B3BC442238239B5BEDF220CC5B10BC009D
:10DB700069B175F1F7C0B30B75BD15816E2C3C8E84
:10DB8000BC6F06266F8FAE69AAF23058A78E86B199
:10DB900055AAD4C84FEC6100E329FE35ABB3A7B357
:10DBA0009EBDA0EB7487D62A50E589E2B37F5B94D3
:10DBB0003F4F004F0CB4A6DD3B23333850D51B003C
:10DBC000839584DB31B0D7C21147C3E687E81D6473
:10DBD000B62FF418B79B8689B54A6C0807B48AD467
:10DBE0001CB800B271A09500BB5867DD184C2B8D96
:10DBF0006DD2169A35E768DFBC0E643C140E6C607B
:10DC0000CD27A29DA1793E1C6F26CB09946F4B00B6
:10DC1000CB7D08897D81A4AFE9194AA6A96BFE9640
:10DC200036ACC989FAB50CA7A6442A263891E87CF7
:10DC3000239B84D6C6CF1A00F8CC15E97F472E80E7
:10DC4000C6733148B665680D7E19DBC44A0FA4A3BC
:10DC5000E43F142A656BBDBB9EFA656F75057000C5
:10DC60002679BFBF701FAFA8C67F5C7ECB75C0DAB8
:10DC7000482D84E0BDF64604750BB7BD199FCB97C0
:10DC8000709B8E6EB4F81900426275BD337FF7DC6D
:10DC9000E1828294D8017AC60B07A7EACD94702559
:10DCA00054C3391BABAB670E2D5A32623C70DA009D
:10DCB000BA0D5ED8400BBA8FBBE6079B70D5A0B0FB
:10DCC0008D2284A8B6C0B9E3453EA10C1ACA5228D9
:10DCD00002F67ACD68D3D900D3AC85E5C19711C2DD
:10DCE0000B2E911263F55E2222279BDF53DA301A46
:10DCF00062A4698EA2DD74DE0FE79D59396483004A
:10DD0000BC43B1117E5B08DB16482CD415A1B98049
:10DD1000F8850513E364B0594FCFB35AF4776741E0
:10DD200081FB0E02F7974900869CA3D0678A463B89
:10DD3000241098CA0184936133BD529A8EB36FC286
:10DD4000F0CC5BB2A764CFE727DFC40237EB170044
:10DD50004125CE47F62DCB3E78B5C0309D31A37B13
:10DD6000B5B3F580EE20EEF89ED765B5925B24AF93
:10DD700083695EEFA4B7B900E565C61F1558345D29
:10DD8000FDED3FDA3CE7ECEADC3D08C34AFD0D144B
:10DD9000BE03D19C74CB4FFA7D6A24DF9B4A8E0070
:10DDA0004F7741BAC3D7FC7345FAC8D0C182064346
:10DDB0008778C32482BA66381E870167162F2F9989
:10DDC000F399A2276C2894004C52D5AE948E35CC92
:10DDD000AA9E94DDEA56191595ABD65723A212ECEC
:10DDE000FCD8E1BFDD6C426DCDF2234690A55B000F
:10DDF000A5DBAB8F2F0D9E315031A2B483CB24BA5B
:10DE0000C95981B317EB5D60F75894F99719CE8A19
:10DE100076FC6E9650D93600AB263A349C22A57D0E
:10DE2000A23C6A26D66D84A02A0DB4E8F2784DE1B2
:10DE300032D4FA8C77B2EC4D506CA711DB638D00B5
:10DE40005D98243415B853F8BF22CBD5CE05C7E072
:10DE50002E87437DDFE2E9C9BE51D3E42F29D95B88
:10DE600094C79229032A97007AEAE8EA96485C79EF
:10DE70001975B70B2ABB3CC98D815D8EE58C69E0B5
:10DE80006D23AE95A8BA5FE9E884A075256FDF0021
:10DE90001FDF6DFE6A5D72D91E7698D2028D6AE927
:10DEA000C693C883061988011E401A8D1E96741BDE
:10DEB0000B46149F0956D3008F8660EB8118DB3424
:10DEC0008F9D3E83E0330574B7101DE1389F62A13A
:10DED000722E9E214E47958357D643E8622F00004D
:10DEE000D01BD13FEC5B11E6B58395CF8AC86502A4
:10DEF000C9F8177F6A09CCF919D944C17C530F4678
:10DF00001A2112AE888944005C748D4FECD5A408A8
:10DF100002CF0B7301C85A76E5DC216D85D47FBF33
:10DF20005F6FF7493FC0A68639BCF6C6617D5A00CF
:10DF30006CE2551C73898145E3487D1BFC105B2412
:10DF40002A39CD2F0137B78793F2D4D33C2BAD6A52
:10DF5000B1CA3BCC5E4C770055BCBC444DBE91036E
:10DF6000B9F100E5590EC5C083D4E280E12371A662
:10DF7000383679521797E04C79F1BBF633EF3F0012
:10DF8000268AC9F1B0121783A67F783B1BF3A2B68D
:10DF90006545BB258DFBCFE0BE8A7CA8AA86F147EC
:10DFA000B841769FAEE76D00060ED2CCCC4E15621E
:10DFB000A785A613BD9026780C8FC02204AEF9D693
:10DFC0009788CDF1964F9906FE3110EE09B5D20033
:10DFD000F1FB4E3572BD882401089CE8F7A231C7D9
:10DFE0001310D191DD576D647CEBC86DA10A41C758
:10DFF00047B4C4403BFF9000DEE5AB8EC86D5204D1
:10E00000DDD5D4F19F4978EFC5BC3E3A1FBA7C6597
:10E010001CF500D3E47CAAAB0D4BDE22A783F700EE
:10E020001BB271751A9C99353F121B8BDE8226FE3E
:10E03000EBA06018C9A60B202E9D0D48356D5A7EA9
:10E0400017F39B08C2713A0026C097BF649602C0BE
:10E05000777FD7226AF253C72C4A8E1C4BF7452A8A
:10E060003AB4656FEC63F1927370768577471A0066
:10E070007B5490A51596384064812C99D3A9BC1384
:10E08000C2C734EE676A397C357F3C73F4CB2CBC55
:10E09000F01F5124339A6E00E57BE94CF0D53DEC3E
:10E0A0003304E7AE5B6EEBBC7F55E392A1570BAA3E
:10E0B000BD9E0F5A6ED4374888A6968605DB900021
:10E0C000EBBFC74403CC57DFBC37219405DC5BE6CC
:10E0D000ADAAC519024CCBAB980B74C4D92F3BFC2D
:10E0E000D431AEF8D344AC002A40BE651F531C0D9A
:10E0F000284FAD3DBDBCB26C2AC1D06CB3BC34FB63
:10E100007555DC311B9822C4BC6B350658F3EF0003
:10E110007F2CC7296DBCD225B034CDFD1497E6E71E
:10E12000675EFBE6C98E3B463C91D940E17673546D
:10E13000B16A2ACA53C2860010F8C03AF32EF0A181
:10E1400028FB24221709D9045B6B0E03B9E7EE1DE7
:10E15000B6AA4B143B6D3092C08141F26C42440030
:10E160005A9F8AD7E606B9DCB7550E1E098EA286DD
:10E17000987F92A1A0CBD3DAFF46E61843646E07DE
:10E180003A08F8FCE85819007DCFF8453309131414
:10E19000C8C5B221CB16E22FE68F32A8CBA83B4DE3
:10E1A0005D422B6A5D184382A650D1C6F6E1BF00DE
:10E1B0006EAB9649563C8055C8140B9FA3F2C7AD71
:10E1C00063EC455D2DB6F12334B823220BA21C94D9
:10E1D000E6C81CB681599A00A5578D331A855C0094
:10E1E00095FB7A0AF5EACA8C30D1AE84E2A309AB7A
:10E1F000B48879C6B9C08323DADD4DB41497C20060
:10E2000054DEA429CBB3F888B49EEDB83816E75095
:10E210001BE06DD37DC348C471DE4766E42CCB366A
:10E220002AFCD4DEA58CD70070FCE40D01301999CE
:10E230005115E6796DACF3DEDBE90514770A804E03
:10E2400056F11235824A24823CD299A16963620058
:10E2500098CF0F6DFDC8052C9788FE7613A73A4816
:10E260006D7E2DAFF1BAB354D4299DBDFD977528AD
:10E27000BD8763AA08A7F6004360031B919C330C7B
:10E28000C6208DBF0961B65514E0EFFBDF348B2942
:10E290007A1F7891FA7AF3313E23F2252F4B2F0023
:10E2A000B3CB9A6CC3383E61494D01A9F0BCD51679
:10E2B00045E8A74C6279907616DBE299EE6FA63FAF
:10E2C0000D43426CFF856200B1851A7DE52F3F75D5
:10E2D000673B3E535EFC738C9F15E21C2D903DA264
:10E2E00050398EED51475A5B59BE4EE85E120A0016
:10E2F000E4583141ECBD8605CA0D64BFA22507462E
:10E300007DC84F37C07DB46E2A0B395B48E945D8CC
:10E31000F0B89CE3EAA81800CE10C5E0FEA9F0CC46
:10E32000E5E5A8CDBFF4180FE368204BC8863BB9DC
:10E330006A32F3D606B6DB55F8260532EADD000070
:10E3400053BA84C71A5E149F7C90ED6B8DA944303C
:10E3500027D041B040A582814A07980DE5A95120F8
:10E3600034050CB3089FF800340C39A5C5C4EE760B
:10E37000F2E559D95B1B50A5F834F85A8913E0FC33
:10E38000FC8976F7267F2B289C2B44AD6D6DFD0014
:10E39000935124417C06CF9C28B3CBB7145C6C0D01
:10E3A000B4418A51A4D32197CEE9D3710F5432B529
:10E3B0003E2E366E8E2C41005FF4E085C9AAD784CC
:10E3C000126600F3D22388D672716585364E5042AC
:10E3D00032D69E6CA284F1E3CF761AB4235D2C0072
:10E3E000BB196E47212901175D52D5DF1F110A1D88
:10E3F00033AF26CB9D13373571D11B019CF4602AB6
:10E400008B8FE30D61FA3D005146380D1E0F6643B8
:10E4100025978706404E14AA2985E6ADF3EFF35100
:10E420008F2BF29552F99C7E6C5E127CA611000037
:10E4300063410D4D9ED05C70C5A17769F81C85F7CE
:10E4400049459E6621ADA8B1DA725879FA94E91669
:10E4500016EFCDE95B201800184DE7A2A06BFB5624
:10E460006152778B1632A967FB1273DC7068998949
:10E470000E336E7B9AC961EC894F21E09218FF0040
:10E4800098153DAAB4B8464019FCF63FE0EF79F183
:10E49000FB3E69B2C88A4B216B3A3546A3FE1F7D0D
:10E4A000DE8E9FEA5EFA8C00B3AA21B130F071745F
:10E4B000A0396504D655D4E69E44A44F5F5514FA9E
:10E4C0008023D659C1D95A08C45127EA2D07C9005B
:10E4D0004CAFEC71EC7A03E66F0B5C270B54F069E0
:10E4E000A37910441850261EF32C514A25F26A8C49
:10E4F0002471B787E23D220009005BA2E0AA60BD5B
:10E50000655608FF77873D6319F6D304E097EC90D2
:10E5100036195E92EBC29FA9FCC4B80CC9BE9B0021
:10E5200080E2B3E5DA08C91C5C3417AFE4E51B5F91
:10E530006A14163159D724142B76E53F3050165CF7
:10E540006454DD9AF99802000B293743463FCE9276
:10E55000A07B4B09F5C2172820E880F973422731C8
:10E56000C9026B5D95F578B7D3B0197C5B5BA200EF
:10E57000C4E64F6532429E722D71EBABBCE32DC3F6
:10E58000953B4B6ED96BD6233F7DC88A2B5EE64206
:10E59000A9D4E57CEE9A96004BC1FDAC68181DED40
:10E5A000822D20C4B10511ECFDC1FB4DC7DD193929
:10E5B0007F5A6C63D1D6FCBAAE7C94740512090004
:10E5C000526B44FE474B1034B50AD26FE59450B7F6
:10E5D00030B603A82300B7C0A398E101B4A3DC6D53
:10E5E00005605444B5469300AFA1C64C541B3F6729
:10E5F00057E38B2881C1214D132334404500D98333
:10E600009A6C9BA4E93C7FE4D5C3DD27A882CB00AC
:10E61000ADE439096BF3C0915857F29F14729C878F
:10E620007F8F7FB32AAA9EAFE27B931FD0608B15AA
:10E63000071CEA71D6DC13005BB0FE010B540CE141
:10E640003EBA0AF0DBD5469DD0B83CD22E298FBE0B
:10E6500030A7C282FF36C470FC160592AE191F00A7
:10E6600066080B6D7410E35C7450E8B6531BA28708
:10E670009BAD9C1A6479FA6273153F840BF0D36BDF
:10E68000B42699D445446900541921DED001BAC991
:10E69000B3E931B30644C3610AF556A1F107763DEB
:10E6A000A2650FB6F74752F1FE0531DE76E8C500E8
:10E6B000332D3B7B3D77679837B0CB05145AABA120
:10E6C00014579B064DAE2E1BE317C5F0DC4ED2BA95
:10E6D000E0E5B32021E15800DDC584FC7DC0DED536
:10E6E000F7ABF5645EE9A5AF640B4B6684DB15DD23
:10E6F000AD8680A22C528D60A429B7E3D7997D0006
:10E70000F222C44A041641B5BAE2CF8DB84F720561
:10E71000E18635C99F2CA456B32555D7553396FEAF
:10E72000D488B4A4F4FB73006A94A781AF853E92A9
:10E73000F72BA9C985D064722D64D0325583360574
:10E740004BD7CC2D8E18A654F19F16722B6C8A00D5
:10E75000BF87B76B660D77B49C7C0AF72AB396FF28
:10E7600021E39DFD5865EC75A305D35CBC54F0F323
:10E77000A09D1532B7D9C8001B6740C14A7E547AA4
:10E780006AEA5ED005C701615156E26E6B04DC6E29
:10E79000E66A8022443794933723BE619A250100AC
:10E7A000E6BDCED7B5BAB3A2395913AB9B7FAD69DD
:10E7B000FB7311233C3DFC75F1222613C9DECDB954
:10E7C0001D8810C53217580017BC442AE8686BB67C
:10E7D000B673E5438642C154A8479C43A06C68BA0F
:10E7E000F4E0512E35A24F23CAD56318B4145F004C
:10E7F00011C54F7A15510A486B07CC64EBCA37D460
:10E800006E94786791DC0ED9EB44B162F6A9EFEE15
:10E81000B2867AF0D2804900DDD48A2EBF63BF75FC
:10E820005803427D2136488089CD2E174058302428
:10E830005EE956A668A32AC1F362EA7E65C46D004C
:10E840001CF3629EEF8847E47CF036C22AA134387C
:10E85000D9A9B6CE87ECBB693060347816C19A0668
:10E8600054293F9EE5400B00A20567DDA01B72A561
:10E8700010790C47A35199641FC45149B36D307589
:10E88000AD6866DB75CD281FC6FFE6802E462700E3
:10E89000B16F72540D135EF4F4E9AFFDE94B93E3ED
:10E8A000B2519D2F2BA3204F9CDBBAEC5D9532D843
:10E8B00095CD14ACBB775D00432D6E5535E4B8A8FB
:10E8C000B36CF9B89EAA39ECA27052E200A5F230FE
:10E8D0006591A5B401849454C94CCBF0F492CD0059
:10E8E000D908DD7B7DE151A339823D31BE28EEA6FA
:10E8F000E6A86223DCEE03CA79339B2F7AB2DF9756
:10E90000DE89A8568B5EA60014A243ACDAC8D19F5C
:10E910002F1729EC63E9DEDFB505BABBF7D0445900
:10E920002A402E5193A7BA2598874BB479C2FE008E
:10E9300078DE36A60AE2BC23DEAFA24145C38C01D5
:10E94000EE7C07C4F1CEE8C466957D21D4F6F26D65
:10E95000F1C07E139FF46900685AA1FF731FEAACEF
:10E96000F9844DC055210D59A96FC7040FFEC77515
:10E97000A38BAB56C17E4C7DD4F9C7C76321500031
:10E980005DD8BDB1BB2595ACEA38163DEE7E6E88EC
:10E990003D1E64F900FBED1C1AD51525498E19762C
:10E9A0008F6DBA320F1162005BBA0AAD7F394C9499
:10E9B0002A104A144B371C437993FC1B41E5EFA7FF
:10E9C00042F372C61B6A26AAEEFDE71D3DAC770036
:10E9D000749207139AA9C0C5B5A93A883BE554714A
:10E9E000C9B069B6D7DC6B026CDB2944B0CF974263
:10E9F00093FE8324D7DEAF003349FC7B286D075597
:10EA0000D307D9F300D0EDFAAFC5BBB8CF3B77B091
:10EA1000D2AB92DE9C27C9CDA85203EEB6320F00CE
:10EA200073E101C2FCD998DF7FB920D560E4962E4E
:10EA30006D0726616F3F6B0556D814708A032C9EB4
:10EA400045DF0FFD1FC594007BA8527217DA1345EE
:10EA50008BC6FFAEDA88CEA2B0962E7788E8A2B237
:10EA6000DBB32B7B74684BF40901C4CD3D523700F6
:10EA70008F474605B939878027882872A46E344AA3
:10EA80003345FBA086453872720DC060B9DE8771D0
:10EA900008EC20993BF637007D30122E5A61165D46
:10EAA000065E5E1F176C42A2CCBC9185447D31127C
:10EAB000B49C8B0061C948199872E7837970810012
:10EAC000559918DE5BE849B8D50814ABE7DA780247
:10EAD000062FFAE03D6360AC3B86712D21C5CFB5B2
:10EAE0007256E3E304F55C006B90B215861AE255AA
:10EAF000BE38D53BCC69846CC7536ED40865947F0F
:10EB000067021A53CD4BFC21E9C53316FD6804009A
:10EB10002BBEA95190C8BCBCEBA145D29BB4EBA1C4
:10EB2000E10B7C966AB1934EC06CE203282B31EA6C
:10EB3000DABDE35522C81800198EDED62CFD343319
:10EB4000A998A018429851560A182448A10F4ACFF4
:10EB5000E1271EF8FA0F1A2939DCFB46F322F600EA
:10EB6000D3215A25C6412AB8F44A04AABA2DAC15B5
:10EB70000A621EACD6B2460392A8F85EED4D57C4A9
:10EB8000650BCBE580192700B1A39ABCE381F1A9FD
:10EB90003F1591FA11F7B5431F38682BAF3766DA86
:10EBA0007E0EAD0EA3AD379F8482942F1AD9DC0060
:10EBB0002DE568107279B4135D278DE0C92DC373FC
:10EBC0000D63587FB56B99E849BC18BCFAD00E921A
:10EBD000ACCF847C74E2D500C162E6FAB2AA25B556
:10EBE0006C7B56A528751419EAD39FD4FF197AD3E4
:10EBF0009F2068774FEDE6809EDAA50C87EFB60080
:10EC0000EFB1E3C057802F75E0AC08D18B821CC8F0
:10EC100076362604265DE14228F877A1B00F00621F
:10EC20007A07BC8F03997000CB35211EA6E8BF423E
:10EC3000AF227D5FECB18956252308D5D1748F545E
:10EC40002EBD97C55B989400D120CEF0AA7F2A00F4
:10EC50004F2B38FAFBC7F9B28CA7F9F18C621D5320
:10EC60004E6C5C6A68ACB9AF54AF33ED4E5F4AC3CB
:10EC70002F5A413BC3CC040019BB2FDC6AAD9D6504
:10EC8000ED91E48870D69812E8FC3080C0777E9BC6
:10EC9000093DA8D74E39E1B0056B8B108DC1CE0070
:10ECA0005400227A8DDCDA11ED6E3D953135EFA6F8
:10ECB000146629898844EB140AF8FFD7D783023DEC
:10ECC0007A273027D41C8400436E98351E9DB5F8F2
:10ECD0000683A2A78854D05E2528D876ED8543FF09
:10ECE000A839F14F4A19D0EC1DAF229BFCFD220040
:10ECF00002431896D9AF6A668803C35991BCC636D9
:10ED0000B38453921E1C6805A30D74CE68233FDFA5
:10ED1000928AEE22DBB74D0061F76257ABFB46AB40
:10ED20004BFCC713538C940E62A359BFEA132E6C8D
:10ED30000EE53B62EE921E6338D3601EF48D6100D7
:10ED4000D50CBC8F844D6EBBDDEDC54DE43E22C9B4
:10ED5000627BC7EDEC2C8383D5E3A8C6FB395C331B
:10ED600023B3DC12155FB3003D166942CB8A3A54D7
:10ED700039DD701C040C81ECD3C579AFD198F30C4C
:10ED80003FB16CDF0843F3C523BF154751D50600DB
:10ED9000BFFD72214ECA3B8CAE85E94FF0322BF598
:10EDA0008BC11A914D506B5391594AD1C0DA493CED
:10EDB0001838EDBA280A2A00D78FEFB08395250BB3
:10EDC000462407D550FD0960CEABF35EFEB4513545
:10EDD00069A9C4035D33E52C5589C5248B1AB3009A
:10EDE000EC302AD171AA08EED377793D7067E882BA
:10EDF000B2A0C25B60192D1E0CF1CFAB7C09D1D241
:10EE0000E4BF6CC19DF8BC00FDA9EBCCF2117F0101
:10EE10007F6216F633F5CE8557A14B539F604C9514
:10EE2000FC5F73DDD13E5995603C07DAC9B75E00DF
:10EE3000D9F6ECF3CD6A365F93FC70D30B7CC0DC63
:10EE4000813F64D8D4FC77ACAA92D5AE3ECC258E57
:10EE5000E9724095C04145004D12ADC49D8CD07EF5
:10EE60007CB2273F4E67BCFB33F54E5558C38058E4
:10EE700073930C4BF622B6DDBE2C2B46EF89540063
:10EE80001D74BEA07245DC981D2E85FA4DF5390E15
:10EE900012727027F49BFCB6BB20C96F10C9357085
:10EEA000676845EFE78776004D2BCCD553F77C3B61
:10EEB0004037D8C65E5F60CBF8B382B14D865DF552
:10EEC000C976B57BD932DD6F965305CEC3401700A6
:10EED000858DEC39136826DE7599CC9993A56BE383
:10EEE0002A10BE4F79BBA0E2287B748A05A71C0AB2
:10EEF000DB1C1E6B1AAB6100E4E7F131070905CD9D
:10EF00003E4687120E86D29468A6177C2CD23BD040
:10EF10009D30C1A3998C68C92B8A6014034A820072
:10EF2000F7A6ABFEE4B44DB9904248395693AE3FD4
:10EF3000943A5EFAF0CE1E61E867B323E53CE096B2
:10EF4000C011096ED4FA190085C21A22941CBD584A
:10EF500025BD9C7FFDAFF26C6DDE093B30078BB6A3
:10EF600025B9DD5BD7DFC9AA6E5DA3AFE286C50018
:10EF70003D9EA69C8DB809DFAA601E0AE2DB35CC57
:10EF8000823F2392C34E59D2BF2347C8E6D46FD2E3
:10EF900004D48135BE43BB00A2CFF0AE5DC98B4720
:10EFA000BF545D78590F179886BD8BAF6C8B7CB3BF
:10EFB000D98E9BAE0A8388DA1DB7A1B393EE990070
:10EFC000F61CD1569E562A1160177A865724CDEE2C
:10EFD000D90281DA5510C25A8CEB25EDA2C9BA4785
:10EFE000CE2A389F1C05260097C48D4C5778BB2825
:10EFF000CB057F843876040BDB732E1B5CAE1B7352
:10F00000016F14DBB97DA3D7719381F841663F008E
:10F010004B501AB2D0484DA5B9977B13C5E7383885
:10F02000F32738EA4AFA8109D8E27B3D5983ED3467
:10F03000D958B549295252002BAD11F3A9C95A1D0F
:10F0400093F3E935C26D1AA1E93DEA0DA8EEA6FDDC
:10F05000DC80B714E4542D4DE75D4298D3AF4000F7
:10F0600076FFF70149CBDFF44DC0703DBB9E03BD79
:10F070000787E713C584E01CD4224EF97342E1AD43
:10F08000DFB0A6D599BEDD00AC626D7D26964D4EF3
:10F0900018A3ED61DA0C445C85DB00413178A3DF15
:10F0A00038344201F53BFF0E7390915056EDB70096
:10F0B0007F4B5938DCF0C1F852DAC2C23FC27ED26F
:10F0C00072DE974FA0CB03C083D0986DFD387C498A
:10F0D000FC4ED27B700922003BBE33D84499B05617
:10F0E0004FAB12A6B24FD0C7ABA1CDA028C6C74B1D
:10F0F000E091DE578C395AC06AD3E9BF190FB600C8
:10F1000018B7D18197595F02979C04BA9616756417
:10F110005A6D02B867E3644B4DD6A2AFA47CC1F42C
:10F12000B496345B95E16A006EEFC728E33CD8964D
:10F13000491D68015E9FE6D2B6DFC9E61D3530D4B1
:10F140000130660DFA8F955F1D60F14E0544A200F7
:10F15000E918763201DA3EF9D8CB14EAE7E095AC4B
:10F16000D3612DB0AE068EEA490E9BDF4149FC8982
:10F170000DB4AEF2AD3EBE00A57F0ECFB609990A22
:10F18000804C845A5C27A2B7338430A23E7444205A
:10F190004BDBDDAAD934893E6F929D4AFA53690050
:10F1A0003941295A8E9FAE0041805BE94DE6D0403F
:10F1B000DBF960DFBD2C2519168E499920437306B3
:10F1C000498C789E6A39AD00735B6A51E1012B2648
:10F1D000DA820297EED04D3C75523CED8CF949D164
:10F1E0004101EE789816354C429940E45A94480013
:10F1F0004FD32C6ED1491AECC607B925E7C3DECC34
:10F200000FBC24C65BABB1393385E79BD9340CD92D
:10F21000ACD356E5EA1AF900A653A9CFC1739AF800
:10F220007E692C27AB5974A80780B4DCFE6DBE3E06
:10F23000B99A5173475054B2E8148B89CE9CB700E9
:10F2400023530CB246027596BD2BAF620DEB400402
:10F2500075C6A170D74055B0BE3629E858541F3640
:10F26000C4D95103A9FA20009CA03227BE1A4263D8
:10F27000AB49A72EA18A9D790AEF1B0E6BF208F508
:10F280006630BCBF858C2C875CFAF73CD045AC005F
:10F29000BB135C139DD97833CC2D46322F3FE29CB3
:10F2A000F852C3D79C4A9C3A560FF20913DA113C24
:10F2B00017B289B4568D1600F7766AC81DD6BC24DD
:10F2C00031B3BE30F7375E1E92AB8916761E101F23
:10F2D0003BB9CF63E042024E4E619FD1D0A5E00022
:10F2E000708FB33284D5D98D4CE498EF3AC5CD9167
:10F2F000A3D65035C6AFE8EA43168F3E20B7FF4F7E
:10F300009D78F6348CC18B002DC121A7CFB53479FF
:10F310002C1B886B2F378CBE297D60A970145BD69F
:10F32000770FFC0C24760CF68A086E3FDA24740002
:10F33000ED20FF01CB0176E9F7D423FC34BE5A550A
:10F34000BF28BDE42B2601837D17042539F8ACD7EF
:10F350008998AB4901B587005C37851CB0584F3F91
:10F360000485E7FBFA28C39550A7547F53B15A91FF
:10F370006B65A1DBC10B8FE5837E866C3E29F700B0
:10F38000CBCF0234BC59D1E8B7D2227C5EE28C5B91
:10F39000128E7C328D26F6A56D82357295EB8653E2
:10F3A0009C6B34B32597230093D64A4AEA613A729C
:10F3B0004EB2F7FC63375AF3BDC21B44741F62D9C7
:10F3C000622815F23F6F20EE609C6B6B0FF01E0001
:10F3D000B456C44BD30C00530A5FDC35802B234A50
:10F3E000640B4D730470C1FF1F2BE83951D71820EF
:10F3F0007BC9B4ADD49A010043CF9DCFFA48D5F272
:10F40000FB0D2C71BAE990AE5FEC8D3B37ADE8A3F4
:10F41000692684DB896E216166E94C642F7B570085
:10F42000386770A0CD5296FFFCAEA0E374C7567447
:10F4300093C552EDF1D60F11295C0C49B11315AFEC
:10F4400030953FDE9E599C00BBBF8B1D677CCDACC9
:10F45000FB46C88E8417D2F530D0DF4E380E829F1F
:10F460000FDD20C3EC9407CB5781EEDA3C1A840001
:10F47000F7F830AF8271E166ED7DBC055972716FAE
:10F48000ECCCCB8A5B5920C1E982F8C8A81D553E57
:10F49000462CAF0947AFCC00351282CE96633E04AE
:10F4A00002817698C99C3DC0CE2866E954A4034EDB
:10F4B00010E2967A89867F4E544C99B29B6923005C
:10F4C000D13CE4A6C2C2CA816024E4AC8E3512B736
:10F4D0009B98329DA6B588B14B94C887FB917E83DB
:10F4E00097A823C88F9ACE007B65DCC1C92571130C
:10F4F000C1E0005D532090C08DC9F873CB03C2AE4C
:10F50000A8B6746298CFFEEF88554948CF2C4D00BD
:10F5100089EFA0EBD511F6315E0FCC3ADDF04BE26E
:10F52000681BDC0D3DF97EEF26FFFE024EDC5C76AB
:10F530006F581C7CBE777C008714C24569F1D9499D
:10F54000B164C4C0249EFC7D73B4F112CF747548BD
:10F550001E68CA46CAEB18829C8CE402CA5F6E0021
:10F5600062CDA508BCAF55694A96705374ECC0844F
:10F570001E451D531CC1FDE55C06BB69AD2FD56161
:10F580001C349C634DE5CC00156A772CE995A4AF3B
:10F5900011609E5ECBA7113DB494448B5CB84D7155
:10F5A000B359AB562ACBA9E53B4AFEC03017F7004A
:10F5B000041D7705B3B94929EAE81A9C1BB659DB43
:10F5C000700AF828A8401613285688EB0D24D1FAA3
:10F5D000BCDFF71FF7D25800F126FD4D7DE4735EC6
:10F5E000D89276E34DF53EE82EDF5F8F63786FC5E6
:10F5F000CEF784726DC7CED40C9A76975F11E20075
:10F600006AAF7DA0CB7B9CF8007AF53396C7F26990
:10F610007EF3270B735BFF86079B4EC3F370C0FA24
:10F620002E423599B1917B00D573D5A94CBBA799D2
:10F630002D4A5CA7B6CADD59576E5A86D881156720
:10F64000A451C92174171D22A8D53E5E2182F30062
:10F650009EC166DCF696E52DEC1D83F74A3E0FD67B
:10F66000936DA8262419D8F8C388CCE4FD7CB6ACE9
:10F67000594B5333F6E84800AB17358071799BC37B
:10F68000017E340FD333EDA7B50B305A6534DFFA62
:10F69000DBCF627AEEB664AF1A873589E29CE00070
:10F6A000F89C451C4E922783A538CAF25684C34560
:10F6B0002964D61C75D68BF18AB7F8969ACFC0C04C
:10F6C000F801CEA58CF12200CA24AAF2F547331422
:10F6D0009A59B7D0A8C199A7144EC8FBD781D4E2D4
:10F6E000D0AA84D8D7520BDE282ACCABA52F2B006A
:10F6F000EF24554EF45CA5C46885CF0E89E32F80B6
:10F7000015005281E7FA90406EB8D71571804ECE41
:10F71000CD7E8B7D48579F00F8FBDEF85DC0D74D4E
:10F7200098609EE807A948FC2C7428CC94A667CB67
:10F730008C07F8865CA0727E0C904C71EE4A4D00EE
:10F74000B9BF9829265C5A45AB55027F7CD1F63863
:10F750008078E1B19B2BEAD52945C03A70CB0349AB
:10F760007D76F8AB151E76001600102E7D7D23F6F3
:10F77000495C377A8C895AB57C6DE8909B454B077C
:10F780000B60CFB4B2ED9CB94F9EA9EC5B65540001
:10F7900066F6C3B9EB5959098C43D6438E00477FAF
:10F7A000E5291470A453DD0320F2F26469E7570CD5
:10F7B000CB4CE2574CF0D400FE5EF9213F554C771C
:10F7C00075F926D3BA9229B05598C7F2665A1058DF
:10F7D00008EC6158EDA6EF7947946F891301E900B1
:10F7E000B05387976DB023F89C0F57929D6D8D6035
:10F7F00017CAF55033A4A994D60167192199FE6957
:10F80000A643CD634B747C007DB0E491B006F30A4F
:10F81000A9117319F6884E6BE58FA9B8BE42EB5E4D
:10F8200055601EF967AD3B233648013F0F0F370087
:10F83000EC0F5B345F94510FF44AB412C832A95CE8
:10F84000699AF59B6CD00AA49566224837BB0F26AF
:10F85000265E6E354546430058FCEEF235777BD385
:10F86000BECF6184D94F1FADBF230E955EFFFA70E6
:10F87000E0027987DF4F1FD5E35108EEB8EDAA000B
:10F88000E73BE4ADCE1033701D4AF273D7F5352651
:10F890005D9B95EDAF42E367B02128915233BB14D5
:10F8A0007140DE5B05E48800625B3BB11646207860
:10F8B0005A3D3B484D12AC9DCCD03CF85621942289
:10F8C0005ECC45E3F7CF583B4AEF5099D708AE00DE
:10F8D00075346796EE3E93364308762E6AFFB25F24
:10F8E000CDF63E7EA683A237961BAA5EE2467BF744
:10F8F0003A882942F337DE00FDB18DADE7284D8807
:10F900001608C1A07ECE0FD35B6C2BBEBAB2BEE987
:10F910008C5650075E060DC32470F7F624E41000E1
:10F92000F6B3E320AF23CF81F4725D52AA1CD74413
:10F93000BEE70D1D66305FDAEFAADE3477C44527D7
:10F940009543D07496C3B000AFE1A1300B6B439ADE
:10F950001837CD64EFAA9899920DDCEFDEAFB9CEDF
:10F960005D31889D53380FD17635ABD50CD3170058
:10F97000D32BA00F616A11C407DDFA80DA7CA18560
:10F98000A6CED2770B930BB87CB7EA2613C5F4C783
:10F990009EAE7122B2EC11008B045015D5C0DAE78F
:10F9A000AEE24B67F02BBB3F2DAD3885DCBF3F7B14
:10F9B0002AF77185D8C787493E4E96E7A0DD30000B
:10F9C0005BE15F42D855B8732B02F1F2E8D863F0DF
:10F9D000C442B1C1E8B2724E9DC1326396F17CB3AC
:10F9E000CF093BBEB3290500A0CC69F91F2A3839DD
:10F9F000AE8CC251C39F67AF9910FBE0A2D8006BD9
:10FA0000E1FC365AB4BDD1F16DC77A7637FA6E0093
:10FA1000874B814A5AA43B176D07F1F1C2F7DC9B73
:10FA200092321015BD11051C25DD3C1D26C37DC479
:10FA3000F02B0FCDEB540C005C985F4282FEC03B74
:10FA40007A462BCBACFA77F5F265C3381F35AC9408
:10FA5000A8852EE65F3BF4BCDC9E077B73F0A40018
:10FA600089C82BAA048620E93608EFC630A7C6F25B
:10FA700062388A98D2E86F9B17DB9B99BBE434927B
:10FA8000105A58ECCB386400DAF0E76A1DAF754DB8
:10FA9000256A2CEAC54A6223913A8433D4DC03AD4B
:10FAA000E5DA510BE5A0E22693275DB5801A5800F0
:10FAB000AC385E6F3043EC9AB46A054FDBE404FD6A
:10FAC0000B443315F4C7A0C91EE5DC5BDB0DC8DCB5
:10FAD0007656756A88B7E9008E401ABA603AFC9D7E
:10FAE000E6A2779A6B34D5E876F96B7A3719D5AAFE
:10FAF000DEF9DC49562C963641220D21AC0F080068
:10FB0000839E5F8133B1D778CA5EE1EBF093945363
:10FB10009E60C2F4F9DF42D3D4747B64E3831A8B12
:10FB2000DA5C4729B2D1A8004A3E8B5E8F6836580E
:10FB30009C41FE8950FE600BD017556C1E620D274C
:10FB400032B6FC8C067C007E7698CCD2F1926F00A7
:10FB50008375A41C3ACE4705F88933EBDD6B92120E
:10FB60002037D1E1DA9162B60D10B5AC85037BCCBC
:10FB7000003103FDCD2FDC007CC6EAF26259E0D9EA
:10FB80006E7C3A93EBDCA73CB531C710E5CBB407EC
:10FB9000B2A66AB66C228696172A35D9F7131300D7
:10FBA000BF1696CF67DA1EE90A0A198CD06A01D40B
:10FBB0000C8F50B1A9963BA4BFC55D6B01181F46C1
:10FBC00086F0746214401600D5CD0F1874F5468C7B
:10FBD000E039097E39854738AC209486761F918AB2
:10FBE00086929FF2A12DEB7C7242C232BBBF0E0007
:10FBF0007C41868712F37D2899C1A6452EDBFD8FB7
:10FC000080019B6454A02DC5EB6C99A408D723D721
:10FC1000D059850D58078B00341B2B419B35F82498
:10FC200056F2B6689D6D065AF453FCFCEB317AD758
:10FC3000B3026049518EF268F48D30B1E9D274009C
:10FC4000FFCE2D5374316739C16F48C36AB76C5DFD
:10FC5000FC41CAF1F51928EC73BB12EDD9040BB3C2
:10FC60006C674F3F334CAA006CE86667DAA6798F61
:10FC7000CF96C06F78AB74C824A3E82217097784A5
:10FC80001D548017CB7D42B60B650CD3981ACF005C
:10FC900066DE71D1AA591948397082F00D2D6AB902
:10FCA000CFA617EF143FA35402435FFF3DEC158C22
:10FCB0007CD4A4D54357D600377517228C12C3299C
:10FCC000A0A1BAC926F369E5F036234816C49AF60E
:10FCD0002D47220A1E68D1893EC8628421E2650050
:10FCE00084E72F48656C06B802FB373D5F534387B6
:10FCF000C7A3DD44E9DD14D8B7F8617409FBC3B8C4
:10FD000031C91F31DC8992005C5E951F44E00321FC
:10FD100096F581F83680EE71ED6F63985715B764EC
:10FD200090001B41D5D6E69C2A30EE2D66C32100FB
:10FD3000E5DF57A15E0B37C50855BFF23EF229DD5E
:10FD40001ECDD3FC86D526BC7BA8755D44ACBB3EDE
:10FD5000F16B1371D5CDF10050106289DDA4797972
:10FD6000A2B540C804908CD11705C69CF3A4C3610A
:10FD7000CAF9441E1A9EAE982070A3041BEEA3007D
:10FD8000CD7478BBB848F64869D2CE442058845E1A
:10FD90008465D5EB3317B81B542FB5817AE4BCC505
:10FDA00075F70D9EBCAFFC007910EBBDC15C8339CB
:10FDB00073AF3113C8858D40F6DC001AD29C10F861
:10FDC0003C7C98BCF83A854D6F942589D3D6570072
:10FDD000A5FC13FB6A51ED975600D1338138F90623
:10FDE00063D76CD761494152D2715B823D0F337842
:10FDF000CDF6176FEBCB18006643E99B77EFC9A6EA
:10FE00001450698897D66ECF8DBFDC7BD6D67C9197
:10FE1000D6F065DD0A1D3B088D8448E9AD51CB0065
:10FE2000EC1234BD015AD8C35A385875ADC74116C3
:10FE30002CE992D0CE357BF3D17FD79CB5D90F3842
:10FE40004A7F490E9EF38A007CD95D8FDD93C1768F
:10FE50006EEC0B3B597270D953E0F654815005DAC1
:10FE60002496FECABBF1F99BC5FC2F7E2FB3370049
:10FE7000062976A7D9135D75E7B68F014160F35463
:10FE80006CADDDC003B6152F958E26E20424529C7E
:10FE90006179E0EB4356E000BCCEF93E3D1A1A060C
:10FEA000619DA88F57C3A873822789CCA24FDD6CB0
:10FEB00054997F7F60884FE659C0C075E71FC8001E
:10FEC0004139D830EE8D5C5F77A57014D5AC74E203
:10FED000F34613648B8A631DCB03EF0D1F4F576CE2
:10FEE0008876524375E5B70053E14A340D3C8D7C6A
:10FEF0006D9DF4F3928922318488D574DFF9E20391
:10FF00008444260B8862ACEA9645896DBA477B002B
:10FF10008F3F8EEF9F9E3D2A21636DCA231CA64C06
:10FF2000EBEDFAB65CC88D3B43F5921A8BAD803190
:10FF3000D00DD6C8BB0F90008116E232386F710B1E
:10FF40008E6E5BD1BD427D970FDE03EA1FB2D6BB3A
:10FF50000321DA20D640A68C43D1A233BFFABC00DD
:10FF6000A32DBF31D4870B1D21C3114444FF5A2454
:10FF7000267A22EB59FEE5E6554F941E142B05BC5C
:10FF8000B2538CC520FA7F0036D2F5D640AF9985A2
:10FF90008DF177BA19B5A4E08C82C1F3C2828E3D8F
:10FFA0007655588CCB967CD84BA0F0E0EA086200DE
:10FFB000ACFDAA0B751AC7E64AD5A693FC16EE9FB0
:10FFC000697251DE3DFA3FFAF8EC7D64DF47C5D532
:10FFD000C5114562A3439900ABAEB3803DE488E20E
:10FFE00024CCE4EF6A34F5A5E32CA22FB8825C7E22
:10FFF0000C77FBF642C23B3868C172579A7D6000AD
:020000040801F1
:10000000B2924185429D0FD537D3510B3995B164DA
:100010008E76A3509C2DB9FF13B81E4E67B951EAD6
:10002000E981CEC799D57E00492A8B5645191CAE69
:10003000C59283B7F8B58CC96F7FFE8FA8B51F8FA7
:10004000CC7702179CF09322E6A7057FFCB66900E7
:10005000A80B49BEC425F6A4B51F492E47A9638144
:1000600080E963ADD7D3FB10303C3A675374157405
:100070009742ED0D91F1B8008311B7E2AE5E6C5975
:10008000AF6B6F57299A7DAC283222F33AAD613EAF
:100090006D2A2ACF27680BE3A671949718998700D9
:1000A000F0BE5573E76E9EA5E88BF798A1E4285142
:1000B00015AF3CA91979E4E29825014ADEBEA44FA8
:1000C0003E11DEA715D95A00D4F95AB800B31FF56E
:1000D000DB3CC128A613C09336FB01C617C848BF36
:1000E0008264FB3C6170DAADAEB0A35E5C866800F2
:1000F000203A2836EAA21585A17678C8C37FAA10CF
:1001000005D1FDA61218289F5C5488DBD18C77930B
:100110007E0586CE594A8300629BFE776CC4C7CFAA
:10012000B230933B2FA167377D7A084EEBA6B9B961
:100130004671795FFAACD10858821FAAD605E8004B
:10014000E8B2B5A509F754B728BFEB1433C64D9AEA
:1001500038F7CE453486A71FF94A7B807364AE39E1
:100160009573A0532D98D30053717DA605F9FA3AE3
:1001700058F0A99A04C9A64D87C20E686FE516808B
:1001800061F79C1049BA9C50E2F4424CDD43D00028
:1001900086453615B404E64721BD2A245A7BB8ECBF
:1001A0002B5397D6B82666919BC28DBFEF62BA3E9D
:1001B000CBE7ED1044C6AC0025EA1BD7734FC31C38
:1001C00094E4ACA4453364546B32EA15B47E1F60EA
:1001D000CBE7FDAFB4E6209A40F5E1A895DF3E00FD
:1001E00016C56F0F8C39B370DE33AA0F1377936C7B
:1001F000568F54E55683000FE1EE79707A657B5196
:10020000EE237CBC60FAFA005249423BA900EA495D
:100210005D777FBCE47B30D7824B25F06E002C1BD2
:100220005B96E86D49FDE43982D90BF968DFB100CE
:1002300080164F5332BBA61D210561663B153A86D9
:10024000314DD82CFD6174E9DA7D466C9C8863E001
:10025000471480E4870552003F6EAB49DD5A4E29B2
:10026000FEFD87A472D8BD628DF7DB3657FFB1F66D
:10027000F8A9BAC07C4CB97424CD1FBD41E3760007
:10028000143DD59F8F5611D8F1A4B808CC84E597BA
:1002900061C1181D96ADAAF213733FF5BA11D402CD
:1002A000B2153A56AADA5B0032163462DBA07B0C38
:1002B000DDC966C04BECE328979298DCBBABFFDA54
:1002C000D92783E623DA25571694B9A2A6BEFA00E9
:1002D000874EAE1BF8430EC8472EA8942C2F3540EE
:1002E000BD3D1B516DEC8E66BA0D3844BD64EB59B3
:1002F0003EDFFCA9D231780014D16CC45D3EE3240A
:10030000607B9A09D048B17608B0C7D95A14B57441
:10031000E9A0D2829B2B0FD6C55916AECDC00000E6
:10032000E0C561B7C6AD9AF4C65725D9FA05477935
:1003300018F5755D6EE1087BCCF4340C9B63615D50
:10034000186662A8069B41004CD487F14AB8BDC824
:10035000A101A9BA2652B801D38F4E5029C6260052
:10036000EAA5265EC8202672C0E8880E48BC710047
:10037000AC848BE66456150E0466BDC3C0C4C62D9E
:1003800083D288AAA9B54F4375660F76940E0F04E1
:1003900073F947BFD7F4F600747AF972D57B4ACA6D
:1003A000B2CF8B7E2387D38F0B19BC14DEF4DE7F94
:1003B000930548B0A2B62928EBF3A088565A080046
:1003C000C32506381C5B4BC1F7291BB0CF86B46729
:1003D000D9F6D44C0524AB91EEDCDF138B2707FA5A
:1003E000F283540B7E7F2000E13A9187CFED35698F
:1003F000CD86B46519568E7E4E77092AF7375ECBC7
:10040000A02F046763227172C65D10BAB4BE3100BA
:1004100050AFBF28CE2DA6ED2E7380ADAC231FBDEF
:10042000B60C00D10D722BA91DE0D5EBD0DDA05B81
:1004300076FFC41DFAC41800B24CCAFBBF4B6FC391
:1004400002511B4FCC5175AC892239734AF1921776
:100450005A55F5F0FD1E25F62B7A0ED5F85EBD0037
:10046000D6B84EE514633A11D26891254DEEC75ABD
:100470005C911C3912FBC3E6DF32C95FAD4A42BE54
:10048000F3D485B0AB96DD00C74C12035E18164B53
:1004900069E1AC67AA5B31C73624772316B6E4025C
:1004A0004E210AB489D043FA8EF6B731E5123C00EA
:1004B00022ACEC5D68F59FA85A4A9493748D04D6DB
:1004C000013A7E20C884D03431CC0674DF89876D30
:1004D00093E6516C0166B6005FF232AD505C178A4C
:1004E000C3FD28843807A0C350CCCBEB75F5E1B42D
:1004F000B850B9040CEA4EAD98991CF22DE7620091
:10050000E60610DE759BDB99366F88ADE92FEAE7CA
:1005100067C7E707A2EEDA2A17B494F0162045DD84
:100520006E033D17E701DF003C6B8CBF3DC71B1618
:100530000A72038C80B6054415C7F9EE0C21060D2E
:10054000EDFE78177F8444A4641F23B8CA92DB00B1
:1005500013B5F94D29DDC8565D3E906A0B3975BB60
:10056000C644DEC39C1E5E1F8DE42DBE48758B1AEB
:1005700056327D3096B3D1009C2913451B7C3A9AA4
:10058000AF1383A5C8F6D5766DE70B371D45AB3C99
:10059000263D37119AAC183E8DB7AB3B21508700F2
:1005A000A67A2AAB32C5AB8B3F9FEF393DE262B6EC
:1005B000516CA4C4616FF1A7989AD3B1DDFDE148F5
:1005C000596C797C1A73C10044A097DAFC17306229
:1005D0006A5587C69A99159295223EFE915A6156A0
:1005E000FB899246291D55C14A3C509A0D646A0008
:1005F00067B8CFE9F1C43F3147D1F65EDC2EF11D7B
:100600006D1974C3762D972A9B07E2D88B3CF2E3D1
:10061000D5CF8F5BEC504400E61160260F5052A8F6
:10062000B87CC0390BB66A46D33BADF27A56B3C735
:100630006904E97F1016A5866098FFD580340C0008
:100640001DDC8A8BEC5BE7F29331070CC63F985AAE
:10065000877E46F94C8EC6D886F07AC6AD906DD3AB
:10066000719758F0969C7E00879C6F64EB71AF7217
:10067000191771211E0C58FA4983FD97CB5AEFF6D2
:1006800057030BA2FC8525730F5B2E7E10474E008F
:1006900034775C2ADFA6461FEDAE5806217A8C958A
:1006A000261E8B19BAFC7772541B5D1750246157B4
:1006B00076B678EDA5CCCB00CBF902556D72C9EEBC
:1006C000792BE42505566CC1CF7D11BBBC1C66E5BA
:1006D000A8CF0A122F63BE1BFCE66A75B841C100A1
:1006E0005C5C3FD202EFD8E7B2AB9336ACF50C9529
:1006F000715969E9CD3B6FABD9CD1F7D4000DD1D40
:100700000FE4D798F459D2002A3041B97A128317EE
:1007100024E9F09B56C6B5D1C5F77C80BC51F940A1
:10072000000356F9D958C8A9A17281E32733A5005F
:100730000635A68C265E60D75DEB344F91B01C3831
:10074000FA4D93FC3B21FF6663386CD19C04381D45
:100750008BDF5623C0D5D700B6E218019C4743FB78
:10076000BCC2B5FA3DF09D6732DA08A78DC708CD47
:1007700099E8C5CBF1075AB61266E05B4841A40080
:100780006515A4889F1D8632CA7A854655584E0144
:10079000B39A90B8493AB71E582D4F24B93EA14597
:1007A000F215D0D8D8E182002382A60748C53E556D
:1007B00002CDD8DB6A5323361F964548F20C51D43C
:1007C00072A96A1C007A1AF4D0B0AF4484EB3900E5
:1007D000F388F3169094A18CE55FDC87F38B5B9A2A
:1007E000B7EE247131CAD70B4A9E7FEAB6B36BC30A
:1007F000A693FAB2E4028600A0EA53D7E2C3A27F2E
:10080000EC4E5235A4B36C1C61715102BBA857F376
:10081000863E9DD6EDD59F8C38C4FDB179DEF900BA
:10082000CE446427CA58E2BF4CC7E68FE1E1543E8C
:1008300090965A884662E42D780694C4BF281A5CC4
:10084000396AD496FD5283006218D3F548609C83C0
:10085000D7B8282101509F8E6F6B82412BF63295BD
:100860002004A373CDE1225FD68B11191FD3810021
:100870006A73B02745277BE33F820423F46B9A3EDB
:100880007B01357B9062A39D4EC814C2B76079325C
:10089000D814908A705B530083909453A1E417712D
:1008A0000A2C8048BAF56150A8B6BE5F8FB6E7CE75
:1008B0001ED6AB0257D4785FCED757CC6CA0C600FB
:1008C000C0831EB9FDDFFA9E63E58A3136702B9234
:1008D000ADF19FD1A4CC61B94592A6C9C8A18563E9
:1008E0004077948A3BA9F8000130677BCAB941532D
:1008F000EA78B7BFD820616594CAF7C0423B3D0093
:100900004A90FBF0877473AB9680C60F56D9D4001B
:10091000B85422E6E6FE63B810879AE6EDB01328D5
:1009200032690DD3B2DB61C42F7C011DE358EC9515
:10093000CF4B519BE7968A000A706B4BA354A4CE11
:10094000FC6747733F76A30515541DC97E5BA67EE1
:1009500089CF1DADB49EE69277A3FE3678156E0062
:1009600088ADA080D6F1B722C9F4FC5C7A8E447BB6
:100970002A710616535D603115BF96983FB03FE867
:1009800032ADDC11C4DB08006F6195568884C13F2D
:10099000DEC6855F5EF6804495AFA1B46D747ECCF3
:1009A000C3145E79CC7FC7F252F521EDF1352000FA
:1009B000545DA47F1F011FB847407F04234BF92AD1
:1009C000B3F8145B5DED9F3275E6EBF64A43128097
:1009D000827C884C9FAE2A0044C1C8FDD41E44D6F8
:1009E000C769AC5267B7F9EF4D7AD5D15B38BC18FF
:1009F000B30E71C3DB65D355B8762B5385C3B300F3
:100A00005AA17DDD9F3A7514A053FCA423245B34C6
:100A100013E325090D0C2F7D5E080EE96A5E4A116D
:100A2000040C3F7096520D006130476CF0CE9A86F0
:100A30003C65BF9DDF8FBA71C4C1747C81A6C0952F
:100A4000DEA2621CCE3E01B6E8CD6C900F8D900008
:100A50004625D1BCCBC3F6FBAA4C4196306AA361B4
:100A6000B14E8AD0CF79FC0AD6A0C85BDCD1CD20AC
:100A7000FB287A157A7C3E0026D296201CDCACF44A
:100A80004C3AED4BD86D53DA1D0A5AF2A5D3193002
:100A90003512C57A4ED67299806F3CCFB3D64800D6
:100AA000C2667035EA027D5117BCCA471D1E7D2EF5
:100AB0009E1AD1C9B71B68B440BCA7B0596AF207E7
:100AC0009DF8CD1372AC22001924EE7FB890265108
:100AD000132B401D40A5B4CC26B0999CC3DAF3D8A3
:100AE000D2CF1754AD9B44552B615C35BCCD8700EC
:100AF000A038A6A44ED6128A14B87D615E06461DA3
:100B0000843A46C8462CDB3AA7CADF14E09B9238E9
:100B10001C3E0FCE91D0BC00A8CD0345A3AF1173EE
:100B2000069C1E5E4A72306A603040455741E22B97
:100B3000A6F19122C195B28A44BEAE545D127300F3
:100B4000607F29740AF8608FF6F6E1B1AC18F18580
:100B50008EBA7F36BE035716550E7E05B323CFC718
:100B600000AF1F4F992857007DA87989BEC8A97387
:100B7000EE2DB3A09406F1B43B6575067616C93226
:100B800039489EAF0450FFA5714693133AD37600BF
:100B900001CBDAD8721FCA3071F6BDFB70F39964CD
:100BA0005EC5299E15A9B6BB91177E97085553B30C
:100BB0005D6E3756EBA1E9000AF91164BD9FF0089C
:100BC000A2417D4FB2CEE50B8AFC1A7A915052EACF
:100BD000DF0C7B86B7782D2C9207217ECDA071008B
:100BE0005228884B1D3CD7373F9D4221FF69B09763
:100BF000489E61A491A64B5D3E0197D68F4BDC29A0
:100C00003155BB27338BE7009DF8FB6C2FC0B7260F
:100C10006E060CE16C9A3CEC31E312A5B1D0C42411
:100C2000F53DBB4A832ED2B4E2555E70FAC348004C
:100C300009CCAC389D4DFBBE44141BF3221D06A20B
:100C400022503133F6DBA9A8510277D758E7DA35BD
:100C5000E9EC479BB040A200F0E2A212B46A8E0811
:100C6000F01F8E61DE9B2CFDA35B8BE3628338CE8D
:100C70007B17FC3B4F5B6A0074D34103B94AE40025
:100C80003160B245A0453EE7C1A24496042C04E081
:100C9000A34E32237405154BDAA7304B1DDA44B14D
:100CA000E3910B11001BC6005BE495438DFA4712DC
:100CB000F4BAB2B8B9555176B48C7CEE66449C0552
:100CC00071828AC18A44DB9D757E9268A995C100B4
:100CD0004C18AB9FCB3D8EDEA5F8E5DF8626D5DD33
:100CE0008F5D3DF6D63A436667BE54624BA2788E5E
:100CF000FF959FA50EEB0200FEA737F71C8AF88828
:100D000087BFC6FC96948C4362998C55DA3DE27F8E
:100D1000527CA4A115E8E7604747725BAF3E8200B2
:100D200001AA4ABBCD71DD1499AD6FF3915C044902
:100D30005A5B3E7E28BEA159685113183FFDAA6038
:100D4000D2D094EAFBCD8C0047C15BB117DF927F14
:100D50005E5A428956F5CA851141299386ADA26F24
:100D6000048307C67E9E985866EB657089AF800045
:100D7000C7EF6484B39133C1B324EBC67D5659A841
:100D8000902915297A2302B9E804FAB8C2D4DC07FD
:100D90008BE0B5454CFB5900C1494B657F7DE5BCF7
:100DA000D056BBEB24CF3EED05017813C8785152E5
:100DB0005D0CD5D8974179B40EDD6865407383002A
:100DC0002241EC990C1FD1FA54836FED68D368ADC2
:100DD0002745CCAE4D2FBE13ACD26C0DE25D3189F0
:100DE000597AE87346E4FC003603BE61FBB6FC6E3C
:100DF0007E11F3ACFC40DC8DACF535B4F2785CCF01
:100E0000CF103F65829A723D9A15F7C4A31711005F
:100E1000926F3FB2A7CB0D2D8650BFBE8A5E8AA1CE
:100E200007C90794FFB0FEFE2FB17386F89AB5602C
:100E300046B47E2C3029FE00975E46AB35124266E2
:100E4000C389C24C25812AE4C766E13E3C982451FF
:100E5000211B6B70B39E492C89DF9257FEA9D300EA
:100E60003D8AC35062E206AC7AED1D068715E65D49
:100E7000168FBF902BD52F8FD30BF74CEF9E1D7184
:100E8000C86E6E6EF1CFFF006A790CCE8C701F7346
:100E9000267AA70B5CFE68E2E926759FEC98159907
:100EA000F9DFF530AA657D992A0DA842C040C5003A
:100EB000542DE9999AA4DE088CE2B30FF389302D02
:100EC000DD7C739DCE192CABAE14E71AFF40E88B86
:100ED00051055835B26DAB003CC1E416AF985B9B31
:100EE000F3EFC3787A3ED117D85168B390C5D220BA
:100EF0004032FED082B333EE3AD9560E33770F002C
:100F0000EAE89C8C112F6773A728F71A80EB0C99DD
:100F1000C71C071058030E2CF6EA79975EFA7784FF
:100F20003E99732210137B001E4C7FF580CBAA558F
:100F300015A5F17C5D7631E54965A485629F0F05B5
:100F400058CF5C6D746ABA9E996330CE356A78006A
:100F5000635384BAA16C4C89E82ACAD273485031D1
:100F60000D3715953BD7CA9CA7453272D59BC41D3A
:100F7000EA01B9C788FD8A000F9D4B571D6B0DDC38
:100F80005E810E39A4BCD6D31D274767246F6F47F7
:100F90001FED2A5B55ECA86B84E9339CB027BE009B
:100FA0001B0FE4C4CB39A424813DD93ADBA7569F5B
:100FB000858C2C4B9BDCF05CFF4435CEC1EE860E5D
:100FC0008310BF4D0C7033005BA3E72DB6A04E48D5
:100FD000EE37F9B6C7AEC0C359B846DE2A0C37E4BF
:100FE000ABF37D6796AA6B25CB134221A81C0600A4
:100FF0005B8E0E57B7D8B43619B3EB5E88AA41435F
:101000000CC46067FA62DDCF23F3D75675D2558CD6
:10101000CCC047D2C4C71E00067F289ED4FAAD6F4D
:10102000E3CF81F97B24028E969E122C8AAE1E0994
:101030000BE2D7E4AD873555C0CB70F0F8AA80003D
:1010400082C9A38195A95F445BCDA5382C121FA846
:101050001987BACFC50D8555DC5337C75E6E408EF4
:10106000D0355317DD6CFB00728B52E4550411939D
:10107000B66D7CD885B53754F24CB4BE40E3FC8ADB
:101080001574BC2792C3AACB0B132DC35E416E000F
:10109000B2A8C52CF42B68B2F4CE83CA176E2517FC
:1010A0001928F6A8C32787D76799DD714962C672E8
:1010B0000625078B557E16006D009D3BFA67472A73
:1010C000A7864027EC3F7D58E981764C3315FF49D0
:1010D0005A87E5BBCD16522CA1AF6A32B17B4600D0
:1010E000A6654AC864586959E2028A20BC39CF878C
:1010F0003416D42C22788E523C32C3680AA421279D
:1011000010FA41B1CA2AA500030348B78E14C102E0
:101110008C29803291C3CFA6EA14D2D78E7975205C
:10112000D8EF1941694F58F13583993D8231A500B7
:10113000FEE20235591A80277D580BE311CD56BACD
:10114000CCC16606FBCC561B8E7BA3DC929850412B
:10115000A00131ABCE8B9E00FE693D038C488155CA
:10116000AB2D70C65232036827EB892EEEFBD214EA
:1011700061355F00497EDBEC660BF9B0008EED0057
:101180006A7D2B26D546278BEEF6F43827F5335BA0
:10119000F370C858FDF4A692FD27B1836DBACB2336
:1011A00045C5A0B172FB6F002CEB2CA01469B9935C
:1011B0006C5B85759AD55F80D1D9E0F1352F8419A4
:1011C0005F88E769A7B147CAE5DE82B75BC0F50073
:1011D00086B8AAC8CF7079F41D4DEB82BC6E36215B
:1011E0006DA80D0164F7766B0A10834CA4DF607F55
:1011F000BBF609A72D0B080063AA18147FA3A0F45F
:10120000B2DDCFF2A07F4E22A8E3F5F8DDF710FEA5
:1012100019B775B280316F1D1F55A6B2999B070093
:10122000FED44610C69A832BD6010F845824CFE5EE
:10123000F2181B1CE63191ED32BFB34B6443E03131
:10124000219B3503326FCE00BCBC23A6A9A6971004
:10125000E1939C9B49DFB191E00158193903329524
:10126000EF0403BBCB4C8DE1D63DE507855B2D003C
:101270007D69F7FA23CC4C3E5D7C4692B6B660FFA2
:10128000C432CEAEB951E0629C0A459FFD86CA6564
:10129000AE76171C14838E002C6E8744E5BB407C11
:1012A0006E3F5BFFCF4095BF571B6AD88F76225D9C
:1012B000B6C704AD377F06C8FADC25EFA615B60021
:1012C000A69F89DEFDF158F6B7C0484C7FD7C3CD45
:1012D0008D455606BFDDC3272BCC29BF7805F4FE0C
:1012E000274E7B3D8A49DC00A06C658AF6E8C9661A
:1012F000AF76CFDA45AE2BF105A0CF9B70654FAF2F
:10130000D05AD0AB26D2941976CDF5BC2A6A2F00DC
:10131000FCD9F9A1914352546E25BF90C36246682F
:10132000E5574EB0D39D52770872B942B479FD901B
:101330001A40E7930C928300E811B8003AA677C3ED
:10134000BFCFA87204E8FF017DC9AB84F945F473EF
:10135000860BAB618CB41B72665F96362D37F90035
:1013600069E91E48286228EF65F77BAE34E4C2A520
:10137000615789A6556C362289E3EA5DF9AFECE541
:101380007B39DE6590FDA500C62F7D95EDD6D09FFB
:1013900045AEFB17BE7C5AFFFC981F7B69CE713DA2
:1013A000E719C170EF58BC2393799001EE86E700EE
:1013B0002F9832BCF7EC6A94AF6A752554B176F376
:1013C000DFADB5EE938B7362D7A44C8BE63F367ED0
:1013D000A64D251E04A9EE0094AFDDEDB6030DD990
:1013E0001BC9E8259AE20A208A6F992963C55DDA4C
:1013F0006E4FCF48E62BE09C820D80DC18EAAE00F1
:10140000F625D1D2C5E7ED52508610820D87B089FE
:1014100067A308196C52FA8F6F814D5D8788D202DD
:10142000B9895969038F12001706A4C2730EF3AF6E
:101430005D271D0E4E5A9C021421A833D4F0ADCC6A
:10144000C12AE90E6BDD699C41F096FE0601680039
:101450009CCAE542BC509B27503C6292083A9C6172
:101460007A6F194E509C521257FA51F888419E9645
:101470004B751B6EECDD360077DFD405B65456D6BF
:10148000F8A46DD91B0CECE30DAB736640A4A26706
:101490000516562C07D39FBBAB910E601EC6C50028
:1014A00003C334CD7BB8CB4F29BBD1FDF9A4BC9885
:1014B000674D7803D3CB5535F32FD193B4BA96FF4C
:1014C000FDBE78A5D4215800891691BFD7DD8C1BAD
:1014D000B33047A334EC12269EC1248B9BB808D9A5
:1014E000ABF71BACA430959BA03F860DDB2A150003
:1014F0006694797DCDD004D1CA1B3BAA7B768E2918
:10150000EAF66092C8AA1C3E9B861ED8D4F6910EBD
:1015100007CFFBA519B74B0094D7DCAB61B3B882FA
:1015200086848850445BC8EBF80C7F59D46DB58134
:1015300008C82785271C082361FA9A8BEE382F00EC
:10154000FFBD6D2AE852523F3F332A8EBC3595735A
:101550009CF8C95EAF67FE2D6F45764BDFCAAD695B
:1015600064912777695E8D00BB26AB22489D615749
:1015700059A013ED23E3E21D8B601BB1C71E056468
:1015800023C0E4AFE8056781F8BBF8F481487D002B
:1015900023536CDC8DB1F58F1F6C6C16C0486966E7
:1015A000D62998B3D657C9A86A7BC9E4AEC8990DA5
:1015B000D0480DBA4FCC410098A436C9F45D5B59B0
:1015C00052196E9812CF9F8D7090A7C9FE4070BBC4
:1015D000CFDD5CAFE226D59CBB74E77D46221900C7
:1015E000C30813D2835BA38548AD7D01C71C3BD7DD
:1015F000E2D617F690726713C781E82FCF78B34809
:10160000C936C2F29B47F000A49DCC225978CACEBD
:10161000E7A1F1C23142C5B0554A22FFB5D73FC359
:10162000F03365B48A0DAF097CE61EA73C5EFA0074
:10163000EAB295FC274681CCE1BDE46175D99EEC08
:10164000AF6DC509ADB67378DEBDFA1478FA1F9C8C
:101650002AF891022599E4008855D6386D85B6E6BA
:1016600055FB38A180253A293C5C7243787FFF8086
:10167000F933D3F285199B2239AC981D06633F00DC
:1016800038621EEA83813A44F2D9D84974BD3A647B
:101690004FF8DBDB2EEA3774D902875F321C423EFB
:1016A000F48A94DFF9A12300194B073096856B3536
:1016B0002C8EB1A8F0BEDB80AE2517BE295A283685
:1016C000BA2B2A654375382D99A7A8C8E3E71300FC
:1016D0002D76337C3EDC95DBB9FA01F7EF2A7E6D7F
:1016E0002E4E4E36A1B710426A87A1A3BF9A43BEC1
:1016F000B8A6B50BCA9294006CF36A8DF1D1B2D240
:1017000026E6D6175A3E6C2D50485C4C4592FCB1EB
:101710000E59B81E3251DD70F991E88793739B0022
:1017200062D53B220C013DB2608D9DD375F3511102
:101730003ACD7E4005C311E1B3CE1EE1112AE6E5A4
:101740002702463F96DD41005086253C5A38D9563F
:10175000F3B4892CDF111053FF86974A0A48170FFC
:101760006FA8C664A197248E1C3FDD30CB33F900EF
:10177000E75AAD804ECF4AB60A4E01513EE4BBC88F
:10178000EFE28411F1FB163947430A780E0B3C85D2
:1017900008550339D42FAF0089B9AF0BB5FAF670ED
:1017A0001B2FC89EA86AD042575341EBCCB67BDDB5
:1017B000F2B320EF8C862F24D615C374EA550C00A3
:1017C000EB5608EC1610CB2E9C3AF7884ABEA6279B
:1017D0007880A114244394D086A6B649F00A0E64FA
:1017E000AF5F44B9BA479E0055750CDC4EE18FF5EA
:1017F000EB82CD373DE7609F8FA97BC04531CD148B
:101800001923855B021D1F550D308536D7E0760004
:10181000E70E26B37A653AA5561D980876B7BA69D9
:10182000D0EB2CB3FFB7F27487F6A0FD5157C81C5C
:10183000CA82B766C604FF00DC63A9E7212A4972A1
:10184000883794A38261BFA96DBF0E09858B19618A
:101850003846F246560B1B9533BB500ECFD3730060
:10186000369B6921C1EA8CCC53C7AC6EFAE536834E
:1018700037F1A8446E94D92E294E7D4235611072FD
:10188000A79211967C56D100A1902C25F53281DECD
:101890007FEEE37044A6F16452E874829C26B6BDE4
:1018A00009F66B1B5F59208C7AB870AA36023B0090
:1018B000833A29EAC6DFC1C43ECB2877D1FFE45979
:1018C0001248CA865F22D4C2B4F3B58998CFFDB05E
:1018D000A89DC11A6DFF930021AFEA0A40FBA22D1B
:1018E0000655646B010476F47FC158515DA0709E6B
:1018F000A12CC5AF781235F433D80F39D7A88B0097
:10190000AD2A03D9E79137C3C884E9D6FA5DFD3221
:10191000DC4858A42258DCE07BDC3A6BB4E66DF678
:10192000C5E1A2F119650B00EBF912CEDFB925E88C
:1019300034645E60203F4E22FEE68995A5E6AB8DBD
:10194000C66BEFB5770DF2A74AA3414C73110600A1
:10195000FB006489A81DE60F0C01889B07BF19DAFC
:10196000D63DAF21FAF933105EC39B97EE83367EE6
:10197000F8BFD13EFBE6100026BF3FAB3BC1ABFE3C
:10198000C1033FCAF3963218746FE19664CEA1D6B4
:1019900069B3F396E08159453FB5994B7D583A00BC
:1019A000A3D9FB3D96F777CEB01E46833E07248E23
:1019B00060E4596E0C4D0A597EE123718E5CBEE2E3
:1019C00061E8806183B14C001AA4874E72A1EDD901
:1019D000DCCD91125A0618ADE1F72637DACFDB10CD
:1019E000CA981F7DED3A7711549E11855E7FC00025
:1019F0008A249E07D248947CD75246C2F5E18CD205
:101A0000EEA6710BF2FCD1FD360B7A08E4C9A5E70E
:101A1000427C5136846691006E7CD0CB133D916838
:101A2000E2B4C281C3BE3A646DF44950BF95150853
:101A30004B4EF43A0E2FF602D842CC2D6F4FF900E0
:101A4000073057CBB01C40DFBF5B0E61B11A2F5778
:101A5000B984F3CEE5676BB1FDD044CD02A54F75D7
:101A6000DBC8C4322D1B4200A84A5DEACCA62FDD9C
:101A700050521F6923D60F943086C518F8A5BEAC06
:101A8000C024FCACE0219E4954E6D28CA2B90D00E2
:101A900022D46B7A2D4C8BCCDDE4EE72F59723A724
:101AA00058A46487BCD52A4DD04604E35971D5DCCF
:101AB00075C6BF4B11A159004813479A6D863F392F
:101AC0005311B4085E5D288A3DD27D34B9132B7C56
:101AD00074FD487ED7E067279C5DB6E25AB2E3000A
:101AE0008FB986BB7EA44F2EC813259B338C8E6C7A
:101AF00028614004B1AAD172CB01C0A13E1070AEE2
:101B0000D079594D193075000B8F413BFF1F985309
:101B1000D6CAD4684167AED7E710A87EA4B56BF9E2
:101B2000DE603C953751AD1730DB01B6C6198E002B
:101B30007ED02D5D0D2824951CD310624F67AB0A13
:101B40001B97999BB2654EAE7906A5A8EAC9CEC788
:101B5000405ADC2622666C0076656BAB3B6CA01DA0
:101B60002B3C942574FDBC016F960A34DBF1A4C3B1
:101B7000DF8504A4D07537BC04981E00AB19A800FB
:101B8000FB73D091D4DDCAA0A04F610740F2E97F7A
:101B9000C48B5A95D8D0EA4E416AB8E9797D84E47D
:101BA0000D8FAC1EFAD17100BB3A63209A681D906C
:101BB000D591CB86A71CABE3EEBFE7285D9E61877E
:101BC00049F8C89D526BD915B7AB3060FD3C380061
:101BD000AB2E0B250598D22EFACD545F583CA2F7B8
:101BE0007C6915745D52AFD67C1FA4FFBD1D33D731
:101BF000DF0AC5C9AC63FC00D0C3553156A7911D9F
:101C0000599B86EF1039D9CC2A27A9F5AEE80F7871
:101C1000F013C64D780034D71F685A6E4F01560036
:101C20009BC06342007727D5446711D412D5136354
:101C300002815F694CB07C9F5155505049D612AF1C
:101C4000029E176A2B4E630024A2F3FE60D5740433
:101C5000FB386BEFB23C643CDC6A31D779C7461D78
:101C6000D90996C725B3793137542E2B613D4800E9
:101C700001E8FD1ED0F096D066A6CB30F6B3513EFB
:101C80000FB498838A3359D33661F9B7591E31E8B6
:101C9000A6447089BF336E002045B9DAA229C01668
:101CA0002581CDE66C6358DD9808331899194C20CE
:101CB000B430AF17824BED1D03D662C66ADBF0006D
:101CC000E61BC84144C9E1931BA9968744DA492021
:101CD000C3D60FAAAE9C68171E5AA5AB5F1AD14790
:101CE000C9AFCAE3AA7C7700AEE3A043F0AD56F0DB
:101CF000E97ADCBB76781F4EAE3F6B5CB469CCA84A
:101D000023D145B068104E6D3C70F5ADFF1B7500DA
:101D1000086DC4B6DB2D29791632B56BAEEA9E6B21
:101D2000916A7F37A45BBE5F97D0DF6771FC27782D
:101D3000BD5180DCE386B1006DC820192EDD477DE2
:101D4000DFCDE3CAD374118628F8CB153243DA9F6E
:101D50003D2DF463047CD9781689AD6650F52800D2
:101D60001514FF03CA2B9120B24E3A0D6245044B65
:101D70002D9153C45F9AB1A8345275450026164977
:101D8000D2B5A679EF2F7200C7DFDB94A69C048141
:101D900056E222A26BB0EB3C1933C67DCD63FD9DAC
:101DA00049B504799ABE4E40C6CF324E45EE6E001C
:101DB000949E3D808E7C8CCB02EEE63933C07870E9
:101DC000D84E301610E6CCFD526973B0E8E034C549
:101DD000AA86A301E1180D00C5CD2338569D577E74
:101DE000C18870B4370E6ED3241A68FEAD7D8B5B4C
:101DF000AAADCCF171D160833A609D247A6348002A
:101E00002F24A2580B8A1FBA3A1E2DCB2313D92C8C
:101E1000DDBF74E8B28D59896B451FEE73C99C8292
:101E20001D9DC8845DEABE00A887D638996D4720FD
:101E30002E3D1DF15F274E1D3E37A242A80F156CA7
:101E40005F914F48BED95DE2320D59370A80470095
:101E5000E2209CBA368B8DD30103A7B2D2E7742659
:101E60000E8F02B0B4EF86F751B0450069713D9A0C
:101E700048CAD43DFF92DA001391D6CA8F1408677E
:101E800040A9C1B86AD674F974BD1602BC9E050D8E
:101E9000AA89427388EF8E48C9186EB02401A10048
:101EA000A647DBD46B167E40E33B17B8D117B2AC24
:101EB000AD9906E72E9C53B437A919B80E47021EF8
:101EC000F5F8D32A5E2A490092D7F25D0FD2DCF3EF
:101ED000B7885191C1E8B62FA0CA66C36D8C01FDC9
:101EE000CD9932359EB92D0A07AF512376DB7E009E
:101EF000117964A537967842ED42FC07B86F8F38A8
:101F000082D7AEF4207B61CA573B2DD90BD0A4B742
:101F1000CFBA1DC680A33A00A336D85A858F8772E0
:101F2000DF314FD01104A4FF2303C9C7AA054FF91D
:101F30002D6CA688F37493384BC18CB0BA9D8A007F
:101F4000BF66D964A90889AB50A9C5739161D7064A
:101F50007F3BD7042884A2FDA63B5487EFE479D5C4
:101F6000B731311ED345B100B7B632E84A12847B8F
:101F700091D58603908ABE054EC6AC487A402AB5F4
:101F8000AC80F3C22BB36AFFAA3E3FEC00BA530009
:101F9000595248DFC5637B39185EB9C338284D698B
:101FA0005346F0C5A238F89FB4EBCC6DA6ACFB76D7
:101FB00030A79513614D3300ABEEF9A1127AA099C9
:101FC0001ABD9B99B68DAF3E3DAB92EE8AB2E70348
:101FD000C16CF94FBC94D71D540D20A86F7D220011
:101FE000F89293644C3866662FEB2D4FDFCF31EDBE
:101FF000B3FACC85B7944F3F86F60CBE8D077BAC09
:10200000A2FC9178D037070059FC8EE47BF033BAFC
:10201000491468AADC1DB709481EEA28583C3FE766
:10202000A0D33EB0A6136FB79912E2172C539900B4
:10203000EE560F04E4AE6BA118A9D6DC1613587443
:10204000BB0F44D9B1EAEDC97C12BC09CF0A258681
:102050005AD8C88C30DF0700A699278D29988AD8CE
:1020600080B407543D6761E5F3BCEC6FB5D219AE9F
:10207000367D48115473B9D08F6A283414650D0029
:1020800004482B72A1E2AE3E291C9B9DBEB210BF3C
:102090009D27A72E4027864FF62DBD44D2C34D75F0
:1020A00060DAA9C404DB3A00AEB9CEEF4DFDD69795
:1020B000E47D639601D34B3D45F0D52DFFDDDE0D6C
:1020C0001964CBE1333937D178D7F69E0DDCB800EF
:1020D000977B64010B82E84604F034B56D882B5879
:1020E0004032CBE7B2BEF936FDFBC0956A87698BFB
:1020F000BEC1663B0F186500A1B335B35CCF370F87
:10210000E84E0B08C89D52885E9660596CDE9FC2EF
:10211000A79F69E1C120DA142E10D0CFB69827000E
:10212000604FF1D44A7D452922307D55464C39EF28
:10213000023389271DEC5D7BEDFD4EE5632CC53830
:102140001CA9525A745303007AFD575ACBC24AB89D
:10215000ED663F31F654321656272893E84818A901
:1021600074BDDED83BBE8C419B28F98063671F009D
:1021700034257B6D7A5793A91240A54675E3045B1D
:102180004A07AD91F1DE0828FE0A327467599DEDC9
:1021900066801F488529DC002D88EFAD0B116A523F
:1021A0009D970FB514B56FD0EC8CC3ABF830B8B3B6
:1021B000C962724CB1316E6FEDE57D7E05B91C00D0
:1021C0001D5EF06DCC32B3E9353FA9BD7745369C35
:1021D0004C35D6E755AE9BEDDDF834EB0AAC5FF03D
:1021E00075D922663CF5B40011594725E16A19C337
:1021F00038818810E4969BB9B4D20769C3D9AC87FB
:102200001A569B19F588AF60B07B219F05F3BF007C
:10221000E8CC5C0B693AF2A9C1579016AE8C736694
:102220005A610776020F3FBDF1EE6D90BF598B03E7
:102230002AF9102CB30761001BEF773A016840D2EE
:1022400078F83FC01AA0FC85C39C52209331036BE1
:1022500037658BDAC6DFF613038B03C769340900D1
:10226000B7E97D39CDEEBDEE5F2F792ABAFB162B8B
:102270007E1EB5B311862C011F31ACCBF9F1ECE712
:10228000D0EA3BA657B26000291DDA4375B42AD1C3
:10229000BCFCAB90B442B9CF53B90F332A8C0A516E
:1022A00014D710FA0B5DA28D2F9130AEDBF9B3007D
:1022B000EDA72BC5B4A8B17FD3989EADE0026E59AF
:1022C00097680CB2ED9A536BC8E40FFFC5DDDED5FD
:1022D000406F86AEAAF3AA001B759A182445E951EF
:1022E000FF9EE76421E40F1AF51B22F85A1780BD00
:1022F000C1F084EDB30C196FE43943C26A63C800BE
:102300009377B98032DD8CA8C20231C48AFFDB2505
:102310007C898ECFEC94B724BD751F9C86C815E4CC
:10232000C1FB86FFE3671700232A890F2FA3044907
:102330000DFB0DD002350C37D46C4D60078DD66C7B
:1023400095E5D91B558AABC2F91029B3935D63009B
:10235000BF64B379AE449A62E45060B793631A7C69
:10236000CB26BA65F23BAC879625283B36EA00B708
:1023700024593C994DD0C50084F935900BDA4EE2D2
:1023800001011B364E7F493C0A3347D5A07BCCD791
:102390008A40DF0B925040CB7FDCDF04E0943400B6
:1023A00005DC8EEBCC77610C202415CCAF76F71BC7
:1023B0008E949C2E0607D3D6ECDEB17DA523C3DC1C
:1023C00032E71A28C325E90005617DC32433C045DF
:1023D00008A5903F628B60C2F85332605CD35A17F5
:1023E000418778709E8686C9A5D88165BB6D7200CD
:1023F000BEA5C49AF22B5D1911AD772A7CEA7A9BAF
:10240000F5B739A46E6622A5D5DC3870978D1EB25B
:10241000A0B061D69E4A15006D33BA7595B1BBA6C2
:10242000791BCAE0F884AFAD031FD0602273346B10
:1024300064F47F4EDF85B484BD3C5AD30E670B0035
:10244000E8A8037C20657D6AB54F199B8DE4933A1B
:10245000C8D8AFAD85112CE7A34D928A2F8274CED8
:1024600068F9F22205B36D00CE2627DA44451051F3
:102470002BB79CC8A3BF1F762139D34F21951D8050
:102480002DA0AD4BB2510EF1E65DC1D6226B5200CC
:10249000B140746B5117444EFA097CA3F594FC8B40
:1024A000011396A189124C8DC04D14FB9423595FE2
:1024B000A3D09643BC1E0B00D11664587049ABC321
:1024C00063FD0BB8EFEDFFBB90268FF24187CC4147
:1024D000CD0D7A5EBF03AB31CB885F1E88E5570018
:1024E000BBC5A147ED4996A4A2A5D4F0034B441760
:1024F0002E457B0085E95D2068592954B2F20A6FA8
:10250000558CE46BD2EE7D00ABDB6F9C8375B7CD51
:10251000DDE95768D25F89388CCCEAAADC44B24244
:10252000454F0B00AFE2126CA6E3C07695F9970019
:10253000CE121BB2A01B93F93E189774A07F6C6754
:1025400009C9F2D053353A6B4D8A1E69038C5FE896
:102550009E7AB0643F7F4D00F0209FDE5B24862092
:1025600092924E58DAC7DC148CD03CBBCB86D5E8AF
:10257000ED699E522E970895337BD381B94A14009A
:10258000C105173B77C4AE3031336B65E392757C80
:102590007839B65B550EC88BDC3A2FC53BB254CEAA
:1025A0005EEC6559D7BC4F00AD6591BF8429D0A3BF
:1025B0008997288FB363B8CFA376DA273A787C2936
:1025C000347ACAFFCB0D7B37D0CFF05132FCDA0022
:1025D000A12BCA5C1FBC6BEDD852DDBD05CFBEBEC2
:1025E0001AF4BC32F4EC9A50B068A5A0FD81DED498
:1025F0000DB95E3D1A709D008BC58EB2944E56ED9E
:102600002A9C32CEA5BADD51AEABF89F82B9CB6819
:10261000052AE851A3660426B1E8AEDF396C320022
:10262000B83C5FBFED829D4A640F46916E14CF7334
:102630000834A92E2586C2631720242F4F830D85C9
:10264000C989B0B405D6C8009C3B872BFA05B7EC06
:102650004583152DBD20746B942CEC4C5F1FFEFF41
:10266000DA21A8F6855E70D34B254099BCE8270097
:1026700068EAD9904B924C4ED90528B1944F6F2CF3
:10268000204067BED825E0E18050D28C233E6FAA5F
:10269000E0FC97EBD57B240007848AEC2B531E8447
:1026A000E4BCC94626E6CC96BA9AF49FEAB4A3CC19
:1026B000951D8BFB62CB038D5166AC3E8CFAEF000F
:1026C00010FAE2FE3C6E96FCB1CFE735FDFFD08EEE
:1026D0008FBAFF01680772C4C4D0BD6A9DDFEBDA10
:1026E000113C7420FABB2800F11B9AEA431BA1C4D9
:1026F00040947BFDF59F1EDCF8DC167DC5D7DB64BE
:102700006326D84A2A6B151189D2FF56B69F1D0041
:10271000E09229A901B91F0FDE9CAA15CB41C7463B
:1027200073A4C88D0593B9E47FFEA6B7F5A9D5E1DA
:10273000B80BE9AF05722A006FBE1E18D72EB16420
:102740006E41347872EDD5C312FAEEB9EA1BCB377D
:10275000DB9C0AF06CE06306D34BA8B1FFD7FD0009
:10276000AE6AC1454A678E536F04999B84DA0BC7E2
:10277000DD114C66CC9C561E2DE0422C1DE86DA64A
:102780000717BD65FA2261007A38451ADF022BF778
:10279000E149723FFE694C03DE820DA79370971CDE
:1027A00010EE0679B8DB3DDCF41732ED4109AF00DD
:1027B00063CB48BFAB52B2964E0772D00F1CF56682
:1027C0009F3BE3E32637BC38A9B3207388272EDA72
:1027D00042480130C384C1006BC4C2C4F213D4EDBB
:1027E0002CC952BBDCBF289ED96D91FBA401AFB5AB
:1027F000DCEE18C7452F622AD37FB39A4680EE00DD
:10280000462D670ED115ED5D9D3BB764A477BC8B5B
:1028100063D30125B03E2E1F559ED8FB4C999F0ACD
:102820001CD6CF176AFF6F00CC200882D8231DA5C5
:102830002023E6A943139943E91D315CB2370E1BEF
:10284000A5639E24E800A5BB920B08A49F47D60071
:10285000642A81D9CB2EA0D1D927B01CDF306B0CD4
:10286000533BD2A5054197DAF32389EA7EC1285468
:102870004192C883644C5D00D4DBA8D316F85F7A1C
:10288000D7F81BDE04B9CB8EB6F09DF4182ACA31F6
:102890004DB116F792510B4821CC09E307DB7D00BF
:1028A000BB9F352B0B4CE5DE05CC156CA8FFAA4869
:1028B000A3C029736E5B1EBD3FC8E550BD2B9D6450
:1028C000855F9EB95D8D0E006B0429BE6BC9944F68
:1028D000E00145354565DAE8FFE7D93ADC1F182BFA
:1028E000F0C08D5A5674812FD0911F23CB1338001E
:1028F0000D6450A70A6047AF0F832512BCFD68AD79
:1029000058281227E619AFBA632703E41DF2B27DF7
:10291000120ABB50FB22C100859A50B57D4D7D73D4
:10292000742298BBDBBBB58332260FC902DC7683E9
:1029300034D44564F35476A26F1BD0525F0B210050
:102940004F74A3E9DB352F21CBC805B44481A9A07E
:10295000A432317D2F871DF0E7F4B008F6BE7F1C4E
:10296000D4DBF984B3AB6E00CCD84658B4F2361140
:10297000ED88AB625836805222FE9DAD7A0EB9C307
:10298000D9921F38C91DDCF4BF7353AE62616A006F
:10299000E1989FCC4063B5F083D7B8C2B65893FF97
:1029A000FABD0A9F4A8DC72CA246607EEE2B52D3F9
:1029B0000A73F9F4A91145006C17DB1EE3195EDBFD
:1029C00035995E9724AE574D88B94472FDD7178666
:1029D000E637443FC7D3485ABECDB2BCA81D42001B
:1029E000F7A1079B29031778411EA887D543B55D3A
:1029F0005750E08E112663A77F237B2968FA5DA9D3
:102A00007A9353D2E31EB6003F2E75C50BEF79E1E2
:102A10004E2C68D0652030F643743D7472A86CD596
:102A200047A79748AEA334883215EE1737262E00F5
:102A300095B34996D7DFB0541144BFE6C3AE24F531
:102A40004E5AE3330E1F65FAE2E1BD5FF5B47BFD3C
:102A5000E43A01578C804700F557445C4541EAF958
:102A6000787BD17DE1FE799AF93C695CFCC76E8088
:102A700073AF3B963434A38937768EAF37CC690079
:102A800064F2C3DE9C419D0D624F0A689B5D633C0E
:102A9000F74EF8506137FFD80B8782CAADE465CD99
:102AA000E3B57A7A3A9B4700F1DE9BA396B8776943
:102AB0003F4C95EDFCB74C17BD7297DC0B71ED7474
:102AC00080896C8E9B133C469DF409228F51CE0069
:102AD0005E2C5F3BD268E9F465DBBA2644DC1A065B
:102AE000793089B282282F6620C7C6620628F5DAB7
:102AF00023040009D28A7400ABCE239BD1028C45FB
:102B0000AE38EC15DA056EC6214B42FCD39F458BDF
:102B1000B6507EF0B9C54F044EA73886F93CE600A2
:102B2000EEC354D20AD5CC0BD48DCAC8DA54DAD04D
:102B30007D77A72A2BD6EBD7ED099343F0241524F4
:102B400093AD134D37B738007D7FCF53F8FEA8C83B
:102B5000BA1040EE771DDB6209F3C24B16DCA19D73
:102B6000DB4C61A67486A127FF5B73B0C840900060
:102B7000A4B2B3DC53CE2256690BB53FB4F8B02DE6
:102B8000DA4286AA1C9AD7C899E332E99420613ABE
:102B9000B8EBC20EDE9D2600ABF49D22494D3C4EA3
:102BA00016F92D385E5B9F381BB622299E3AA3404A
:102BB00004EDADDF11E9EA021C9374ECCE9D120026
:102BC00041228F8462B4F9EFAFD5F38C935E263C3B
:102BD000AC10C3DF11CC5EBC29CE9D3488BEA53DB0
:102BE0003A0568AF671DF300B62EF1DE294EDFE32C
:102BF000AB5FD0D66115C7CBBF23968FB512627479
:102C000002CE0125BE8C87E0FBFCEEBBAFC45A00B0
:102C100000E798E0026ED433FD11EC166627BB7412
:102C2000EBBAEAE9B8E33F79692EC6EEE1AF6A6232
:102C300042C3DC14C7BFC60086BE5CF16602A2CEEA
:102C40008CC0881BF3AD688059D931CD2667BA880E
:102C50001001EAB22238EA5C10FE0E9CD8895800B6
:102C6000E873816CF5AB4AC06132B0CF0C855D8AE8
:102C7000337AA455E36985D4A7193BECF264117E3D
:102C8000055E3A77EBDBC600EE43ECCA47251650EB
:102C9000EC945302FB982C27CDAB9E41D837B54C12
:102CA00093358327C18251C017DC496A7586C500F8
:102CB000B92FBB45522DAF7D6BDF6BD93C1D88EA28
:102CC000374D8FFF60304B181FD12705EAEF4C7846
:102CD00096F6FD24FA196A000377E7393500B63F06
:102CE000A99268826212488B0869575AB1954F15AC
:102CF000D7FBEF7F72E3D7DB515C8AEC995411006C
:102D00005AE3F3B77F4AD0EB1B91E79637CD1A31E0
:102D10007520CBCD36B176EA854D3246A9BB081A6F
:102D20000BB61F2FDB6FAA00AF9283AC87F86A2A1D
:102D30003E0113C8FFFDBBA24011A9A6ABAF152BE6
:102D40006633C141A72E79CF68A5C448AE5C670041
:102D50007B1E46E8D17BDD613AC6DED50CFB4FA673
:102D60006916D640A2FA247475310D859AF8647CF0
:102D7000FE3B587FDA60200038FA051AED132E0D5D
:102D8000952271DE68DAF6CDC06C723D9CA0A0C9B8
:102D90004F3CED28D4988708956F50CA28A2C100EF
:102DA0008089B47DCB504F6977FDFCDE1DBA90F26F
:102DB0003846FDA0D4F411CE1369A6CDA0E8762A3A
:102DC00070125DCD585213000F8EF360856BB825DD
:102DD000D80FFBD3075498B32FFE1ECF684FB93BD3
:102DE00036E9B1D8ADB6463117C14F2DE33A590097
:102DF0008F06317FB9AE6C65FD099BA04DD09F87D2
:102E0000301105DAE3C847545BBE7B76C9381CD065
:102E100077D41D3B521A530097799B23D663291A06
:102E2000232A70DD2A620E3D05B06C4311944431B3
:102E3000D428E1C3888C45B0A68CC1BD86B4A1005E
:102E40008414947E2E9199A984475B242F6734A320
:102E50006376EA991C741C12CECF8D18294E6A191C
:102E600084104970E7DED600F1B4BDA636D8DAB5D5
:102E700052DBDE45A9266B68E429FF3C1BAE6D885A
:102E8000F8E82385C84795A106D3DAF7BC8230005D
:102E900010B455EA01B236DB04D1FB59848931976D
:102EA0007ECE828B3BB7C34A1C39C7A158BEE9D03E
:102EB000169A4A8754A128003BBA27D27D9C337FBB
:102EC00018EBC35810288B3A2834B385E510A8684E
:102ED000C77928053457C7BD84F55AE1EEBD940083
:102EE0002E12627FE703933BAC1C2FE5EEC4CE9815
:102EF000CB7C8064DC0176CA0E956030A0D1EF14E3
:102F000080647BD51BA03500D04D8A018644930395
:102F1000D3C5D65BC1A007D282AB57B65B6FF2C5F3
:102F200041B8EC3EB07F36C07B51A0B6AAD8900025
:102F3000E3EDE22CE7D9E3881A34DB43D73113748D
:102F40009185BE729C0D54B30727556B08F60A7A1B
:102F50000F41CEEC9BC4580013915E9456F4532459
:102F6000E61B51C004BE4C059F19DB1147B87C58C5
:102F7000293255755E809864CADF3AA0EB9A5C00EE
:102F80001D24CC047795746367784C9E46CF5954C2
:102F9000661F6AFFB353E3DA7243732329A7D8AFDE
:102FA000AD0940E372708300F5D60121AB9CC113DB
:102FB0008D74D09DED9D15235DCBAAADC3EBBF6590
:102FC000C11EBF6903ACCC3E1453761AA636B500B9
:102FD00057AE083463DF6E8D7B7E960463F185FC0B
:102FE00029B01B22C3B0F66EFC0FCDB1076A28656D
:102FF0008F22BD18D8159F00060D2EB1FD4A11FE77
:103000000EF782E1012DEDB4450105772BCF59C7AD
:1030100011995849248B68EDAA91D6D3A346FD0097
:10302000A52E41F737D6B9F78E8A41E5DF78BC1B6C
:103030006C789C901A7C34D6A9A28183F2397610E0
:10304000973BAAD1D0D0960043537CCD2B16FCC120
:1030500048F8827C6B83E00EF270D48F928F90E4FC
:10306000CEF521FE125786C87D7F8E5E085BCA00B2
:10307000769173D85752171A62137122913B978E2B
:1030800053B2E2A3E35380E55793CAE4CE8EB4FF74
:1030900087EC89D10CFE92007E55671F3136684B54
:1030A00061302249C56AA14EB2D2D4654FE776CAD3
:1030B00024CC91D6634EF8080A390DD86780830076
:1030C000956EB7E6DE723D1112BC6FA93AF470023C
:1030D000837865847CAAB2B87712E410633181D515
:1030E000E16F14628B63130090A6B7F12B280E7367
:1030F000A1361889A2FF2E6EEF1C3B10FCADCCC68A
:1031000046FBC72ACC203A276DD564CD8E4E3900B8
:103110004FDAD591D76544DD38ADFD7D9B8C1ECF50
:1031200032EDF8463E95377B41E1C91D5DC52BE682
:103130008C7086EF8732C3006298A7D5A9495ECA12
:103140008023DE63BA5CA624AFE185A8731DD45F3B
:103150002D6410814EF1A373D0F879A09F6E4100C9
:103160002108C35400FE69EA3CEE7900B659CFF25B
:10317000FD07E5E54337161299AC9B7FC83E6C5BB3
:10318000191402C77170DA00328141D26DDED69512
:10319000D76C80188ABB03D4DB6B76EFB5CED23AFE
:1031A000761E79FD274920CCE03919276B9D9100C7
:1031B00023FBFC468C126F8C58664CE42A743B55FA
:1031C000EA2AE5A9DE40EEBE3830B7D45DF8F70D47
:1031D000396CE99B5AB8660028C0514C85F39F7C36
:1031E00066781B57FF19858F5AF8ED95BF4A1A6A02
:1031F0008E439C66A21A1D94C0791556326D8500C7
:10320000668672FBA51C348A8CC12274937ADC0416
:103210005B0F733F731E2A599A8D2E8C568A12BCEF
:10322000DC3076851860F000E36A8DA0EEDAA666E1
:103230009BEDC777DEB53C4E5C6DBA70E882A8D5D1
:10324000AA4A75D0C20892E8C7DE443A38784900E5
:10325000B557395C418AE5678CF4FB8B3A8DA21C2B
:1032600051866765AEFB2CE4ABD108699FD1B819D4
:103270005C30E88F2ACEBB002AA5BC686BC86EEF15
:10328000B011667D528585D852E9F9E1FEE5C3E0CB
:1032900003FA5024BC0B4FCADFFB9BC118B6C40015
:1032A0006BD9113E152A53A5FCEFAB2400D21210A6
:1032B000614F76F5F90CB0622D84389309D4EAE2B7
:1032C00036C896566B966C00FD2D74681249974966
:1032D000BE7004D64D375AC2810FD5DB9B68601291
:1032E0001CA28ECDCF69FED9A5E419BD46FFBB0057
:1032F000DE812F09D31E04898B7D3203582A6BAEE1
:10330000C7B0BAC90CB611E7A31463DC42E803B92D
:10331000031A150D1E3D8900FCA345587C6AF5B6BD
:10332000B3284C4D3FE0B19FBA4F1BAABAECBF4F38
:10333000F80333637AC95B552E64659BC923550036
:10334000D8CB909BBEFA29A682F53B53392C99F530
:10335000F7FEB86D678AABD183D5E87EB1C8765EDB
:10336000C7F3C686D26F1800E1CB7C5355C0B5B306
:1033700062111D8BF2EDAE7FDAE1FA6AD0DA58B352
:1033800063849A59D2236927250983D57F3883001E
:103390002C4FC7A13B72A38A69A39B079636B73C03
:1033A000D05711F40AC76E7559F912327CF7C00371
:1033B000DCA4F0779474E400A44D9C0A1941BFE2A8
:1033C000073CD266693610442B3B56EC097A8BF6E3
:1033D0006C0B485A6A4758963D58BA3428235E0009
:1033E00070CA7936BE515278FE747D9C8A9A7701F4
:1033F000EBC1B99F9A0F065604C10B2063E4A7FBEB
:1034000058A56B1F3A9F790016FF89A3EF3806F580
:103410004DDC73E76DFADA069B275781A1FCE6DBEA
:10342000DB7BEDB06E92149994CCC80367F52E0047
:10343000C3DE401789E2CCDC40CA1776D01DCCB180
:10344000F01096A6ABA7FEAA6D11B528639A854623
:103450007A6DED6ED732D70062C37F8DDC6079B8AC
:10346000EC735EF9213544F77B3497758032A38A7B
:10347000A54FE8ED327072E6FBCAD8EF74A9BC0024
:10348000B8EE9D047207F5F8C295212723F6A49A99
:103490005B6BB33C74101F12E680EA8D99743D108B
:1034A000B34FADC5FFA01400A1DF7A3CA36B3BE294
:1034B000DB5D943E224A42AD7EFA18C7F92F547262
:1034C00096942A087C1616EB17D3EC44A8F3410017
:1034D0004830A1FB164D079D2ECE427E33287286C2
:1034E0009663165B964384195B405F5718B81A239E
:1034F00089CD7CA3C11B86004498D7E253757A8E90
:1035000074B3826B336D751FE84228C278CBCCE66A
:10351000599DC87EC0614EE82D97EB756AF9B400DD
:103520002C97A45819FBFD66F0EE7A6CFE88276B89
:10353000C51578893F91F77B79B061631CF210E47F
:10354000E83D14BE8ACC3A009F092E3952BBB4BF65
:10355000E7239D25442F04CD0A9F726D917416D4E4
:10356000CCDF355BFBAFAC2B140828E5A0C6C6004A
:10357000371309F98AD2983327F56273C16C6EE567
:103580004A81C6B7783FA6F487796527DDF133987D
:10359000C48731CF4A7A130078552B1A1D4730FE65
:1035A000505326D5DF592BA148F89C1FE0239EB528
:1035B000304C324097FD3786EE28D7172C52070043
:1035C000745E9B5057B2CBB11580A03565CB5B0EB6
:1035D0006EE53A18BE01A1DB94EF11E7AD195894DE
:1035E000292215ECC6590F004595992DA0DB4C50AA
:1035F000A199DF4BDADD05CF2AE3B4F78AF725B2CC
:1036000096FDD6059E2D284944FE18DB36B20B00E8
:10361000F56B03D47F24D72EB50774486BD16B4369
:103620006C212DFE964CD8870F3A54C515AA6137E8
:10363000DAC303DD07CB950032D2C5ACD42717DF40
:10364000C653C68F644BB194DE5B38AB4DC4575044
:103650005328B2FFF96CB6FCBD6C05D5722640004C
:10366000EDAC28D9213D815DB6A8D5EB07740E6578
:10367000968D32E85CC3956A84FED77CB75FB6EC62
:10368000BF99D0FC22E8EB00F5DE09D83FD9C78D01
:10369000356B964BDA9FF79EB5936297F4B68C081C
:1036A000631032070463257A0BF6700B3BC1A3004D
:1036B000C50FCB6197369173032CC28DCA6EAE8154
:1036C000ECA209E84886F5434B04F2AA3ACD2F7ADA
:1036D000F0B7B15D85C9C000EC81A594405AF9AC42
:1036E00076D89989EB4DAE5CC42E4FF0346B398996
:1036F0005E1D30F0F313A3930242C27F12CADA00B8
:103700003419E7CC30E4F64CA75491650BC94FA1AE
:10371000BC0CB1C6F61F5DC3794E51FED950345D65
:10372000FBEB94736E5674001E7E76EC10C3B2BC35
:1037300086F0BB1745349B8A1BA506558F1971D49B
:103740004ED747210C9A21EA65B76EFC0DDA480086
:10375000DFFE781AA8B8ECDE870AF78B5B96696BF8
:10376000EAACD72E2D71F80E9EEB16D53429EB68F6
:103770003017DAFF9ED684004F932DA8BDC816F5EA
:10378000329728A4F429D7669AFA4825C643AE0D85
:103790000080B0D12E62D6E4B2B9CB516438C500F6
:1037A0000D24F5B4254F493CF8FA9E83821332D29A
:1037B0002211A490A9B97E5BD408A7E4AA69D6D83F
:1037C0002B92FCCAD8E96C0059E07AA7F67F5635EF
:1037D000C8FE838FC3391DE7ED2CF310CD04240DF3
:1037E0008E4F861FC595D6A581F09BF1DC8B02001C
:1037F000E6AF8D5D3D87CAE0B0A24D45F922840B4E
:10380000DFAC19C88A70EC44FDC692A88595C459EE
:103810006225C7995DEEE1005769763E84A1AD7AD5
:10382000CC12D2EDD14E98BA9BEA6864FF6A433855
:1038300096199B513C8240682AC13742B37F4D00A4
:10384000209664D0E33A1471F8DDF644326204C67F
:10385000E2FFC939B53344556CFF56A456C590668E
:10386000A24D3168DBDBF200ACD7F56E9AE8CB6B8A
:103870002055C42EDB6033C3CFDE9F34FA719D9296
:1038800093211D34E6F77905D8D89FF3FFA2EA000B
:10389000D5F896A1BFFC2306E2F19243E0C44AEAC0
:1038A000B384A54602E39C2333839F3BB5BC1082BF
:1038B0005AE159AA2834B300DC59958030FCD57000
:1038C00021B7ECDACB8E80D7D17E536D61E1B6E5BE
:1038D00014BD33A4A9C0F99D1E79FDC3E029F600EB
:1038E000D0ABC806104994E99B96F120558F62A889
:1038F000D00436989DCD4695ABB616A844A71F5F59
:1039000000A46AC60138E400333E6A2E000C04DDD0
:10391000C9FEA475B897E54B5F82173D2820A863C0
:103920003B5E81A471BD8FCC154A7674BCA8820021
:1039300090BED7023ADD7C39F9005CB2B3765237DB
:10394000E28C14C0BE90BF163E4EA36618F78F459A
:103950007B57C764B424EE005C869D3E983D387565
:10396000DE9E341B62E40C6E84D1E9E30DCB438010
:1039700043DD8477B2C89F2A100F9135C9303400D7
:103980002F824E170A5ED8A3F24AF4FB2D7A303507
:10399000501330CF6B580E30E55B3DA48C06A1F878
:1039A000557A6B7E021FB50021B672D55F31109239
:1039B000FA0712C02823D92C70EB9267A29380EDEE
:1039C000CC26F6768FA5870A515D41B0F7F07600D8
:1039D000A0E814E80F768BAFF7B3BC9A2821DD2B53
:1039E000C1CFD77ECA2EF279C007E6D74637A3BE2D
:1039F0006BECBFE568AB7300CA38A61333AE220E7A
:103A00002E200D02117511155544CBFA79C554902D
:103A1000227883B8A8FE8D07E5B2CC8C2D59DF0043
:103A20001E88C85CED26646F3FC901AB1C1E67C1D0
:103A3000F539B81F9C4CA73ED739AE78737EC79B2B
:103A400051EB7917A0A4C4004F09B77407C7820CC3
:103A50008E7BFED0B18A420F430982C6F101A63F98
:103A600014AF5350EE261C609DA3A0E8443A0F000B
:103A7000DF17C378B0876261B73D66E5CB67D5A92C
:103A8000859002DFE4CF4CD15BC810216B601F230F
:103A900082500A7741851A00618E82FBA6BCE876C7
:103AA000A33CB58808D6A28BCED07E1F45E5AED804
:103AB000A5A95A77B919A66BE865BE7BDEBC0200E2
:103AC000229630EB6A6B80B42C1A538452370FCC99
:103AD0009503A4715F1968ABF3751F3C615562A42F
:103AE000CF68602BD3974700F54B9EBAD7834430FD
:103AF0009741CC57B9AB65163CC7235F1C2E7C455C
:103B0000FA0BDB1DA4AE7D1DDCBED5A5E1680C0063
:103B1000704F84CEA2302EBACBDB642DE63E480E29
:103B200044D4998EFC4DE2CBB82F3DB8B54A6C0415
:103B3000999FD8EED0A4750041F2783E3AB48EFC3D
:103B40002611A64C81797D7CCD51FF375433C79A1D
:103B500061C091D98F87B4938A7DC84D4B8AEF009D
:103B60007B4570743B0A32513A5612CF17489E85F6
:103B700084C9116338CDD14B6AD600F4B98098144A
:103B80000D5B0E66456A0E005F675448D95DD6AC82
:103B9000AD0095BDA08ECB80A3A5AF64C0ABE1F214
:103BA000F3C4B83B62574F71FB1B789DD67C08006D
:103BB000045E69505DC1CF94F6B3DB5864CE18BA89
:103BC000349C6EAF5EC9F92B1BF398B8858CE77BEC
:103BD000CF47981B2036D8004711CF4F196A2B7654
:103BE0004641E6F78D557475FA91898169EEDCEBF3
:103BF000404BBAC4950B160217055D52385590001C
:103C00000D4092F6567A741C3CABFDE955BE4168F6
:103C1000B6EE6F08355B652322F4446D1E2A50EA28
:103C2000AD2C53AC7C785B00E3C62F1B324D2ABA17
:103C3000A133E3B2773B449949DC1D88B09C15DC85
:103C4000CCE547305E5066379CBF6D526EF359002D
:103C5000CEEB357F7C25C68ECCFB926AB5720CD438
:103C60002E2F0516B803CC477496FEA002AF1FBADC
:103C700064F36E3CC8094700E90A54AE2F16CD61C3
:103C8000FB86E6AA8835B9D5F07C2B759C403A7343
:103C9000E9E71C2354C463A1C465A7764D92FF00D5
:103CA00095BEF094B06F5754C98A268940B9251E35
:103CB00025DB09C5C1DA51228898E32DD7C601EE6C
:103CC000F7E3E08572020400C6E655B1F9FC44272B
:103CD0006972FD1B463769FFAECB5768F943D5C102
:103CE00068C749DDF65A353D8F1306BB5147610061
:103CF000E75C4198E4B8C79947814DE591F60477B0
:103D0000DBD2512212202520077FE0CDCF2A2AFEC8
:103D100074397DCE7F0BCE0031E31A39A348AAB0A7
:103D2000A38D138FB7EC24AF9A60DB5C970048A794
:103D3000853AE87F4A3102AC1CB820E2B135A100D7
:103D400071437B795CADB43C52482BEE52CD717F10
:103D50007F1DA9929E1B49C9A37B6AF828D1102117
:103D6000DDB4F1DEF22391009D26EA69DE325A4F7E
:103D7000DC8F02FD7E849828238D2FE5AA4800075A
:103D80008DE2EF81D511BBCA9CD664356A477300BA
:103D90006599A1E23DE5437A95EA000DED983C0076
:103DA000F6175349D8D961B2BBAACF1331307ABCC8
:103DB000092E2D4548D196001E1A35618C1170636D
:103DC000EAE785D106D187B382C33EFAB6E486F529
:103DD00006C68FC93B48CA40D7C6588CB5C98400AF
:103DE0008119C18F0B6425235A846CCC42A83E569E
:103DF0004E5049DF3A3BFF2652F93280F3BC2DFA90
:103E0000FF2EC88122EB2A00AD8C1FF6D49236EE2D
:103E1000AD20C1D452A1A0F0821FEA8E25880EF1F8
:103E20008262B3C0AFC7FCE66B9A7998331B790006
:103E30001E192CA28ECD0996BCA48E324634B33501
:103E4000A91A2D34A69E36239F78D5AF75A8DBD549
:103E50007CBD70553077E800B225F1902F367E4C4E
:103E6000230253DAA1A485D45A04888095E516BDAF
:103E70009720D307129395D4630E2B36FC4EB300D4
:103E80000BDCF4518F0C245177CB1F6891858AF895
:103E9000034E57C60883DE440404DDA3C5A5011DF7
:103EA00097F5A35E11833300B200EEB5982E96927B
:103EB00022169D2182B349BF49587F49DC1EBF4568
:103EC000576D53ABBBC18B9865C547FBA379820087
:103ED000D2E767AF60D8C807A817941EB1E12AF5EA
:103EE000E96294359E562FF8BDD5DF21331DBDEC18
:103EF00061F4FC53C6114F0029D250B3CC3A7C6315
:103F0000FA30017FDFF17DB22BF1CD8028D2AD05F3
:103F10009CC91FE910A1EE0BDD1903404F48FD00BD
:103F2000F66A6CB239D31E3DD3C4B2CAAEFADC8F86
:103F3000496AC4B04627D1D0A5F1767F8B6C4BB6C9
:103F40003A5DDC145771DF00A0D2F4A80A3DFECE22
:103F5000DF51A35AAD09FA1D61EB4AEE457633D124
:103F6000F1AEB754E89D7D8DABE255C4BDFA550066
:103F7000973D550C37CF5FCE2A6B4431E2C2E3B890
:103F80003A4DF714D311BE6FC8B9C0B05DC4F73550
:103F9000A3FE0DECFAA98D00DA75E162D09EF168FE
:103FA000168427487E3EB26959D1169307260EB66D
:103FB00025F03BF1C4BF5B3BB6560F53FEF618002D
:103FC000A66062BEA6F43B0D2A0CAC2BC888E6C8DE
:103FD0006BF27C9042F19A639BB467A28498D759A4
:103FE000D4B15BB0F01DE0004A162622719B393037
:103FF000CC85698FF76B8D348271386B60C9E6961A
:104000001B845C769334EE2D827214D794091400CD
:10401000183A0849E3411875864CB12A10E809336B
:104020004602A3A5E52D38CF1FF11EB3A23422B25C
:10403000FA558D8599C592005BA42A04DBDE231D09
:10404000BF768F5DA0E5D9066E888122D6811CF2ED
:104050000383E7779612F2611D647048764E38004C
:10406000B2F9B9EA6ADD8FFE21B53B4C254ED6D9AF
:1040700059929D97B91B356705A27E4EFF716A0B59
:10408000010EBC6B437D6200952BBCCF6F02BEAAB4
:104090004BF28E77EFFF2B809FECA79C798C720000
:1040A00014FC1BF0E962C772EC037BB66755050090
:1040B000B6D7703979D672297AC8453363329F955D
:1040C000FB40452F131CA9C9FA21C8989014A89B3E
:1040D0005F2F723871BE19009214150FC69F938C12
:1040E000DD0F55F9761F9F387F29CEB2CFE23AAA6D
:1040F0003025E877763F84DBE432297375B5F50027
:10410000B8BB6EC1AB04092859959DF4022006ACDA
:10411000F1DDCAE6AC74C6F7F5C28F109AC66CB171
:1041200045229591ACD69500998911DAB2B4EF7F0A
:104130006E5974391AAC497E46102164FCD82EFAA7
:104140009FF6603CC296C5BB7C1C85455125F2009C
:1041500059D54C39CAD7F333F30C9AB9994B919589
:10416000F889D6EFE7F3E05E3671227BE0FBEDC124
:10417000BAFB758CC21EC0000D582806C5CCCEDF18
:1041800075066FB8FE6F86591DB58082460EC4292C
:104190003FAF975351A06A575A1221E45C50E60092
:1041A0004612CB72FCDE2336FF955AC43F4AAE70EE
:1041B0009DC94239C0ED09B601F74568BF5A5EE1B5
:1041C000DD1E920A4625F200F0CEFD47DF2288E789
:1041D000215A81CA07556E2A79422FD28B02538207
:1041E000A04723549F7965410573A0319C530E006D
:1041F000801CB4CC971C9E65EDB1DA2E5B5DC0D3FC
:104200007131E5BBED05E088669BDF66EC9A937E35
:10421000F389BA4B2BECD800187DBBC64099579454
:10422000B3E3511A93025918BD8BB3D16789F24099
:104230004C3E56E52B99AF58BA21A59BBE5C1300A6
:10424000C72BEF2144BE6BFC58F8A0B0864A2FDA8A
:1042500035D83322F8A06DA959DFF853FC9D8E5351
:10426000C4BEBE849A3A9500671AB1ED8D40C478F9
:10427000B6BF9E7D72FEECBC302F128C0B7A57437A
:10428000D1FA18F051A58CEF6D92A55CF0060F00E5
:10429000B6B8A6134832BC4E45ECBE55AF566A17A9
:1042A000B6C08B611394668A23AE6BAD2C0E909DC5
:1042B000C0254544162DD400CC04C6B18C14EC2680
:1042C000520081F83474E20E404A475CD8F1C95F6D
:1042D00073BC0BEC52A30760F21550831A7CB50037
:1042E00020F9D037C4E217D7A8BCC247DF027CF25E
:1042F000A9161F70C360E5B99DED8073EA7795F943
:10430000585FA7ED86735A00D5C0E6CFF5577C6994
:1043100048E53EE5B5D0C667A17C7673ADC6B10B66
:104320006EFF75A90565B562C2D56426E0BEDA00E8
:10433000F9306A091295AD49A412879900111375D5
:104340007A33CBDAB7E587C4A700BD3B1AC9AAFC0C
:1043500087FF600686CBD100E47F79AAD6A104B49A
:104360005AD3405530686343CF46816290B681612D
:10437000CD904196FAAC5F0BD72342ED3452120038
:104380000FB78D48F7A0E63F1D2FEDDDB7A664B34C
:104390006200FC1AFADC56667FF5DA907F5C5BA25D
:1043A00074DA4E5278216200D6BCD50BF827ABB92F
:1043B000C7A9CC3F25B61254843756394DA0F366B1
:1043C00030B7376A6C80C3E8F8E076EBB29A150034
:1043D000B3C822C6F1E946AB92F3E4EB0D5D3AFEB9
:1043E000A3C587C1B77045B2B615C50AC6790D49D0
:1043F00014BD7E2894ED6A00B5E827170777DC3BEB
:104400007CA37D2A7BABC55935C379184D1D4DB4AE
:10441000BBB8BA091543F58B7D7082DC13FCBE0076
:10442000B6DA93D60D7140BE7834312DB21DAD9100
:104430008F3766F984D8B5DC264EF61187EE88AC46
:10444000F4C35EB988333B00257E13D24C867A8252
:10445000E7F9C2534689521CEA6DC4B3345422753D
:10446000FA88402F5FA66D0032A1762F3C309C0069
:104470009AFEC6B219BD793C183F53AD307DE66354
:1044800071353B68991DF81E911813E576F6D871C1
:10449000A2F4A6F3BEF649003DE91FA4C844BB6FD1
:1044A000A6A59689259D6B7F82AE360DAF0F914BE9
:1044B000BAD6C7BD07E67B4B79C8D962182DEE0086
:1044C000064ABEBF4310749921F8BCB55B6BC00AA5
:1044D000D4A4E0C3C8E9FBEF5EABE81B246D25FF65
:1044E000C0C19862E85C6900FC1D41D34F34C08EA6
:1044F000CB5A66739A9D6FFED2E5A3506FE6DC8CB3
:1045000037C9D95DCB95F34C3321745AA408910077
:10451000277050A8FFAD1631CBD38A1639505C7086
:10452000FA2B1D0BC30EA48402730A40D6719C247F
:104530007B9C4959931654004141646D8C72E51976
:10454000AAE2365B74BECAF2FC89B0FFCD3C6A2E8B
:10455000B7E53A250D67A6387ED1AFF15F3D030080
:10456000B6B09D27F52388264CCF4E21097B5CC130
:10457000D81A87D8490AF26D04E44AA002C55CD271
:10458000F3F4B93F4EEF0B00F7470A6F5F2743A5DF
:104590001FC6822834A3CE311A1D5A4AF129F6E4E7
:1045A000A0FAD4B2B591EBA9771953B5FBD0670047
:1045B000BA4233E6A1951B56F2122BE54E3577BC75
:1045C00074784F2E497CD47C33D4D9A0050CDEFC02
:1045D000B6C0EF18C4DAEF00F43FC0F5221100CAEC
:1045E00031C4CC6F559525F99C1B99B2EB4A5EF707
:1045F0000D91268EB1507BB369DBAF6767C25A005D
:10460000D9C5110832C4B74E4933EF035E3A3FF3C0
:10461000C18B478B8F039EBEFE39CA377284BCE8BC
:10462000073E4C29A1E5AF005788C3F7CB22EFC75F
:10463000CB91696EA04FF6CA5BCF208BD7DA801979
:1046400035EC92A572245A9A5702E404D44BA70081
:10465000C783B3D34827C872D7DDEE761727CD437B
:10466000EAA5B7451BC50770300C5462B08F2069AE
:10467000FCB148293F390F002B8849645515E75A8A
:1046800003A6541A4E91B1E997A9B1172874D41F03
:1046900073ECE01FCC2B98C7B4A5C0F14EB7530004
:1046A000C8DF4DD96A716CA77177E63747D17F06AD
:1046B000F7C6684DF3F997A6EA68B4AA5BA329F791
:1046C0006DEDF984F53AE1004D6448476332566E6A
:1046D000AF5AE31DF8C2F320F916FF14F96F89CB26
:1046E000C1A252290D5AD5E4027BDF6A2083530010
:1046F000D214360B04A747DD8F4E299101EC261EFC
:10470000C9976AAEC76B43D804A9B0508DE03C6628
:1047100047893893C0746000A016A0CCE9446CA40B
:104720009820A68FA1B51E7FD2BB3DD0D54517528C
:1047300030407B9210CF688665C125A2E3708F0060
:10474000343ECB3C54A637B810DBEFB3A8CD35735D
:1047500028BF4E329FF2E48B7AEEF11E9CB533896E
:1047600022CA1AC57E888300D3F663F104F8051ABD
:104770002F6E78050847C8E3C6CBE6AD3A0FA047D1
:104780005497EE083929BC500E59BEB2BE441300EE
:104790005D676B8EF48A5CC7C40F956FD3B39E10B0
:1047A000A1F81E5035E8A24B1489AE55364E0AEAE0
:1047B0009652BA37D79E06008F44448506249849FE
:1047C0000B1E47D3251B5053F34546E1D8B193B494
:1047D000957538A014C475DD2AA613AB8C1C800017
:1047E000DC5D5FE1194220D2EEAA69CB3013456A45
:1047F0002D51283C0C5E3F2C9E0E81CF06C2C79BDC
:10480000012497CC8D8AC6001D3F6528E289F26D90
:104810007150C699DDC2AE52F862F889EC58445224
:104820006E7785A22B0D0C869A80D82DCC8FC00078
:10483000D8D024AFCABAF6593670A21D9F564F91F0
:10484000EB2D3BCC7CC9805ACADBD7BEC6C6ED3A3D
:10485000CEB0012AA7468700082EF68F9C070A943F
:10486000294299D5DFD6C44C30843745E88E3B8049
:10487000284265FF768ED2E80C43E4D327830000FC
:104880000E86FA1ACDCDEEBF296A7A6B979321492D
:10489000BB21C9122BC90F4D547A9DBC20C61D20C7
:1048A000C9FF93AB80B7CD00F727A4E4F826649F37
:1048B000549A6AE03042908EAF2378EAB703A1138E
:1048C0007411F02E97C765555CE0AB2896E63C0066
:1048D000805CF3CEF572616FF56ED158692FC9888F
:1048E0001B55867E7B5A03EF5285695C5D1D6130E6
:1048F0003D73B615FFEEC400925AB69856B37DEFDD
:104900005D26AF83C845CFB94A2B3D94C8FAE7CAA4
:104910004BF16E9483D0E24E7A915D27E72CE20052
:104920006900F8AC5B23E80B511D9EDEFA6DEEE8E2
:104930007932E58D710CD22E5707DC086656F88463
:10494000B44A1979483A6B00DBE46BE7883A8CB4D7
:1049500075BB500B392E14FA9123195110E44B9A60
:10496000B0C0F2BC5DA01F730EFB4162116CE90088
:104970004CB034A5A6203DBDB80951EF241C5CF015
:104980004A3808FF48CA14F7B15FC6656BCB6403A9
:104990002EC0FC2B390B0100644BA631953C8FD205
:1049A000885C0F809990BA7BC7D57AF461DD2126A7
:1049B0008DD050C49A813B39DFBF957F9D9E3100D9
:1049C000D6813D3394E1F25F5C9AD29F7B1E208AB0
:1049D000B1959F8A42E0A917D2E5EB3D9B7FDF614D
:1049E000AF3201D4B239BA000D4810A6F3E25F0726
:1049F000EC721A5E836847B8DF6E9D4FA813DA36F3
:104A000014E5694273AE40FA4B17706BCA677B00BE
:104A1000319B157A6F6195F0DEFEE35CA93C896FEE
:104A20003AA90FE8165623119F6A6B5F53611CE683
:104A3000AD9D3431585FA60037482224ECA2966B16
:104A4000B34DEEF6BB84A51DCA2B08255DFB7BE2AA
:104A5000D619424331A3ADAF8D7D01E5FF9FF10033
:104A60005AF3B0531C9C22C37ED465A73FCB54CBD2
:104A7000044A93D298A7DD16953540ED95E1E4B64A
:104A80004A9A211788F801004083B61FCFC117FB4F
:104A9000E5A645620602B405380143EDC5053AF2C4
:104AA000CA830E46035F6BB8B7AB9B1B00E1C60021
:104AB000DEE280840E9F0EB927E6E942F5C8552054
:104AC0006B7FB4E2865C451FEEDB7A1D6FE549D54E
:104AD000EEA41D31839EB700F7FA866E5CA93543BC
:104AE0003B3C30D478FCC7B00946F8C0F54D09F31B
:104AF000E2BA7D87314FF99DBCBB433B43AB4000DD
:104B0000248DBF8504D88B63B0160FBAABF0E82AAA
:104B1000FC594753285C439F39FA251834A6B486BC
:104B2000E0192F3F4E465200105E233E1100E82848
:104B300039C8891FE713E07C5D4C14EF14F2C38A77
:104B4000A09AA70FA49F23FF6C830EFF15F7730095
:104B50000BBF5272E6B10D0BCA7E5F8FB6BBD22E71
:104B6000E7E13B548AB892B8CF9B998589080F45F5
:104B7000CB77EC78C22E330029CE4500417E56CD4E
:104B80005E8C83940406341E1DEFF1ABED26842D5C
:104B9000FDD8BDB779D2446F0CCCE290C4CCD10023
:104BA000051002C66C979A32F4C092F7F87AC7469D
:104BB0007817F4D9C993D32B4FA4C48FD8ADEAE6A4
:104BC0004BE9FA59B18CB000D9AEFD377398906CAF
:104BD00001290E0584FB34C5D95E499CB27C3C9505
:104BE000A9C792D00E627DB4DD721F955ECD2600FE
:104BF000F419958D8F5A9C8A050E5B79322274BD0B
:104C0000FDC73CAFB5EE17CA00D4305762D6AA44F0
:104C1000EBE1AA20F967DF0079899EE871D4E663A9
:104C20004A372F383DD51A89F1F7868025ABAFF981
:104C30001AC7CE19FC376B8D41B08BFE8C8BA80048
:104C400092634BFFA9B415110599C637B67D5CADCB
:104C5000802A2EA6DE47F86031BA74657DA79C9F36
:104C6000321856D56E89300015E51CA348C23C8D1C
:104C70008E195122C904753974C94C2F91D34BE751
:104C8000E3A2AAECAD91D00E89478B33ADF21600AA
:104C9000D9B23928B52BAE2E64AB577F48AA9D3DBB
:104CA00027E790B09D101ECE76D645FF3FB4121C6C
:104CB000C5ED02AD76F2A600EFFE1DC50BD12D6746
:104CC0001D87CFAE79DF7141DD43E669561E742B37
:104CD000D2D1FCC14ABA591008F98A06929D400007
:104CE000D93165311F67F629FA4481BE4460BB6B38
:104CF00003D8BB891AF2D6C2BE2B785C756EA80D9C
:104D00005EA0A1370AA3D70072F3FB1B4C3BF487CC
:104D1000E4A0BEA85B9B63DE61EF87BCDF93E6EF98
:104D2000D7E70669BCC0822FBEAD6A663299D10052
:104D3000C13CC5670F77503C910F619EC288CE1B66
:104D4000DFEA265D3677ECCB4F357537281D77BE09
:104D5000BE4BDF040709A300D2A5176BA2AB70D826
:104D60009E029A5F8A7B97D06BD9C3390E5439EA79
:104D70002851BE7AB5F572389D44FEC176A1240053
:104D8000C5D444F44468BA207AFE582DED1BB49A79
:104D9000B05E3D4B0001E647EB104CBE3CB873ECF7
:104DA000E6305F7263E1E40085FEEBAB846FCB001D
:104DB0006BB1E84FD3B05B76868910118BC2651951
:104DC000A3DFA6B961B7F4FCFDB765D635FE3300A5
:104DD00002384D1F4EB2F096846A2AD71C1D52CF5E
:104DE000E89404F97ABFFE6421117BAEE7C991AD66
:104DF00040D629CB86F521008DA20CE1E169613016
:104E0000FF7B3A628C9EF4880C5EEE4C335641E494
:104E100074CB4FF4274BAE7EEF2C7644394E840092
:104E2000FD0C8017CED0CB4BD858BB5318FF2902AE
:104E3000E16816067CF4B19B302D90D75BAF80EA19
:104E4000F8735E3F94B5200021D10288B125AC48AB
:104E5000764249D93D50765FB1C1F0BE7ECBB939BB
:104E6000FF304D0645C2175EB9359D356C9C71000B
:104E7000E10096359A4D1A508BB99254038AA81FB7
:104E80006E0B8492DFB912B311ED974EEBA8257D1E
:104E900026F4E6974CA308006C492ED870EF2193B6
:104EA000C546D170A6E31BB5228770E29E70220F23
:104EB00008EEAC2235D39B9D81068660F7584000F2
:104EC00053889444903AE0350AE8529E863F9A8986
:104ED0008A8A532465A0719A338DFEA3F31B6E63F7
:104EE00054033B87ACF0AA00C4042904D57F7FFC9F
:104EF000994832C3819A9DE79801AE636DB9A60DBA
:104F00000BEF551C1E2DF2A5FE7AB83DBB4B66007B
:104F10009519F16DC678B15851EE8AA33005F28C1F
:104F20005400657D6C440C81BFDA82DA4F63F9C7A7
:104F30004EF062A4B481E4000E960679FC18ACB180
:104F400024C0C1ED115226044EFC5067983004A6CF
:104F5000168D6E651AE7A38EBCF93BC183E8460047
:104F60005295CEE06C7A670503DB7981D76C36C049
:104F70006B5972A14B0FC58CD5081B2A4C4159188F
:104F8000582997E93B93E80094282502FF0B11313B
:104F90002B8AFBECB37FAC7F6A5AC8D06DBAEF475F
:104FA00083BF251D07E5C0FA83580C7833306200B3
:104FB0009BC94A29B354A78D1201975A72A370F95D
:104FC00079717837FF8A2566DBC31667CA956DB598
:104FD00027B7D86818969F004F73DE0C71343FE7EF
:104FE0000860CB5EE41D2E95BB8610EBB77FCD86A7
:104FF000158A83D93835A827E549415CEE72FE0051
:1050000074108A2659B23F662CBC39B511EC4DD2CA
:105010005BDA9647F84DB4125E2076A46ACA9A3CD1
:105020005D7E2487A7AB410080A0FFCAE184441BBA
:10503000AFA075500CF62B2B3BF6BDE8A0745D6756
:105040008ADC64445D2C7EDA5A048EAE475BB30082
:105050001E585A0B560DEED450D90BCBBEE331A7D8
:10506000FCA3F843B85F05B13621687C9DD45DE9A7
:10507000BB2687D829803B007F64147B597BFE5474
:1050800000CEDDDD435E83CCAE60E2350B7C4FC2EB
:10509000D6116235676B6D084D2E8C38A529C60078
:1050A00000503BDC1FD037DF3C8E8AEB19E8E6D19D
:1050B0008E8D496FD3BB138BE15586CFF3A5D3C437
:1050C000F4C2F7472C1680008DBEB19EFC7323C23C
:1050D000CF2FFF18E46805F19ADC04D8A7B587D56F
:1050E0008BC85C823B1D026BC269476B3CCC520093
:1050F000432853A461B4EF624B843EFDFB408B1EFA
:10510000D212052E57EAF464F8DB26072D14D1EBF2
:105110003AF7CA29106D3A0073A705E2A9ED8D612F
:10512000DB6D52D664B2E05530A717D8CF289A7EEF
:10513000DF98A5E9B0599C0CF60A439A197D7700CF
:105140009D799983255A148524B5B344FE46AFB79B
:10515000108A2F8AA2961A1CC2B4F6C1965BEAFF87
:1051600064FB01B844293F0043156D1470AE0AFD7D
:105170002121BD5CF3C6BB9BA81B133CE16A98F5DB
:1051800085593B1ED2343CB718A0471CA0A4480048
:105190001E941BD41534C18C373FBDD2EE8DCBF29B
:1051A00055B1FD25939EF6A6843CF586164C030C5E
:1051B0004DAA41068D217D00D580CAC4656AEDC91E
:1051C00084AFA8E718E1B897F7231FC661216101F2
:1051D00026BFD21655B9DEBD370853D266338100DB
:1051E00059249EBB07DBD1859AC23F6D5BFF6102EC
:1051F000DB373A814368100DF577931ADB99C0B518
:10520000B0B6B622A6E0E4005F0B25EC4E2EFE34CD
:105210007EA77452F02995A6E503CC20BB6D030848
:1052200079C972E296687B3B8F772E6E74D26100EB
:10523000624F0AC3B3974E83361530055883EB137C
:1052400036E1ECDB915E472D89CE96B38985772ACE
:10525000FCABFC3C7518C400FA24A9F9BF12F0A8F5
:10526000A4B019C7BAF63161D7F909E4F30CD068D4
:105270005BA4024A86C661E756B87669264C2D00C3
:10528000B7F765A0770268CE014031EFA5A55E3281
:105290006187BE26C50E7DCA277FB47E2C9E6769B6
:1052A00072B93DF211F4A700A93292454F30D3EF05
:1052B000B54D9682D5CA118C32E9A0C2BC92F96371
:1052C00096FD2A4B0A0A3BCC7E2AED04BADFED009C
:1052D000F30ABE9263693A1373A808B301FCEA8328
:1052E0002B089FAB0693D1A83D5A6869A81F59FEA9
:1052F000D0102FD8EB06AA00E11A63F7B7ABFBB2C8
:10530000E2DBFCD257BCEA132CD6C8115B456D50CA
:105310005B4A6BF3719AEC5DF79FF56D38EB2000FB
:10532000C43600D3E9FECE30A20E0D0D12F7324F77
:1053300039B7096B95B4E028A275B34EA0209151FE
:10534000AA4737A94B175C004629C29289B25C690B
:10535000E97A5066B3B26EEC1E197512E1BFC43A19
:10536000831AA8D5AB8D1B6E82C38F52F1D3010077
:10537000B1ADBC8B50876E107B7327B650F3AB601A
:1053800031E560DB731BE870D97EFC2E48B16030DC
:1053900063FD54E6F5A685004CBB967A15390904E1
:1053A000F7DF5B9FF77EB1417ED4119F3775366E74
:1053B0006B6E2AC73356E3180A76A382BB5EEF00F2
:1053C00063C051ED151AD939F6C2A4DFD486173F50
:1053D00077E7AFF9D750ED671932AC20E846BD99B1
:1053E00058369B8014044900E3F6546442BB965738
:1053F000E81678056BCDE418046287AD82236E044D
:10540000D16266DCFE720A7457D14DE87D91D200FC
:105410002D31FB5C99D119F3A8BA13BE77E762CF9F
:10542000ACDC2BEB8B4F755D00C44FA6E8EE472B31
:1054300035CFC59C00D45D00077463E5608A6B526C
:105440003E80BDBE6B4E2F5F79094AE3999CC02E0A
:1054500030814628032451ACF0EC05498EB1EC00B4
:10546000A9F63848931CCDD9C9826DB6818A24B873
:10547000CD15BC8AEF55A98163A3E8B8D1079D5427
:105480004FEB68FF3814EF002B75D50CC1FF7EA4DD
:10549000B03C77D0488A524EF13BA0B7F2A079F2E7
:1054A000B3B80191DA348E598CD72FDB2A6A1C00ED
:1054B000BB906546699CD028EDCEBCD60D4B293CEF
:1054C000A752CCCAE0BAFF860296C58EFF3A75890C
:1054D00065809A2F5847260098BFD7979744FB4E70
:1054E00011EE62BD4F4C1A077D8EE118DDA7CAD1BF
:1054F0009D7833C8ACE546A4A7AC734836D4030006
:10550000BAF1466C7FA7513A45A7E55F9DC6C0AB8F
:10551000F6A88D95388C325DF148EE4A4C9A010F11
:1055200013630C5A0492C30016D12A4BAC2DF1FD23
:1055300028821F254C5846E6B5E54AAE6E71566D79
:105540007C3E96BB35F2651C12A87559A7660E0005
:105550006C83806A7333973DF9B342BF8EE7742A38
:105560004E005A5E1ED82580C4ADCA932E6AE35BF6
:10557000727316E876F25B00509D31C2A197A38C3E
:10558000F6439002169A5D0E043D97CAD02345114A
:10559000804094D9DE7065765A55FC1ED3162D00D6
:1055A000EC246D6812866023CE339324797D75D404
:1055B000F47CE8C3444ABA640CD0BEFE874AADF519
:1055C000076117E33BD3950075F3383D0FDF7DC6C8
:1055D0001A5BD311D19060AAB19A8F56C74F8B89AD
:1055E000F436496838138ABEAAC9DD2CFB4E360052
:1055F000D1B89D2E120917D8A1DD062410F1E41BA5
:10560000ECD28F2D8A2633C6F2169A897142F0E4C5
:1056100018A42261D99A7D0084E45E74376B4EBC75
:10562000080C3B31E34A709707A893B2A2B3D6485F
:1056300009ED421DA2CA594B1DF176A92CB3E00019
:105640007444CEBA4DEA7459D89705F37C188EEE9F
:10565000BD1528B69C1069EE6FDCA5D157599B404B
:10566000274F1C288291900074BE7C502509785CDD
:10567000CB0F199814FA5320DCEB5298883ECCDFFC
:1056800062203CB5924EFEFED0965DFE27F50A00E4
:10569000E17FC96060B27F8ED56D113C1A35E3128F
:1056A00063F5911EBAA8B3C19E6C0138F2506D73B8
:1056B000D6843C28C2650C004A79BB18AA055DAEA9
:1056C000DA739AF3CD8643ED94E80A1FCD0EC63FF8
:1056D0004D3BB3D066DF1224BD7CAB27D9CCDD00B7
:1056E00004851843F60A923F62498F454E8DC204E5
:1056F000DFB5FA6EC0543DE124592AD85DA180EE91
:105700008A73EE7D0AB54B0095A01D82FCACA516F0
:10571000405442F10A6B19B79D79553C6130B8CAC3
:105720005DFB21B91ADF317A4C449ABF89C6F1007A
:1057300034950E9C11EBA5026077051B64AB9218A3
:105740007F41903AB1263D43657BC0C5F20966DAD8
:10575000700194AD23743E007C8F6FE2F2057E5E93
:10576000CFFDE9289DE7D9FD8DFAA28D4584B45679
:1057700062F17460ADA462461F1D68A887D8A800B6
:105780006CF0FBB2D8AFE19D2B3711CCFC1B04A110
:10579000EAE4ACCFD392B86E5D6E37B45B0B3ABC23
:1057A0004FF9A290CCAB7000B89EC08216DBD2C479
:1057B0005C9A32FE85D949918D5E34C374A80BE2A0
:1057C00030059244AE4DBDAD9992FCF9DE517000AA
:1057D0002A7A99576D0BF9DC0FAD33D4BCFC85F4F4
:1057E00020290845228E03C8007C2F1B5E8180E1A2
:1057F0006BFA412ADB342900DE7BA7C8CA7E07EC9E
:10580000607E3BF71868FADB968F161D3E2972DC26
:10581000CCDD5A5B878D1C352D34B2D6CD949E00DD
:105820008EFA40034095CB65473D559C85B2C23802
:10583000287B6BD7D287C58394045521CAD5ACADDC
:10584000FC282A67793BE2004EC5196E6A5605B1FD
:10585000203F88D27FB4065BE6564D8F60826C4A4B
:105860005E2CB423020AC6BF9A0B18F84B421300F1
:105870008CEB0E98E588D8DE360602C26A09EDC1C7
:105880004147A028A01816D95F8C48EB7B37C53D4F
:105890008D792759A7E0B000B8688604FE4BBDC2D9
:1058A0007ADA0CE5262DFAE8335F9EACA80A8A3A2C
:1058B000AB3CBA68076F36BB6BF8B2B460169600A3
:1058C000F40013303412650B8E169AFEAB965B8093
:1058D0005D11BFDD6C6887F08851B94EBDF6475D3C
:1058E000E025EA26E4535400467FC9062657E6E53C
:1058F000A881C92BF7790A949EC23808899181330F
:105900005C3E46EA99C5176B2E7A6677ACAA83008F
:10591000A26A68C5349838FD29EC566521093ABE5B
:1059200086BA2858C488D7AA400DE871A3E1F65674
:1059300000BFE27A86EF79009F14246F08D5408675
:10594000628D78A9BABEBCD09E2A64930A5F67278D
:105950005E7A4809C0622AFE03E9860C1B7438008F
:1059600045C5C7E4AB40B30AC834AF37B049A9D086
:1059700092691855EDBD3525BD7719F7A78DD6DE8F
:1059800006DBCB1AD9C05900FD4F94F561126BADFF
:1059900002373FA364DAB109A06B3F90C0E96E30D3
:1059A000EE985C234851E853B47967EBB00B0C00D8
:1059B0003BC20347E294F5632AF5CC2D09F8CC9D50
:1059C000A22077F36D3C5C8FAB32EE90603FDBEA58
:1059D000C53A8C17BCE98200CE21B93E1BE55F6C4D
:1059E0005D4FBDE5A46D71EAD098C53BE1BE81591C
:1059F0006B23B6F8285AE3A543F11320C84CD60010
:105A000012EFBC93B33C8AD74D989545BE2D2435F3
:105A1000710E1E54D6D91FA9CB65E4CA7B3122A8CA
:105A2000003DF9A61AFE760085CC967DE006024F71
:105A30009494DB2236A56E79A6E6EB69E28DAF96EB
:105A40004ECF266E656E55BA6EF9A31FE9C077007A
:105A5000B2DD3639B8E4CAF2823D97ED5B9841F683
:105A60005AF58FA99B88E7188AF2C83FE1381C1ABB
:105A70000FD337ADA8545400FCDDFD02DF29495790
:105A8000115F2F5A3F54412C3A16CCC71214771885
:105A90005A0323361521938CC3E9C228CC2CDB0092
:105AA0007ABAF65A787C50648F146197546DF680F8
:105AB00035B94B21363F897E358BB199255A048EF5
:105AC000D3048523FDF63600CDD254E3D13602A5AA
:105AD0007C4DB8D0675BD4BE9852FC469CF314AAA8
:105AE000D5D8E5F37A09FD1AD943DEF688A2DD00A0
:105AF000BBBD0CA42FF1CC999E9FF821E836C67847
:105B00002ADE615E55E32D781216C44B1B4DE2FA76
:105B1000C4418DDD8E58B700770E822C49EA8E5431
:105B20002E37A8A896472A809471A4298D60938F58
:105B30000453C393D1A0D87A4A8818A5A1F29C0037
:105B40004695A57F898A04819642E68CB7935C309E
:105B5000618F1BC68510E8D563E9D548DFA309AB83
:105B6000561E9C9317536A00FF617FC4B0929CA895
:105B7000AE78B4331B7BD8E7F3B8EC7038DCFC3676
:105B8000EB0AD7A8A665FA8CBDA31567B85BE3003E
:105B9000515041FD383CDADE21BE8914FCDF80B172
:105BA0002DDDDFEDDCF8BF1109C91FB3AEF997C2D7
:105BB0000B69D96FEBA604001C63847B7D254E7FA7
:105BC00052ADC19964AFEB4113BDDB80C9E834D25B
:105BD00091364CCA7C54C0FFA0A2D41E4E59D500A9
:105BE000AC94395F48DB18ED2A8AF63FDA733A1431
:105BF0002F86537A201D03E0BE5E47B612924D0BEE
:105C00006BB528CE0752D5002816E2CA7E106D77F4
:105C1000EE00456D6EFAF0AE8ADFB52AA95057F254
:105C200062A9FCE496FADAEB1F82EEBDEB2E9F0030
:105C300035400602636EFDE17DCFBB7DA240662F3D
:105C40002BA26A250E21B8231E0FBF2C09FBAAE246
:105C5000CC454C0F9E41AE001D9F5EC3BD9F29AD3C
:105C6000EE9A2AFD616DE49681904B3B158E489A21
:105C700026059C88772225769AC2519DFD316C00BD
:105C8000C9520DBECC00980CB7E34B30440E28DE51
:105C90005CC71E8E9A1146F7BABB0A2D6D84346F0D
:105CA000CED774FDE11CD700E5CC2B4B3BAFE04CCD
:105CB000B67DF47AFB7768C5694D95EC35D69F4083
:105CC00092C0E4CEE8563C6E90DA14BA56DC7E0000
:105CD000B41DA885A4A5F17C169B4A8852BF4F101D
:105CE0001C1F3A01C6076C7AFFB2A8A340A5D120B9
:105CF00091B3202A1B02E300DA568BB19CE14311D9
:105D00000C99C555921AC1FA1B9E9C186BF8DCF7CA
:105D10009AC5BBECAA1D4F76F33B213E49AD0F005F
:105D20006D61957B79A146887D32F62367A88B94B7
:105D3000EA6AE613D10AA61F767BB55E447DFD387C
:105D4000C1F175D09D8210005432314330A5FDCE93
:105D5000239B0509EAFE55FF728FD85B0100D79B94
:105D60007FFBE87A0D89EA01B72D99F4F34EFD0027
:105D7000A8C82B858D94CE6C010308C2AC4A8DD582
:105D800053AD05DBEA8725234E3BA5E5B2B5B12728
:105D90000757AA0F4680370040CFF5018858DA62CE
:105DA0007847FDABC3D5B06A46A74BA5D1ED92129B
:105DB0000A223010AFD4883BBCB8B5764D40D8002D
:105DC00004B18DE040624ADA65E6D41BD0168072D9
:105DD000974988360681144F9EC8C7819B1B6D1F4B
:105DE000BECDDA3809B96B0047D61820AE0A467F17
:105DF000354B7DDF630025C612E27F63DB234487DA
:105E0000C48AA3CCD114060777826A256C7E4C0025
:105E1000B1252524F8DC77DB6F1B5C1C5EF50E38A2
:105E20004BB69B345B7283743E2D4E3031D92CC3FC
:105E300089E33D9C59E02200B865327D51C5BF7BA6
:105E4000D9C154856C520817DDF5A597F465A7A054
:105E5000300E56F4EC37C62CAACAEE809F99450046
:105E60008A39228BF351AC6C113396E53718779D44
:105E700075E4B7A2DFCE61031F54364C81F5197467
:105E8000CBD4CF7E31254000FA521452FBB7CAA4BE
:105E9000EAB7F0F624C9AF9191AF6F5317B109AFCC
:105EA00021B3AE3C53E86945A241BCA4B2A238007C
:105EB000720B35CB62A153DAA4B134932B48A56998
:105EC0006BC30A6A43051A11A4D66313B679DD427F
:105ED000BDCA6873C0D28500DA5B296EE4BA990B3B
:105EE0009FA29F3BEB3575D6BAE23448F9975784A9
:105EF00063F822B8C95A2E6D02624561B761D000BD
:105F0000DE46E0CC17271434D2D72AF81152A5B7B1
:105F10001D2DC05782695BA2EFDFCF672F1E1C0EBD
:105F20005DEBA36968CE2A0029C30E4F3A9A8355C8
:105F3000697571AB46F5FA11D70754EFE099AF3A9E
:105F40002ECE956319A804965DF78E3065848A007D
:105F5000C71FF4A63B911ABA8C72EF6AA37BFC6947
:105F6000DC91C057F70CA8278AB50E3C1AF6903B77
:105F70003248EDA8A6E56F004F479C59FACED3777B
:105F8000A4DC921746F6E3F46EB44779214EAFE6EF
:105F90005EBCEC3A96E9A9BFBFD67A3A919310005D
:105FA0000C8792FCDFAF47AE89AD746066F016F4E3
:105FB0002DFB6D3242FAB2D06930D8A63EEEA84C25
:105FC000109D80233F12C9000222EDC9551D05B660
:105FD00027B55832850D7B70AE5F6546D328A9A8DA
:105FE000EC8E390DEE45E7F45392A4150D782F0091
:105FF00088B24E982C305BA9CF93232667134F8528
:1060000086F02D3B1F751BD323BEC9907F80155191
:1060100016BD5F00895249008C5A73D5DDD3A69412
:106020001090E65D2FCCE9A7B973464E18BA380C2C
:106030008CEAA3870CD284E451ACF17FD69914008A
:10604000D8AB700CF15997F91550064255A318D2E8
:1060500059672BC9FEA470711719DC8EA05C27A6A6
:10606000A2277502C3B25A00527EE90C3DAE049BD2
:10607000DFB659539402463841FB39097C7959C738
:10608000F117E8FBEF6CAB7793243D9633F3920066
:10609000DE9E9F6CFDCBA1DA198FC7A8E26356691B
:1060A0001674A14448726C2ACF29EA3D8D540B47DF
:1060B0009E89A102554B21004547E4F8DDEEA67EFE
:1060C000B9CC169BB8DE5C552655EDF66191D67CB1
:1060D0001BEC154A85C1F06C121C3C8D81C7C200B7
:1060E00083A4C653C422459DE8BE7539E6DC8B0007
:1060F0000D52AE7C48ED86A1EEF7C928BB222E10CA
:10610000ED10F4AE6BF996008EFF8B8E0E02B33B52
:1061100067298EE948DA640F095C2F7F0D33D44973
:1061200031CB4738636A9BA1937647E8875D2700A8
:106130004CC22CD1D4002B3668F5F56D370E0E8588
:10614000527B95DDB2E8FB3920A717CA72B0D20A9C
:106150003F5BC87073A314005FCF9563044AF50ECC
:10616000FC5E55AEEB5986AFB507231D4AE46F6759
:106170001DE832BC2F5B46F200EA2F921576010033
:10618000C55D8BFEA1246143A349635F189365D865
:106190000156450210EEADBB2089B1DF53F0101C53
:1061A0005AE31678ED57F200CBD28E9182C2B1C677
:1061B0007EEA0B3E3DC9D70350EC4943122590B50A
:1061C00009EACB87AC9BCFE4BBE3E8106AD7C100F8
:1061D00029700133A84A4F04F8C10BFA7D4BA1FB8B
:1061E000C0F4C4070CBB53F6A216102602DEA89614
:1061F000A87277995668580058759F2172F4C6F5B1
:10620000312E063F1FEC35C19D341A2DEAF5244589
:10621000FBB1810A4572B5FCE20B496FC4210E0047
:1062200097100B86330A9586A0C982680A32D093EC
:10623000AD854CB80950A9D04074F8BB2B25F98E18
:10624000F0BD7D9BC40DB000B0E4E11D468EFC7A2C
:106250003BC0F081EA40FD14C1FA6645E949A48ECD
:10626000CF0AB1E3D05DAB8CE2EA7147CC500A00B3
:10627000C9FB3CCD582C515FCE3D85204197F51090
:106280008AEEF411B51A8413378B27A5F0D2FB3EA2
:106290002A2B18242DABEC006C4696396135E1EAC7
:1062A0007F59E7F7242E19439C0AB2DE698BD43854
:1062B0001B8FDA7EBD21828D20DC0568E041FB006A
:1062C0000DCB479C19248F79DAF141326C5A2D4B52
:1062D000FF7584D2E48FD32B2B4BC15690269A2284
:1062E000CE248FF7778D350084A3BBE4EAFA9EF1C4
:1062F0001D31A224504073FFD6D631F0D6EBA8034F
:106300001477347C15B3E31F98136654DBFB7C00D1
:106310004CA79095604BC46257EC22EFCBA2ABAB7D
:1063200063DC60334584EF485D730F6840D6599B4A
:1063300058D7AE782B3266005C00EE0BEF5A67E060
:10634000B37650BD8DB572027089252E168D0ECA9A
:1063500013F299CC1EA5C0245D9E3E9BC4A41700D9
:106360007B1398E1E67F14680839AB787C4982D3C7
:1063700059703065CB0BC0F1C5AD2FFB16A5A6013A
:10638000CD5232E58FDB19000C4EECB16A79E5B6DF
:1063900002495CAA94C42746C23D7D28A6F2E49136
:1063A00026332735DA5DCCA4E5BED15B83C8C900AE
:1063B0007EA3344F9872CF99778DB94990EB572EC1
:1063C0001E95D4703A4DDDFD5FE028078578880D75
:1063D000440A8F8A7F666300BF74B3143061557EB0
:1063E000B2D3B52E1918929C8AEC9542ED2DA48754
:1063F0002A67DA280DDDF99C3E297DF8B7FE5E009C
:1064000055A359A2C41802718D92E2165CBE0EED1E
:10641000F1824FA08BCA350AB90B863F09CF6EC2F5
:1064200040B229C570899000BBC61581CA96E5188F
:10643000D7E939EFD4F7A8520B37F7CCB371B30EC5
:106440003C78E1FAF3CC7774EA23178966C6210019
:10645000641688222802AE80FC2F36974C91342097
:10646000BF79F5054F7AAFBF0155114FB6A9A0FD11
:10647000D12938239BE67600A51AECFD4524D65C8D
:1064800016A394C8AFA2694E35D802306A2B7EC1DC
:10649000C92662E6F25DD26BAD763222D5D61D00FA
:1064A000F535E8A7797A27DBBABEE76018FFBCD3D9
:1064B0007FB919D8F69B4DE6244C8A75279C80AB92
:1064C00034255A6C49AA720001EF4EB79567234CE8
:1064D0000A3E87E20A05CD7DB55774AC242E171904
:1064E000EE4D13263333A0BC3BF268F13C5FFD0058
:1064F000AB5E476A4E6406DC82427D3FDB647432E9
:10650000584D40F97AE772106A5573632E2C152E98
:1065100078A76DE0FA8CDC008EEA7194FFEF7103CE
:10652000BCCCB530672333D0FEA7CBA0F4BCCD3EA6
:10653000DB7A1489767FAE812D5D901280E921008F
:10654000E0692CB9518BF25E3BD7A8A122273F37D7
:106550004D2AE52A44367B2F10309F49D342E46A06
:10656000AB703916CA790100F9FE8074152DF1B9A6
:1065700043B7C0D57327FDBA79B38C9A6D4D76F7C2
:10658000A5C30AFF20F1F3B96FBF46BF94B5BC00A5
:10659000F00098A9C9ED3E8E446C9181EA862109EC
:1065A000E6391B4096EBB9241B62B4B957A9F63FF4
:1065B000DE89D463915E4A001B41EF08B9B99DB1F1
:1065C0007EA74BBCE927DE2247AFA2FD1B67200652
:1065D000A7C0B524BA1C0FFDAB20BD4443417B00CE
:1065E0007EAEC41FF9902D2E1B9D4A3A618AFABFD8
:1065F000C909A69B58FF3C460951E87A8AA07259FE
:106600005343F74600C8E700BB635A9AB8233B35AB
:10661000FB363BC3652C19A0BF259292363E53BC76
:106620001033C250EFF2A8422ED4EFA35913C20088
:1066300014EB3DACFE15E3E8924D891F56D7547A12
:1066400045CBC1ADD527358362CFCAE48942E48CFE
:106650003C1F8D94139823001A2B8DAE31DB4B9980
:106660000461E1A8E5D0867E9C08BFBCE8C0621545
:10667000F4D715D39D89A69207278C5E3FB5CD0030
:1066800054B0008C543DCB6791BDB6C7596FCC1840
:10669000C0DA100142FC822AF7CF0A414E737279A8
:1066A0007409C8A474CA5D008DC35E5C054BE131FA
:1066B00047728D9804D33BB4D7882AB046E96A0F55
:1066C0006EDD98B06B808FA3068CDEF437E1FF009F
:1066D00093373716540D572995C3FF99CC49B89D68
:1066E000203B814B3A63C9B4DAE8923B63B23B4545
:1066F00020B783726BFB5100D40EA80FD262796A67
:1067000026A4EDA4F086EC1AC7A2266E4B3C7D2B86
:106710008E3FF1B88E4859AD54DB0EF9889C2300AA
:1067200026C4A6C2062D34274612AFE2849139ACA6
:106730007D298AAE7B6FB0AB4AD57B0FAFE82F7156
:10674000D669329BFA7F99001DA092A4D18EDE817A
:10675000052220E1CD8C7B2C7044F5847B139B4B70
:106760009092244F4B4EC69F8193A90CF1C50D000A
:10677000643974AA08FED4160F8405B0D965178A47
:10678000387C09F50CF81CCB720E776AA4F4668984
:10679000A80917E36D58F100ED8677DCDD99E64333
:1067A000CEF029B0F9826EC7935D6623F380BE5C9C
:1067B000ECF5223583F0B8BA4F0D1537E1E66E00DF
:1067C000AAB31C46727DCCB4024CD486A76767047A
:1067D000B3F6A6D1B0058BA9CB4249C04298A27DA1
:1067E00060807C29359C82006585E495FA52BD4025
:1067F00024FFFE944E9042A10050A93FF7B3EB9BBB
:10680000DB6A1B691F51084C1D57C8DADC2B790065
:10681000EB87E0CD0C85FCCB1810EADF1231D28B70
:1068200052718DFFBDABD4CD9D8F28734E59C219C7
:10683000996ABB9D7E155800B98B89AE024A883390
:1068400015760F4B206F352BCC7A8032620846D4F8
:106850002E85B4ED9844775C9C70C60EBFCD420087
:10686000DF68068395748EC9E8930E9C629DF0B92B
:10687000156872F5C4FAAC39D8F97B682DF3A1A07C
:1068800007ECB888F9FAB60059C16A9AD536B4A8A7
:1068900011A83DBBD9585D800BA7CBABC4C80C89F0
:1068A0002FF6B3327324E626501CF8CB0BE5C50057
:1068B0008F8A8FB17B72DD8E73739197410668FC6E
:1068C0008B2BEFCDD1AFAB87F68D9597F892916575
:1068D0000300C81565A08E002F6072E78EE04A396C
:1068E00025B0EB405C0D91BA319972943327B01109
:1068F000A801FFC0A90EBD0DEACAAB39629BEC002E
:106900006E259E68AD71FFE78D4BF2B46C2B98D36A
:10691000294E023AC3D5DAE9A17B2532AEF97FC50B
:10692000BC55E0CBE6EFBF0041259BAA15AE4EEF6C
:10693000CE66EE17637FED198F1E642AD690B1FEE6
:106940009B4B243CBC3249E0509559049470320072
:106950000A31E1B6BE43A72D9DA7657DEB4D3815E5
:10696000EB953CBF1DB95FC11820B876EA9E9ADF4F
:106970002E9D7C932364A6001CF180A1A2DA9B6B60
:1069800059E86C732FCB40ADF8676C16489C41B04A
:10699000230147293D5366DC9DAB48A752E5B7006C
:1069A000AA75F880490CA204D32EA692986F56EFD0
:1069B00006AAE914BB8FF69733639C80614DA760EC
:1069C000F2C178D1B831450025EC966C58C8C9EFB2
:1069D0006007B27BDE82C4C560E953B60F09BFFD14
:1069E000577B1D89C89DF6B8924B8CC3D6097D0094
:1069F000AA98A1A3E546E1904C96A6D73B72C74B57
:106A000050B1C648515F723FCD2027743DD09D26BE
:106A1000CE3ECF966F26AE007FFBF2B84ABDD52F93
:106A2000C84AE5F69ED72504C7F54076D65B261002
:106A3000BA6FBFFAE00490D5F3737E063F3A89003F
:106A4000FA9B9F83498CF427911B0FB2F4A71BEF8D
:106A500050AEBA71CA5FD4D436D4F6D5432CC23BFB
:106A60003D3E7BD5078CFB0087EEE264F9B77BD017
:106A7000C75128E7F1ED82E72AD2EF9FD5DB815796
:106A8000865EDB4E2AD4DB13C91E4BE208499E000A
:106A9000F6466A18FAFF863C42AE2880BB9E556FC8
:106AA00012669FB2DA70C605004CCC6F0D5403C05D
:106AB000E6EE2958CD35ED00BBC38ABF3C3F5BA154
:106AC00090457A9A11A0D1D3D4F451421A5F360777
:106AD000DB220E79D91AC57B49625E2FF03307009D
:106AE0004102DDBF52AC9F6745DD81CD1E25B86EEA
:106AF000A5C32C2686C8ECD97424A6BEDFADD7D991
:106B000020F7CE944DC4A9001587B956893109A83C
:106B1000F7C46E0E86E314E26305BD7F78EBD49371
:106B2000628ABFF4D9B651D67A7EDE3213289F002E
:106B3000732CE1BF84C144F2E386326632C7593B0D
:106B4000555CEE7076C00F03CF7778D4F54B267680
:106B50004D2BF95FEED86C00504A5323AE725E7C29
:106B6000FAF5DA3D4F0CF9F136D0652723E4C77EFC
:106B70003FB423C0EB5A79EEFE3928CB427A9D0010
:106B8000858183F38A0761A96013C23D2C053B7D93
:106B9000B29278614FB6A32F29644AE3EAD758A589
:106BA0008B96CA0B5A6EE6000CB001FC35D93A231D
:106BB0008B5E755A88FD9D3E258E258D2B7B9F62B1
:106BC000EE48F51D3967789BFFD06FAA2BBFD60022
:106BD0001B81E3CF0A1B50E6A5135FB46F6965E71D
:106BE00080FAD965F4EEE62543D4EFFDDDDA8D9C1D
:106BF00039E849E64B4685002A84968A3B0A4A27AB
:106C000003E9DE3C5E16A5FFF348BA15A4E4A752DB
:106C1000CF71E5CB88A3BCCB0983C4F371124E00BE
:106C2000D2C2A710B5014F092424EA3AE8CC5699FC
:106C3000B998FEA4DFB035D0B3787C472DF19481AC
:106C4000748A303069120D0018485E7086A1A03534
:106C50003FAFAE4C27C170F3DE6E86B54A7DA9FB0F
:106C6000FA01197D3DA0BB2C651FA19C76924900BD
:106C700025D31AF7FA2FB16413F336CF0BFA2D6A26
:106C80005BCE7D71E1022EE8B271E0CBE5DDC0C9DB
:106C9000B49CE760AFC40A00B3E1E4AE72A71C4B3A
:106CA0002188B63B25546496FF419674CFB5BE90BB
:106CB000E1F65B67B2CA2A7B893B1EEBA111540047
:106CC0006EC7A5DC010BF3AF4D2894E8862662E47D
:106CD00081FC9B56015589E75AD198FAE95CF42F5B
:106CE00085A8362705E3F60064085F1E41105FA102
:106CF000E5714C2A748AED08FC16575AA613BB4757
:106D00009E893BFED739A35B9CD22955A9620C0012
:106D1000FCABEBF2D14411366F6585A89C98D65038
:106D20008A8AEC033E9787EDD5D43419E2063B15E9
:106D3000752F6C657AB34B009348BF2A66C3002851
:106D4000FE1397BA7BD80DF24BC7669A10ED1C92D2
:106D500071BA21FE51EF9AE72E5565E151F82800EE
:106D6000C0750FEFF7A3BAE48B899F2DB98880A077
:106D7000D9427A90A7E71EE1BD8455AA7D65DDD38F
:106D8000C9F8F5D94F7202004B2297B1C089345A25
:106D90008706B104E1E9D2669BBECD2DCF2F14C08A
:106DA00075A98301A4CFF81CF633FB84A8E1120077
:106DB000EF321FFCFABBE44EC9EF8B6BD9B2188DD2
:106DC000FECD68D1674AF77F1FB3346D52564E7CB3
:106DD0004F2232EA63C12C00A709FAA7E3F6203C50
:106DE000C5B1896E421BB085DBA9E61A7F618FB4FD
:106DF000BEB80762F1D3B0BFBF4CCAFC9FDFE20050
:106E00009F7AE25F9FD602937C3A19842A0377A285
:106E1000534C884704B74D06AD58B6049696AFE17B
:106E2000CE1CDA0ED1A31700E0C75902F258E2785F
:106E300066C4C036988FAC5570DC30E56BE5431EF8
:106E40004906D02E8FF6313FB0795FF24BF7E7005D
:106E50005722D042A200D97E5DABC719E7D94CA416
:106E6000E2922259427E1B252CE7551841A087A9A2
:106E700032F7A5BCD63FFE00F5603F43CA67B607B0
:106E8000600D3408421F9EDAC2D4627D90CCC6AB3E
:106E9000F352C78A430F7424B2A50D08FCFB3500DA
:106EA0006935E3771CBF34D687721C9BBED1F8A826
:106EB000548CF379AA586BB49E5A23C7D1E4FE3B95
:106EC00094AE05444CBAE000695ECA15C6DA3A557C
:106ED000503202690DC4CAD9A95DF087700B88567B
:106EE000449588EAF8D31598F4D8CCEB41F7E6003E
:106EF0002571BD2AA51DC34C17A1FCBD8650E4ED2C
:106F0000747FDBFB6BF34006AC344AED332F421E3B
:106F10001864C3CD765E0E00307E964A6473C12439
:106F2000C38916666AC142CD533454D084CC8C8157
:106F30009C1E5F467641CEE2B8EBE1B6EFEBDA009D
:106F40008C5F1F2AA746D7238498767183F8F807A9
:106F5000923DE41B267571FA27F2DAA6955C6D6501
:106F6000D2C52DD8B841EE00D9E4667E30AA3BC424
:106F7000F8DA85EAD657D04CFBAE128D46B62370B0
:106F80004B0C4621D7DA7CDA08191731E2C05F00D2
:106F900049A03352A43DC2FB8789486FFDA58E539B
:106FA00074ABD6B01225375EEBFBC39F0FBD3E9589
:106FB000988BC10A6F7188003E194DEBE7C5974C5D
:106FC00096DE3A13BDA08773CBDED88F4BF37430B7
:106FD00061ADB761C50422F86324DE124018490090
:106FE000E3C90C77F54C053D0AA5DA099872E896D5
:106FF000BF023EC54170C6680C90A3AB46154884DD
:10700000F079CF80872CFA00A1CD0DDDA6762AAAD3
:10701000B79F8CCAB57DA00F17E33D3BE1F61CA2DC
:107020008815B70BE80CC90298CAD92AE8D9970085
:10703000C7B5027436923AAC24A49F436E181C2C38
:1070400099042D929770F4B73D16491F1D4DABACB6
:1070500074FC86628CF8C900C39E0623242C6559F3
:1070600020AC2A0D25D69BF773BAECC125C1F7C316
:10707000F5AB180A739D263730777C288759760040
:1070800032507F157DF42DEDCAF9B8A7625BDFCED3
:10709000F54EC7BDD6FF1E0B00D4DCA963E9E4DDC5
:1070A0007F7E9635F5B0B9007AF3CE7E513F420D22
:1070B00057BF0BA65973B83B94F97BAF9D3526DFBC
:1070C000F53325A4334BEF1DD5364BDDC181DF00F1
:1070D000EC238705B2EFB8A2FD9B72F6FCDC9B3B6C
:1070E000B2DD5592368CE7AAF39E710A1B71991F87
:1070F0002FD109584CD8E500AEB838606696F577C0
:10710000095BC212C1130420E5EA12E0B248307CE8
:1071100050D76D44276AFFD196D06899DAED760092
:10712000D76F6CB37C6337569F233E19630FE6E33A
:107130001818A1B0D04F9730398C3D3FB294E8DD9C
:10714000A1D2FACA1D707C00DA42EA858E67C419A2
:10715000AE9DBF1EDF8EC2276B0DD8D582B4E2B3C1
:10716000ECE8B2BA729D051D2058FE085891B20095
:10717000A694058F0D16F6632722AD6E226E618AE6
:10718000E872EC58A34D734946576083FF54A6F04C
:10719000D0CF6A56F45AC100CF2495FAC2DE2EC170
:1071A0001682653CB9D3E362DDB38EBC1DB77C2388
:1071B000DAF1D51EB0EF2B10D278D9010BB68100D1
:1071C000A075DA12F3D243AAA4463692C561394EAD
:1071D0000913D5500CF7159324ACEB12534083A739
:1071E000322D3E377F07110057A858A570ABD4E663
:1071F000B639777C6462B04686A18B486F97C46AC3
:1072000088A1CE5CF1F636207350E971AC00E7003E
:10721000AD9C146E2D135CB9F94648BD480A18CBD5
:1072200081431FC8A192EA3AB6BA542E04F449B475
:107230004AE325AB9AEA120078E0CD0621B47C300F
:107240008E49DF84DAAE79D63F505FD6FE8DAAEE46
:10725000035F7E363837F3C8D74D39682E5FE300B9
:10726000066393F02A797DC51252770630E64A22EA
:10727000616B3C9811982BD832DA343017795AD791
:10728000081EFA4FA0C14900CB67DBB4172CD629E2
:1072900030A4AEFCA9244C26FF7BAFA065DDDE99AF
:1072A000A7FD1A8406FB1DBCAE3A88C01F9E9C0039
:1072B0000ACBD8BA7B276B370216AAC821639C89F0
:1072C0006220F0A8115820A7487BACC742102E833B
:1072D0003D4E6306ABEB1F00490F03BD61E2BCDB13
:1072E0006A3B6EBFE45DA5A4EEC92325C9965D0384
:1072F000C635D00A8DBC069D0389327BC3F2C4001B
:10730000F379DE63CD1553CD419391AFC8A21EDB57
:10731000293BE2F8ACB9A99B644E55CBECBA6FD0CF
:1073200010823DD4DE69C30081834C286C877B6B5F
:10733000046639458E2D0B74C612FD8D6821FE360C
:10734000D5B2349CA28383DC065FF4B71FFD350001
:10735000F33EAD46C2F4C20BC8031697611526B2C0
:10736000E8E2C5DD954C020C5BDECB7EDEAA25157E
:107370002ACFE8BF655F1700934DCA4EBD32728EAB
:10738000E5ACEA6D8ED58BF3E7D1816FECD3EB21C1
:10739000F8F1CB4B62EBD6FAE98C2C6D579BBA0017
:1073A00009E33F607F84087D1B791E99DF8185E0BA
:1073B0009648324F592458FB9A7171505D8215E9F5
:1073C000D3415656BD491E0050147E05FD520EE8AD
:1073D0005B74D0BA2449C03375534B10F123657DDB
:1073E000F1E8FE5F7CA7CC731FB5B377A1DC050085
:1073F00049CE0D38AED1180C69B701B2416CE5EE3B
:1074000008ADAABD831464969E82B5E3FEA60D8FD7
:1074100088A1DD7B27366C00B8031325B11835F53C
:107420004C6DD2EC38A66E17E4CD3467F3372D27B8
:10743000D4187B5E809482E66F4EDD999940FA0005
:10744000001E79E1C7C16DA642B7E60BA8968D4232
:10745000358615A1E6350A8BED3C5C992C04353E4A
:107460007C79FE2EC5FFB400BF3A5285F33EF6E8A4
:1074700018E3D865711632DD6563B9108CC89CC4F9
:10748000D79991E5709265DCA277FA874F08E600FC
:107490002C81A8E295AEF2E13D636AB2FD50ED1990
:1074A0009759F0E8D5DE4FBA96592A7BC5A1EED19F
:1074B00016E24FC3717200005F8C57B1C464DAD911
:1074C000F2FD084C7F2EFF84059E9E62593290CFBC
:1074D0001A4668DC9C9D476D83C9A2209E4A4000E5
:1074E000943A983240EC5EF52062EF764060832C4F
:1074F000A32C2B8F3269F38573F1BAC5B238EAE257
:10750000C7446DA350719F00426C7D882DEDED82C4
:107510005A2A9906E584389BEA77B81E00B6BB1B49
:1075200053BD9F845D3CFE6E848D1207A26663008E
:10753000B571FD910BE4D33BD385DB22A052C0D3C0
:10754000EAE3F785A526481B2D7C9F1293DCCC48E7
:10755000B66F13B5C0B534006F63F3B1ADD1761813
:107560000E5E1B592B073679A54A643DD0A28AF7D7
:10757000A46BB740A06FF2D83BBE6355967D130055
:10758000EF1B31221FF848C088DE17F3CDBEEAF1A9
:107590000F652644B8432E6AD11B86679ADB270EF7
:1075A000E798A28AD1076700E50415565008661CC3
:1075B00014FEFE2013E5E96D2C55B4091CCA9A553A
:1075C000D646D618B4AF4196D948E0883A6E18002E
:1075D0002BFD78BFB1D5CD02C419171F569FA7EF59
:1075E00098C9A822C5ACABFFFB73A8D0274C6B632E
:1075F000482C2C8D51B7BC00842D6AB8C446334C3E
:10760000E1AFA7825302594017BCFD1292C5F1A306
:10761000DF8C7C78B076388E073AB0198BC11600B3
:1076200002B4C84718B3A6865ED5CF09DA033EA0D8
:107630004DB98FED73A99E87286F40628ADE7A006C
:10764000A3C564ED019C0000D037E9495AA0783900
:1076500004561E0944A3A9192FEA3CB08B90E212EC
:10766000028D75D09077CC566E1788F7ACAF0000BE
:107670003A54DC72653F9AC6B1528708B46E828B69
:1076800002724FB749D99EC51F3E6CED46F6176C86
:10769000195625F76DD7AF00178E49B8E1269943E3
:1076A000C7FCF730BFA42E95BB205B523FE3C26AF4
:1076B0001FAF0E3599E37C02E6300930C1647C00CF
:1076C0005A1F37B8375C329398A58E764F929D48F3
:1076D0008784B6F5575E486302CE3BDFB0A3A10CAA
:1076E000EAAABEC996251500C59599040E579A3F7A
:1076F000A39B799233066C99F5016A78A0284D5EB8
:10770000C2E24A4405DEAD9EA47906AF0437860086
:107710008EB320FC43136501A3EA176DDDFCAE10A8
:10772000F44C0E42A441433FBC1D6BE9840485D850
:10773000023908960BFF5000FE3D7335599E845E5A
:1077400034955CEA0AAB5231BE7427FDB8F10EDF06
:107750005FF00508F87D3599DE7913AF2B8DEE00CB
:10776000C6395957F939CB7E613ED651C2822A7E3D
:107770005314831C6E013F6C31364BA6A884A30EB4
:1077800052B138EFB4888B00D16FF6FFA523EC64BB
:107790006F27030449330EBE5F8C7539E6D9D425B3
:1077A0008AD1BEF999B4D21BEC5778F376C2BA00ED
:1077B00055600D4471DE0F3EFFA3C7A6364D96639C
:1077C000F57C331431BD2274F9BD50FFB7981FDB2F
:1077D000127826D64A958900D6AF22253F1879EB34
:1077E000BC75E749E4A23D88969225F732BEA8BB56
:1077F0009A2F38547BD8356A87D42E3E7C7FAA00D6
:1078000025E3D8DAAFAAAFE4FA8F9F788FAC902E39
:10781000DBE48A65EA1715C9B03E062B9C37AB86B8
:1078200064C3AC6023E5CA00FDE9FD16261CA082F6
:10783000BFA198F1C0072001C0D4060650ADC68E86
:107840000DEE89E9EB8746F92D7D187182BAD800D3
:10785000D90DAFF76B92D6024066B38FA69486A47B
:1078600001722C02897885646310270D73957290DC
:10787000919C6DDAF478F9004B3BA22D5C964C425A
:1078800018E00B87B8338007F355845699F3BB642F
:10789000B6C2F4540EBF3B50C6A5463C10538700F9
:1078A0006B8DD2944A23DEAE566555A789E768DC16
:1078B00054C7722BF84E3608A79E6191A39EBF5203
:1078C0006BD8F124FB2FC3002F1D8593DA0993F1A8
:1078D0008B239A201FAD74817C96AAFA73DC9922BF
:1078E0006D805916BBE8159325F49B9EE595EE0037
:1078F000DD91565F13E5C220F818E0A73EF5393A4E
:10790000FEB09F0EC673F91A4AE7AE30BCC592327C
:107910006E30711E23246500BE5214B3C847E127A0
:10792000178D68C70ADA4EF2CE4C6F37FD3A99E1EF
:107930004E684921087B7F0523E10BFACF0436000E
:107940004CB29DA419A825BE85226E2645CB2712D0
:10795000169FD826715D2393786E8849A4FA0D5836
:107960009CB18A0EE6A00900E16997E0F7F8A0A4AF
:107970005F70731F620DD0AE35D9345C4C2599B35E
:10798000334133FC6BF86B3E02E5E0CE5A64DB001A
:10799000554AB508F3BB931974247C5962589384F3
:1079A00042B785149D0B2FF410EA529AD3BD55D7D8
:1079B000A0354A0EA5D6B300D3E06BAF9E518530FB
:1079C000EE03C3F90A3D0522D08A09FBFFCCC8CCDF
:1079D000E04EF6131587CB840C7D6028311E7A00AB
:1079E000C21C49386EE7753D5644AE9A11DF8834A3
:1079F000CB17E0E897E83DAB4632E41669A073ABDD
:107A000029ED8E9C4D9C4400A70ACCA8C6241339AE
:107A100031EB3819FDEBADE425D46965A49623DD7F
:107A200089CC119D4C40C76931F16039584AE40056
:107A3000327B307794D261E4325F0FA2F27C77AD73
:107A4000E3BCDA7029455AE1223EDFBBE0D55EC3D4
:107A5000BA9E28B275007E00B01754E371E4E93C89
:107A60000E22D1B9DA8B0ED4949225C5F2DBD2C2A4
:107A70008384D25F5357F1428E50D586F8A25500C9
:107A8000A67D949CEBB21A9A424508ABC86F33F5B9
:107A9000E7A9FFFA128E4B555104F49BF480EC16C3
:107AA0000203B909978A81004F3D23D99D96A2F11F
:107AB0007186EFE26511F490838B443C24B32198E6
:107AC0001524A7BDD92B68AFF35902BB5E6ED50054
:107AD000C2943249DECA8F6AC4DAC7D6FCE7D52D14
:107AE000081DA6621A91BEA0E5CA8784E259A09239
:107AF0001094D56A7C53C000B484C2E7D741553591
:107B00006B06AA6FF8CCD08878FA242A630364C085
:107B1000625B8C99FCDBBA2331B30CF5AF62DA00FF
:107B2000887A2336EB67E90561CDB30C4062D11644
:107B3000267BC85B808B68E7AB08BEBEDC872DA5C3
:107B40009D2E218523666000E3B0593D8956EFAB39
:107B50005697045AF432132457FDC22FA16BE962E1
:107B60005F9CAAE6DCD65855C61212AC42335200CE
:107B7000FB8AA92DDBCD1266584CABA73CE228BD91
:107B80006F21CFC6478B7210EFB5D257A176CEAC1E
:107B90003E7AA565CA67E100D404E95C505F3812FB
:107BA000176BA19ECA7F1497237CED6D30CD1462B4
:107BB000CD6B3D8BDAA28EB28A57C305A0F48F003D
:107BC00072D31410F17DFBF636E4AAD0F6EFDB8A0F
:107BD0003B7D52682329A0B596C99DD2DB58979D5D
:107BE000CF613A03C14A81001A974A0C28B4AABD52
:107BF000FBC6AD18B907502594BC8DF322031B9624
:107C00003F3EE1198897B240B7CE23A03D9AE000ED
:107C1000FD784998799FEF699781F3206E2E8953FB
:107C2000D20EFC709A37AA3DE88F9D86E2CB2EDB00
:107C30006E6421C6389C58003CD6350503E1536874
:107C4000F627566A07072BAF8779FB68DC29E1988E
:107C5000ECD60C6602DC552047806487EAEDED0027
:107C600099516A2DAFD8AB8400731186F6B5939AFB
:107C7000E9D183092FB22E3CF13465F6C2CEC5F6A8
:107C8000D608F11C8B57C6009C626172A397B7306F
:107C9000AD0CC5644DDCF974B12E287ABFB8AEB115
:107CA000CF759B8101F645059D59C980D0EF230012
:107CB00051C4BD65BE93C126DF32098BC8CA44F9E1
:107CC000D96156818C0973810697BDDCC12F818CE7
:107CD00010A1DFBD6C8008005830BCC7D6DF2A7108
:107CE000537084D823F36FD3A09EB704484B09ABDD
:107CF00066B51C246D981953591450C470D1F40002
:107D0000A0C9B2538D30CE6C5A8634FECD2BB69CB2
:107D1000C8AE282909DFA47B7ACAFA83AAE7EF381C
:107D2000ADE3ADB3F4A87500DE6AABD227B6DB5F76
:107D300033FD8188CFAD2D74EE05909BB1BE959239
:107D4000ECA996176AD20FBD0212DBF44754D20099
:107D500008EF5FFF1E798B69CB112826086661C585
:107D60001880CC87159E3A108A7635B275349ED627
:107D7000A1CF4D26C96703009844ED6EC6F43BE9D8
:107D80000506DD0E6287F7C08BC19267CC348F4643
:107D90005A935BF59BC8062051186D276EA33900D6
:107DA0000DA7BEEE255531C0079D31C841264B7445
:107DB000AF05F39166878FD0628670A037F12B0CE8
:107DC0001C8641CC89BDBD00CA653B8AFFACB2664A
:107DD000A7AC057A55C4E6E4849A91369BC37C51DE
:107DE00043B22171A15674FCBBC254980A278B0080
:107DF00092AAC64B82CF0A61A05CC729DDCD95DE71
:107E00009C07614672834DD3ED5C276EA8C8730052
:107E1000B21B5F7DA52525007C38D78B2055FA2A1B
:107E200097A45F9082700F6F955F8FE023343FF8C7
:107E3000469B57CB89A539183D1C6F5B90FDAB0065
:107E400095D2EA40C4EF3CC6506FD77D04F3438A15
:107E5000000EC9135CCDDE740280B04D559CB0712C
:107E6000667FB48BBFEF4B00A7094A58EE1D1FF683
:107E70005B4CDC4F5F7C44CF096E8B1AC8026503F4
:107E800069D051632E33B2642148E9F919294000C1
:107E9000DF282A4D88162EAF0038DDE76A92214789
:107EA0009A67999C051E2B4C43EA938F771E6C3C76
:107EB000FF903BE4E9C4C300EF1AF335D0BCF828C7
:107EC0004D75FD77A720FF9B7ECC5C7ABD1A8100A3
:107ED000A5E2F686CFCB3C9FAB6767612B0A2B00F0
:107EE000E8A4FD2EF70D02FBD4C6A7AEC50CBCA7B7
:107EF000CF8B0C6D71F79E74360EA3303BCC6B228A
:107F000041D6350969E2830099049060B4B376A044
:107F1000FF1A0E677DC593B54F2524DD6541319568
:107F20008FB28F5986DB9E4198B807EDD3ECA10044
:107F30004BCACA142B285786A68BF13CB2EEEACA6C
:107F4000656AD36E26C3BAA4CD88EC546F2F4E1148
:107F50001C92DF5C28C6CB00C0F7E1A8AD7CA58BE6
:107F60006AA20EA0C7F0C444283319105368B42382
:107F7000F4D0D5866DBE53F75C234B2EE114CC00B4
:107F80000B25D6341C1359CD0A6BB37CA1EB68F7D3
:107F90002CF930C782150035762148EA493F802800
:107FA000BD89AF31D9AB8700BAD1BF3F011A831A5F
:107FB000AA0762DB4301C11C983CDAA19A6EB71292
:107FC000D0AFD49F2C85F99241EC26713256D40063
:107FD000D72091F872F6164BA2E7183E32635CCCBC
:107FE000BBC06E3DA59E056B685EA1282AA170E905
:107FF000499975E8C631EC00EEDB19BF93DBBBAEE7
:108000002216822D07D26339427FEFFE474C8CC384
:10801000CB0264C85F00F33DC1333A4E9CA0B6006A
:108020001FE95F66721F34527DFE0927E1BCD7F756
:10803000FD9766C5E8888C47325141ACA9076DD2DF
:1080400016B19358E1766600F3C28EEF779B8B0AE8
:108050004DE2D4D053BA6643DA29D390A31CCE8420
:1080600091E459A4944B38F12C8F5C97279F08001A
:10807000CF32122B1C7E589CB6938BD2E6416EBB3E
:108080004810F5F69EF447912399C9A74038264831
:108090002D176DAAF17B4600DB93D1EA4D45E57DB6
:1080A0004530893559EF3C7C0BD12A968D27796C68
:1080B00005A258ACC36368C5A98FE80488B800005E
:1080C0000A336AF61147E122769CCF387C294BD6D9
:1080D00007AF7BDC0B24F865A44BEEB2EB58C9CF9D
:1080E000624CF9D698741500AD0FEAE0B96A3A56B9
:1080F000CAEBE160887B9B86A72AE05672A72D9E7B
:10810000C4D7EC33596A5027E80C117C6A12E3009B
:108110009700F54C33B6434BBDAD17ED78F5CA1A51
:1081200058A0430AB998307982C9A38731E3113343
:10813000DBDA99EBBBE9B000C32E662BDC7A2CB8F6
:10814000F05B051287F0D7A50831F7BD6997B87BBA
:10815000A24AFB747E90117170C73FAC6E3D8000E7
:108160007B581A30D9126CE4771941787480EA4848
:108170008FE2678C4267420489E861A08B519C645E
:1081800041B49B11581F590029B984DC64B32FE70F
:108190002A0738EB6CB75EAE2D3BFDD43D4DB2E304
:1081A0007B88039E6A68403D28A40E799172D100B5
:1081B0001E41A691B845CC55A7A1773D296F07135D
:1081C000E646EB7B4673A34562AAFD3952C9C7E573
:1081D000298482A059AE4F003FFD9C3E0F8457D6A4
:1081E000E53543A9C646F78CBBD16008BDAAC60ECB
:1081F0001B721FD2E3942E9706D98CDF7F0C0B00E5
:108200001C1538BF82ABBDC65CFA601FF9E63D7E27
:108210008FF07F6E68B46FF7D161B23EB22490E107
:1082200052CCD15C96D1D500C8C76ADB03895C1DEE
:1082300029BD3222F8DFA3CCBFC1EF9F3D0C0D60FA
:10824000517C4101E212E8809017D1D60FC53A0067
:10825000D498051DF8CA0900FE67F3EB88548F6CAB
:10826000CBDF1B5A9605CC96FDEEDA798E04A03A48
:108270002B2A517BFEE3550069D88E1343D8C508DD
:108280006170C7D255AC8AFB4C0B6E216660857A53
:10829000C951AA6BC154F952B05D8F5EF4A09A0027
:1082A000120C777302695D05D8F19C1A56F9C21059
:1082B000D41B340D95C75BDB13A0FCC553F84E31BE
:1082C000EDE8EBB6402B2D004C4B9B1FD6E376011F
:1082D00030132904FD4FFFD273708CCB32449A09BE
:1082E00049D472DB086C6AFA7208F6B37464FA0057
:1082F0001C7F4F426A4E54C5A6CA7A0FEEFBEA3E77
:108300002C8955E3FA61A165B4DD7ABC287073EA63
:108310007100C4A17FE1C5003BB6F13DCA39629F3F
:10832000EED038CA6B4F999B8306F5DE47379369C9
:108330005144AEA6D150CD07EFB6BA0B7A0916005C
:1083400045D0046D876B89A5B00C30C2E21AB26DBE
:10835000CF6903AE0011E9CC0D9E543651D46D4463
:1083600010B59C747DCDB30077741F23888720F9E6
:1083700037AD017A6F5FB36E4E07CA42B3F35A6CE2
:108380003A0B63E12A58E7CD6E69C2B062DE5F0046
:1083900075AAB6EBE72DF6EF13304A560AEF72A135
:1083A00031A759356900BFB8A9855A497446E62AEC
:1083B000129D57DAA83BFC0010433BB2C6A58CDCEB
:1083C0000801AC5CC4478DE72446F5389C37DDF2E4
:1083D0000CC22E837043A1AAF52F1D785E76100083
:1083E00055C0C6D34AEF0A3A32E35A86E932A85F4B
:1083F00076B73E52C646DFF63F6E5F4F7BB9B8E9AF
:108400007F3B50422B49C100C73103EF432F92F904
:1084100008CFF6A964BE5F574C3F8E96B6CB81D18C
:10842000F3048C177FC4575EE6642A6415898500BF
:108430007824A1E4A983FE765C77AECE36D9F0CE5F
:10844000DCD6424DB13B83D18398630C5F35F7791D
:108450002E65B88D6090C200C7F96E2F6313944CDF
:108460003672598A3BA63D4C70C9909301E2F6B72B
:1084700088D72C7C0A06098C2C250A5B7060640066
:10848000FA64A540D0428EE70ED4602624E85695C3
:1084900012CD0CCB10723A68AE5C69F32869684261
:1084A0007BE2AD7B7DEA5000F0CA55A1DEE9811385
:1084B000BF3F84F8CFF8BEA85FC5F77B493C74E5A1
:1084C0005631205F995803F9B340996E84186000C3
:1084D000CE5DC98BE80ED65ACDF7D59C6953F32EE5
:1084E00057761FFE937B57F2A9B4E047DFD1F459CA
:1084F000B39D652EE313E40075F02D8F1DFA7AA766
:1085000078B0D63B0C486C9C2D32C9F837D0D1D40A
:1085100016D7398EB52A6FAB8B2DD00F9FCC190093
:108520003B0E74F56016E560B0DD2103461424BAF5
:10853000E63E2FB04B34B08C71EBBD89B159C70505
:1085400057830F41E19238005F2FC061C621673326
:108550009D6725A7FE09B90DCC6CD154640F68073F
:10856000C94A272DB59351B5ADA709A25D99B200AF
:10857000EA7BAEE19ACEA730DDB3EA8E3FDE05524C
:10858000FBDA008D089C679AE44400B1486EB7C7D7
:108590004C2C32AA9C453C002F78162E4717EA8CAB
:1085A0003876FE29DE621E2E9EA5B19F93314211C0
:1085B00038B9BA94D8820ED8ADCD58B2476AB50052
:1085C0001DDD87C1FC1F37EBEAEC03E727DB7ACF21
:1085D000F08EEC70AAEE6EF48C5161D2D3754CDE45
:1085E00040E2EA2384469D0081E4F9432A7DF510A8
:1085F000C280AE513DDEE42BD797F50CB83AF26657
:10860000DB923DF55821F7430E68B85C91C8A8008D
:108610002F76F30FB504FD20B9263A5C69A15B897A
:108620001A6090EA110D5F19695861A5FE5979AD7C
:10863000D649CA75946F0C003968440282384116D5
:10864000D1DD9EDF8354536A611096A9103836D36A
:10865000D762620A75A07796C51FADB665CDDE00FC
:10866000C6D9B94902E9775CD0A9F0658D65384C67
:10867000FF66BB675F9611A39BBDDE0E219950413B
:10868000B678E15436A5CC009B1613078539E76010
:10869000E01C77FD263A76CBE8BD3135932785631C
:1086A000FD4A6ACBD2F46A690088B3BD83E1B600A3
:1086B0003958853D5FE6099A9B0D199057E462771A
:1086C000944D94CC3137A868BE43EE48211B475ED9
:1086D000F9A89C57C35A3100B87327D01C12FB006D
:1086E00050B9923AFF187FFE0C63B535EFE44A9516
:1086F000BDA06ECA33C5A9A5BB77861E8DA2190081
:10870000B0CE7FF05563A96B0553146EB00862E6D6
:10871000BE40D42460F4E9F0129169D91203AC840C
:10872000CE9C21744B9F000050C2D98873BFBDAB53
:108730006DF854237A936AF2A020E049DB7FAB9472
:1087400002E9FDF44A91B4A4CF38C8671C75FF0054
:1087500089534BABFE5D89A80C1D588662A5CC865B
:108760000135BE2D6AF45A8C48C8650DEE6579FB5B
:1087700039A597680FFAE700EAEE2D39B8CFD5D7BB
:108780006CDCC31F5EA3728D2344D4C90A592EEE3C
:10879000CE609254CA78ECC7F9F0CB971D7C3100BB
:1087A000E8DEB10B5B6B6A37CD0E242F7561E78471
:1087B00087F292294409B2BD6A5004E781C94ED9B3
:1087C000DD3BB553BF1EB7001DAC5EBEFB6EF33A7A
:1087D0003772D43BB61F602854DB8CE8C9D18C506B
:1087E00087B2FC7DF99EF1E2C4F3ACF7F975B400F1
:1087F0001B2FE780618DB7A1D0CD9FCDE166F594A9
:1088000038FB9F4D3D6B0985760873C0017B633A49
:10881000C4CC24B566CC9700DB0DB6A2BB9B242C40
:10882000D39C4B8FEE5B66D512421E1A188AAD257B
:10883000B497657C8246671D18EB9596BBE3E5000F
:108840008B6EFECB15B55993934F2890874C6E9342
:1088500059F2374A14B14710E81A2D7C767CD2952C
:108860007B9F41137FDD3B00883D4CBA0EA81ED58F
:10887000B2CC40829F0856BB4930F878C1970C6C47
:108880004A1FE3F134A6132C1E0E73E96628C300B9
:1088900050C155573CF9C3598CA27584C9825BF706
:1088A000D933B4AD7A1B3E1733F8E0E2D632D0901C
:1088B000FAE5C7DB28F18A00DEAA056CB6F651019D
:1088C0002447610C56794E242EFC7FA10D228B5F2C
:1088D00008794264A3780426F4E213A994A334002F
:1088E000BD3D37B28AF8BEA189BAB0F59F493BFABF
:1088F000B8004B89B08FB30E78002EF3D64F04FE2C
:108900004D5DE39E14379300BAE6BCFC1B912243F5
:108910007835B2E8E84C549E0161790623752BCB7B
:108920009B7133DA6542F4D4EE540CDEE0CE5A008B
:108930009218F08ED3A3AC61F981F72EF73AB10605
:10894000341C8C66E191B01044F53EFC18A6B1A52C
:10895000C745638F29367A002D20741FE939CBB7BC
:1089600062C9C7CD1F67F63906D2B304BDB3EA5456
:108970008F07D39679344FD9AB166C01B86E2500AA
:10898000E51605F1AB832BCEEA35E815FB7FAEF596
:10899000EC1692AD5AAB6FEFEE474299A8926F0D6D
:1089A00084087AAA232F26005E0AB7A259D329EA9F
:1089B000018071C7639CC03F3D97464F87145CA2FE
:1089C0007AEB17237835D9630D31AB469D8A3E008B
:1089D000A5ECB0AF57BF279F19547AD945006FB99E
:1089E000EAC852D680F385C503FC3DC9B7D71D93AD
:1089F00002B3E16C6D6C250089B9717A58096E91EA
:108A0000739BC953E4E11DBCE16D5932BBAAF8CD9B
:108A100047D7C676F018DD285DBAF1C80693C500C1
:108A20000E3266FE07D6415411EF452893D4E5C4B3
:108A30002215A590647DECAFED451D120DB5754076
:108A4000E6D391C9EB6A220000FF875CA0C3BA227B
:108A5000DDD2326EEE337F9E10327A358454855BE0
:108A6000247DFA5CA8AD9D34F975E979B1A6A20020
:108A7000201C9CD8628D85026BFFA55CCBF31AA0ED
:108A800033AAE3AA0D0B40B90B9BE21E112062E250
:108A9000FA7556367CEDDA00B0C976B4B2629C82C3
:108AA0003F869EEC39B8168E209EC958DDD1FA0457
:108AB00072626032374E596E443764540E26140089
:108AC00090B034952EF729980CEA56D107E53591E8
:108AD000161130F2B602E1BB988B5FA63F751EC639
:108AE000F9B2DA0DCEA278004F8140FB7555497579
:108AF000D72CA9A9649F2C19CBB0947860EB453B87
:108B00004304AB7FD171FDD658BE5F2F937B3D00F0
:108B1000D124B16D2F66E535B4FCA5852A5D21769B
:108B20004C0098CA1F51F9D27597EA8EEB11577A0B
:108B3000380859168EFCC70076D109AED9917D2B25
:108B4000D9DADDD889CCF05FF7B719C1EBB63C6252
:108B500013443CCC3F1644B28959384C65C97D005A
:108B6000444DEAC7D4D56A59A9114336A82DA24568
:108B70006BA5F2DB07527553482704093594F5536A
:108B800063A07934D482AA002DF7EF5DCD9914CC7F
:108B9000050293297381D87C245DCAC49F99F18A08
:108BA00035542E2AF207D9D68F533BE9A9CA46007D
:108BB000EDAC74783A50A2272A6236DA0E3AE618FB
:108BC000CE31C444B430A21688A1BC6BF900521750
:108BD0007886592B298746003BBA1E1BECCE86F8B7
:108BE0002286D91EA354BFBEE64EF8109720E0E1BE
:108BF00055DDA6678AE6CFA17AFD434E98EF420085
:108C000082515EE9D49512B9EF674F095719E645CD
:108C1000053C8E0E8288125BDE3EC5CC846B0C3820
:108C2000562C6C44D24FA800707DC1153F260ED73C
:108C30003EBD6232408A582B0312DBC3BD22A5AA77
:108C40000670B084CA2A4B149B88D3814C99B80013
:108C5000B3314BD1368E24CC0A721C12D46769878B
:108C6000A9D84446060D207024D1BAE2A39FEB1088
:108C70002E9782E70585B00043C87FCE1609C46DE4
:108C8000EEEB3ACC52C6238165A6F64147CC22F4DE
:108C9000FC6D8EBF001220033124D4CC2D44520031
:108CA0002E6964A3775BFA1A0D4EB47302B31652A1
:108CB000B1116A8EF983D4379D309944590A9EEDDB
:108CC00094F50099A150E600CD0E6EFEE6A827E4CB
:108CD0001C29708975BD3CD07161EF444B03B74BC3
:108CE0004D4BD147A5910588A246AF31FE7F3B0091
:108CF0002FC69EF3D6210007A9507CDA41F700C9A0
:108D0000A119CC86D8CFE486D3E95235A29D533938
:108D10001745A7CC43A21F00C86EECB6E622119EF1
:108D200083F03387AFC84CCC0F1EA6C1F2D96FCAEF
:108D3000F4BB63E169471CEFBD30F5DF0B03960020
:108D400063FAD9C9293EFB97B97C1A537AE209B86C
:108D5000563264CAE0AC5BC2E9AEB1545903164561
:108D6000DEF641CBC2F6E400912DA53C653B1340F5
:108D7000A7EA141198CC8178B9B75F6CCAF07D2549
:108D8000423798FA8BD8A0430441ED1B4F2A460086
:108D900072647BFA2B5E652189B3AC946A1F8FA83D
:108DA0007E56270A926A2A85FB078063E31D15A772
:108DB00064D99507A27DE500F0C82FBCBEFE6041D6
:108DC000F372EB14A44B92FDA5D8A729F4892DA02A
:108DD000A41764511AE8F9937A6DF489701025008C
:108DE000830AD6461A0DEB856D948E4A6078A37778
:108DF000B14E072DCC92CE0E2C49BC137EA186AA73
:108E0000D73FE5905C874E0009960F9DC912B69634
:108E1000A4436E29E695EA77D1B769FE17BE3D19DE
:108E2000B0CDDB72217418DBC1AE1F906BE2DB00AA
:108E3000CDD80B16194136C50A586F08C29836C6E8
:108E4000F7CC418A89F26A201AF318174DFAA0B7B5
:108E5000FC8D3E936D0F1800866BE26423D16E7714
:108E6000DD02E5E91E42E10C52C5365D4AB490646C
:108E700019143747273F7C386C90F8C09D7A6A00F8
:108E80007B4C1DF59F47FFCC62A1A973FCE56EA941
:108E9000626A52DBADF5533505CB4F24A0363682DE
:108EA000F97E4C3D9E1831006F24DD60C14A696235
:108EB000760361DFE8766377C3FA656C5B9D2424F3
:108EC0006E21FA9355CFF3C85E883482FFD16D00CE
:108ED000C000CEF434DC985A5E8DA2A7A18590ED37
:108EE0009F825878F55394F0705E5BF37FFD55C414
:108EF000C73FDF2A7B4F2700A0D30F8287E15901AC
:108F000096292D18D943179FEA795BA95AC13B745A
:108F100079135D30AC08A4E760CAA5FD00533800A2
:108F2000B770C630317A34750D4D56EB9C456EC422
:108F30006CE13BD190FF5B4C05DAD86422E1679984
:108F4000B0F9C08E0288CA001E704E891998D927C0
:108F500043B354C456BDFD83D4647513C821C463A0
:108F60007AD284B335D62D3673A3C6060C43B70028
:108F700069DA05268B5F20E3FC1CC1035CC2004656
:108F80001984BF258AA5E7BB2E6521E4DB38F3B041
:108F900010B24EE0B0D4AE00D34946A4C2F82ECCF5
:108FA0005F41705868801A95B5E7165633F72286E8
:108FB000DD49EE47F3A70409963D5324F0FE700007
:108FC0008038507073036CD7FF79F9BED1D61ADBA5
:108FD0006EF8C892DA06E590108EB3A4892C8790BB
:108FE0005FBC6FEF6C3DC000D27BCAE38DA9192333
:108FF000DAEC4F71FB8CB725BC755DE3904E75ECD8
:10900000FC1C44A6ABA3AFD5A666FB802D1EA50015
:109010006C49A907E80F97445F761D6DE2780C9EB6
:10902000CC987572DD75D152566382BC7A9199D015
:10903000A9D379A6BE517300DE8C6CA619ED985A9F
:10904000175363D762A1E71E56BD7C7121340727F1
:109050000C0B9ED3AFE4486F4240DDDFCE1B4000D7
:10906000A5D8C4357B78893290B61F2DD73EE40D44
:1090700021DB93F119838CF0DCB95DB704F4CD9258
:109080003D67B921C8BFFE003658F1DB730743CAFC
:10909000062D801E5474E0DBBAA57B646AFEA1E94C
:1090A0006FE1CCD58FC9DD552DA5DBA99233080022
:1090B0006458EAE34E043CB14999E808E804B977FA
:1090C000EB8267ABC4E9D5D98D52DB0F7BA4B6BA6E
:1090D0000BF046188B29760070E14AAA5EB760272C
:1090E000EBCE51BE29A3291BC3AAC84ABF5DB7B3A3
:1090F0008BEC4F56D190056AB62E2AD5F056170044
:109100006E6BE0C5DB7BECDEF305CC197505CAFFA1
:109110007D274EBA0A916406BD8130344F7764F9D9
:109120001380A631DFC68A0057046A4490CBEB8FC8
:10913000D827026A9A81C91681A771CAE697BE64C8
:1091400017DA1772A34805E28F8994F727F96B00A5
:1091500092712AC0469A9AAC911E588B7DA4729A3D
:1091600041D63B0299A4FC1248084F2C0511282B2C
:10917000B8D6E87C7BB90F00E5755F606CCE43AC78
:10918000B8316C861E9F6140E52CDF5472414A9DC8
:10919000591CF0B11D9D23F9E12D320288025300C4
:1091A000F1ED7138145A6B9612AEA06E566C1379AD
:1091B000DEEE5F8C1B5FE6B3AE57DFDB40E89BE77C
:1091C000A9968D123866D50072C57CD4E2FE7DEA80
:1091D000155C8DD1693D036FF860B67DECAC512C08
:1091E0009B3F96480D61B681FAEEE3F8624BDB00D7
:1091F000D761F9D5A2B80EDD789BD3233D11E9489C
:1092000007A05F783292FB07461141B76B584AD2EC
:109210003366FA9C6B1BBF00AF90291742FCB6194E
:109220006C81AA91F4D438EEC237B44AE5B55AE15C
:10923000AC5902D2A3F53C842AEFDF11CBED7800C4
:109240002A789CA1E7B7D54C63B7A52D00D1D8C526
:109250008C76C9BF53221D43EF3B6696A8D1DE8BA7
:109260004D60CADB31138600A63913655DFC1DE530
:1092700043914700641ECC183E8B010763CC5A0A09
:109280002818C060668541496C8F35F997AF1C007E
:109290008CDF083F3B3AF7E8F4C06C9176EE2B0C7C
:1092A0004C476A3B109B1FCD2FB8D3190B596EA3A7
:1092B000D20CF90362D025007C14C360A35C25DBCB
:1092C0001A71172DDA0CDECA9495512B5820736051
:1092D00008C76DE369C407A876D78106045D8D00D1
:1092E0000C3A223107715EA6A9E0E3E61AB0CDF090
:1092F000E95BCAFC2BA0270DB6ECBFBC52EA2CFFE1
:109300009D304D403C91B200277857A3AE75AEC852
:10931000886BB965A1D03A92074AD33C8308F29F83
:10932000916DB7E4AE4E972DC1FBEA28941E500014
:1093300029FF1F48B97014C5252EE826977FFD7AAE
:109340001978428D4D13F24F2AB875D54420A3A247
:1093500065A0BFD7BC44A500A6EC8E5355C688BFF8
:109360003E7BBAEC2762FF8F28B4190B4864B29693
:109370006B4447FF51B3C24B240F47D58FB3C40092
:109380009F097BD482B9499941838ACE876DF9F1CF
:10939000163AE53C631E433F9E3AE1F328B7559FDA
:1093A0005DC52E6C9B36C800C66AD534681113ABF8
:1093B000B90645FFBEBFEEEF583E7D6114E1B963CB
:1093C000DDBA6413FE44D0AAAD110B15D530F400FC
:1093D00052ACA2A6687D79BBBCBD2874DA712006A8
:1093E0006909CE91C478BEAC1A9D202E295409CDAE
:1093F000ECFB75AD3A091900CD9D90DCD6F263CA3D
:1094000089335E3825BE9F6948EB5021DC9D74A1ED
:1094100048A70D5A8B3F2C5B29077CFBAA559A0065
:1094200054455F2A4227503552B7EC0CF24BDF9F70
:109430009CE262D7A4673AAA6367473C54EB314287
:1094400064C922FA0DAB0E00902403C388FC0AB154
:109450000D3B01067F928CEB7081DE0828B46DDA3B
:10946000B1C24EF666682760CE32FDB17E8015002F
:1094700023648E7F1346A2425D5E3D52D6695670CC
:1094800008937208483A5CB48AD4911859A5B04040
:10949000EDDDE64F9BD933009B1463ACF37C5BA0FE
:1094A0007969CAB7CDB3587EA0B49B7E70E538B752
:1094B000399ACED1BF32B05D8D977825794A310087
:1094C0005F1560D5594F874E4DF79E1D39C30AC3AE
:1094D00060C5CB45642D5B39ED326F858E211C0351
:1094E0004E4F1C05F818D80012538340A73FE5B82B
:1094F00064EF1E3B92937210E4F5CDEE86FB870E6F
:10950000816C290BC00BD9F659105EDB999F88003E
:10951000F1C7ED02583EF929BAD36DA48765D32E61
:10952000E49A235B63D137CD656EBE2C280AC5A1B2
:109530007013A3DA019A8700A848288C6A3C806DD2
:109540002C5A2EC6A1BC1933DC6F503D97A8BDE341
:10955000094954717EA6C91B729EA520039E1F0057
:109560004C1FF67FC307061942C2546AF70A11AEB0
:1095700036D1E7287E33A344DECC1C7FD357119A23
:10958000CF0D03998D804E00A1AD1F86D019EC053B
:10959000FB669F7F896C604A279E7298A071CDF30D
:1095A000E3E061D428F13750D1E999AB65E2BC0022
:1095B00000E6350E244124423AACB5BC24B10E1469
:1095C00077A456255D5F20B1811DA43513D47E6438
:1095D0000D65856F6E3E5C00D1D90B23CBA5D602FD
:1095E0002E5091C2B0CBB57562EED3D0EDB011BCA8
:1095F0009B36A8BA536BBB9FD1E89CFEC9FF1400F1
:10960000EDBD2EA595A18C956AA1650AE3A0D6486B
:1096100047D856997C074427B622C3F37EC621F368
:109620000EA2A8DC76958F00517A782A447F32CF3B
:10963000665F54B4EAD44930FBFBAC1FE39084DB93
:10964000AFFB42934BACE8D52EF9E842CD87F20050
:1096500091CF9E5E7ABFDBA8282EBB97B54DA7FEA3
:10966000C73DA275F06A8B771EB5EA42E6FAC042A2
:109670008CAF8DF06AE3D6000EC8C73F0948D19180
:10968000CDCE86CAB9C189D1DEE50339E579203E60
:10969000BCBD7A6719521A2D3BC462EB6B94B500BE
:1096A000E53C799F606EBD3121474D375E90A53313
:1096B000537FC9B0FD4499301646EE514730D8B0BB
:1096C00037EEB662BB6E3800474F0DF5C6956601A2
:1096D00050732E528758D56CCB4B7B454DA4DF9CE5
:1096E00062BBEDD40D01ED3171C7ADF83A05430011
:1096F00018F8EDD9008F9A41F6B923EE6556299EE8
:10970000325212E1CE3947034E0A7311956354BDAC
:1097100065AC14D8080CFB00C9BD1EC8A30E596463
:10972000506D7362ED3B7D5EA4AF32AE2EB91785EE
:10973000B6F20ECDC252C38AD5876592FBEF3200D6
:1097400093FCAB4BF020EF6FB997D67D3FFCD34C29
:10975000FD3D7AF8E1B58DBFCA1B215640BFB3D994
:10976000FB1BC072C1B7DD00680DB9AF296CBCC46A
:1097700067F73CE55EA29DCC045D7E2D28362D0664
:1097800057BA2A75B97DC7CB5543115D6BC0C90067
:109790008B9309D3C72D424E8A61360684EE53E877
:1097A00022E428B35F7C6004B4F12161634C06A01D
:1097B00094D1F4AD36049100D6E9BECC9338621151
:1097C00040699738C7CB7C4F566CA8E2357B308315
:1097D00052AB81770D78D9457BAE7188B874D900CA
:1097E000995E7215961A08064A35D356D2194C74EA
:1097F0009D703D804B7A2825A18A78DD2934CC6F75
:1098000068CB28C9934A1C0059D6A331829C589D25
:10981000F4EEF7B15E66AF4C5A7FB29D30781E779A
:1098200059295670B54A20B1EE6DAF4DCDB0A800A4
:10983000D7D6A1AE47F4EA1D38DDE4E5FEA09F913E
:109840002363450E86B543E50BFB034C0C33F1C790
:10985000DE2986632C26F8005D60130CD603CC133A
:10986000A452123F93097EE84C9E81D5014B3BF4F4
:10987000950B3DEF045111C0131A0BA94426540057
:10988000307AFA346CC9A877CBA7EFA1A77E4673CC
:1098900051D624EC30DCE5BB8FC0EDED87C35D6DA8
:1098A000EE0EE7D35006E5008671BF87A20CE1AD4E
:1098B000808EA3C184056E533AE392A4AC10DF52AC
:1098C000698E5363FEEE650EC4E0146326BEA900E4
:1098D0008E8DE00F6946DB7AD75D724C260055937A
:1098E00048CA00401DAF3AB7E9C61A6ED5283BAC4E
:1098F0006E505C1C130589001635D04402E8F4D480
:109900005D6E53AA97340879A9B4E758F4A33F7F52
:1099100007C8605DA95ACC6E2B7943D592EB6B00DA
:10992000A9152E9C4AC72335DD7087708220896473
:109930009BBB67F669DFE6A6B6B5B340195CBFA965
:10994000924A6B8AEA9C4A00ED317E4EC1AA77D7D3
:109950006E8DD3D399697C1DDAA157FEFCC953BF24
:109960005F8B9A508B33B2FAD99EAAF943F6060060
:109970006B7BF592D5A198D21DFD31CB3D87CB985D
:109980009D2F02FCCB5ECEF24C4D2DC219065B2200
:1099900077456C61BADEE100D4409F58605C93BFAC
:1099A0005ADAC1FB2B068C9CD3C68BC99CC3FA7EAA
:1099B0002780297F39671B2F5E2CD819F1E87C009E
:1099C0007B38B7B4DD738CA388CB407C73482CF311
:1099D00035E1563332E5AFF947219991DCE0850E48
:1099E0008AA1F83AD9606200D3BD8C79B20D416783
:1099F000D8CD0F25D71018F94AF2F3B9F8ECF47561
:109A00005C7A6948766C513EFFA2956CF1091900A9
:109A1000EBBA9160AC5257603195A10DA5BDF90329
:109A200099150D9524AB9E11F43D21C80886BFAE53
:109A30004BF669FDD148140031D673D12916227630
:109A40005624D4A0A82ECD0AAF717FCB719E7EE2A2
:109A50006620689A3E780A19267E9E1B9D1A74001D
:109A6000B7A9179E73CC4CC95302AF180A869CED58
:109A7000999CC9991C7745F05F3F39C3CDC6B28B1D
:109A8000DD45AEE7BA65A7000E0F48C8FA1F3003E0
:109A90009E282AE1D0629F559AA1F76A626A085C03
:109AA000FF538702C016C70FBF416CFF2E5FCF0068
:109AB000F597F341AC9FE3A542CA6B45780D2DF6AF
:109AC000D2C1CE12CD103289265FAF126E9F6A735B
:109AD000056F70CCBB4F770093528F7D824741B9A1
:109AE00025CA97C13CB6E1AFCE87CA0D5E368AD390
:109AF000766464758FFBBE6F6DF67C70F518C900D7
:109B00002E6B4504ECD7A27D7D7F1898E86FAC6F73
:109B100027609F3A1F9C0B1FB547472DB9CE455B69
:109B20001735B2894CC784000ED1CA6DDDD263D51A
:109B3000995A20322C0BFF0355980A981C25BE7C9D
:109B4000197D4CAAF1D0B1AEE5474575E8E2870032
:109B50008149412D691EF8116044728B01B8485E3D
:109B6000A983D33179F7EE781A8EAC589E1D4D3407
:109B700066CC9E1A8C7653008405099E4768C0F611
:109B8000E2CF761B13ABF9AAE980C9A28430B513E2
:109B9000B90240D9DCF22CD5AFEDEE1EFDAFDA00F4
:109BA000B62D7D8829AA77174F13FCE22195FAC4B8
:109BB00090304F0653B2E80DAF69B8E0B2A282E52B
:109BC00007E1A55DF6DC7D006D4690934A70B2B367
:109BD000C9A282E950026464F21F1E0D575FE06C57
:109BE000D521155291FF9B250582BB6FC0FB8200DA
:109BF000B64EB367C0C0F1A9D0108E1840CDA5D61F
:109C0000290136EFD26DABE45B2C41B656D5751900
:109C1000001A178435758E006E4665D72A2DAC6004
:109C20009E455B98D4F5EE418CF27CDDA52AB97691
:109C3000BA0EF9CFA6351401B6981B8FFC7203003B
:109C40005CED428B87AB7A9BAB6A3BD7F3861642BF
:109C5000D3AF885904DA96A73261992F5ED5BBB08D
:109C60003369D43BA1214200FF4F0394A7FB47B0C7
:109C7000FC77F29CDB9362E14B96D320EC1E4FAC59
:109C8000EDF69184809953398AC4E50B3D575A000B
:109C90000935A215B929931E965F996D951E9DCD24
:109CA000FB028356DC10A1EDB3E341BE6EAF4A1D4B
:109CB000370AFED19697E100FA5101D999C9BE50F1
:109CC000740D2842D6FDF8A87A6C233BBCA7370652
:109CD000B9F044AA9AC6AEEAEDC9A809C351120068
:109CE000D9D0A1364A2209B819012E6321610A137D
:109CF0007E2AF465452F2E6C0BDAC7F4C3F0AE1242
:109D0000DEF8C2123DD6E000FCCAD8FE32378BF135
:109D1000BF97906357BAEFF42F9326EE56C2D02028
:109D200039F81444F32CAD277D25F64B517E0F00F6
:109D300001522FB3E727FCAD998642331335854C8A
:109D400035D3DC62A6C799443EAF47623703ED8D39
:109D5000B80DB057B5D98B002B2F8D80364BD1DD88
:109D600092C1183C4A780ACE2520750F2F1693779A
:109D7000C945EA175BBCB5E9667FB1D130069600EC
:109D8000996E241EDCBFE05850C90C20C4AE970C5D
:109D9000B924B719FD52EA2F680728E7AED8B009F1
:109DA0009DB2C192FEDF3500E9E698B1EF3A0DFCB5
:109DB00045E248A20C961093AFB9BB8C6BEB95EDC6
:109DC0003C4A0572A7A2933B6E6CE8C298694E00AC
:109DD0003AF402998A0B489814E5C28AE92705D318
:109DE000E87509831E43797538EA11F4FC1832BE10
:109DF0008C0E506142968D006DBEC47DCFE4EC6B3D
:109E0000014EA854B2FFA80CB7FBB1ACB0E2D640EB
:109E100067FDCD68101CD91C2A7F067FCDDA2B0088
:109E200073029BB5686D2F2DE738FFA0545B9596A4
:109E300001CA61EFC8384A48AFE1969610E85BD195
:109E4000D7A54ABA3A4CAB00C74524CFC6752F33C5
:109E50004EA32C517333B857B8DAB1F7C626BEAD4E
:109E6000765440BB2BCABF99A28DB9276FDD810004
:109E7000938B91E0FBF7DE4CA584DC233B5F60D243
:109E8000DD74607E7253C995ABD6BCF9003F6C306F
:109E90003CCB71AD724FDA001139F85297155092E0
:109EA000779D0C7D1784A16EDC4CA304BA8C4AB557
:109EB0004E9154F96BFFD168CC6336541E55D800CF
:109EC000D7728E8F4C246E084719B1DE94FCA5DF43
:109ED000107940A9D6A72F1C5CD3E71D2B23B30E06
:109EE0006F1C1FD65E0D86000C3BD4CFE0A820A3CC
:109EF000A7F29139FFE4FAE4F80DD7792C444E2B00
:109F000086FCF377BEC9F1674185EC09D836A80015
:109F100030E0D24BFBDC066A4CD7394F5730985CA7
:109F2000F31220B16BFD0F6FDADD0BF8D3E7EBA175
:109F300000567C01E20F5500A47B2AF773D88752A4
:109F4000E788AFE8A2089493E0127689D3B1145F52
:109F500047587E73CB35CF74605B6548BC26E500FF
:109F60006FA74276EC80D49E074C46375D9CA71CB9
:109F70006077540DFA59D09852B4A43EC17EC81EE1
:109F8000ECECDDFC6348980003C177D0B701CF6DDE
:109F9000F482ADB4E9D43F783CE59468E0F43FEF57
:109FA00060A44AFEA7D276FC6C575B5F4529B100DE
:109FB000135A99C134B7DC7956096E679C414B320C
:109FC000C8D8D9F9CD8B58A0F5A77BE68582071DA7
:109FD000B3A5FB9CE2F8E400F72ED22CEFF6B02DEF
:109FE000D7E05E924755A84BF5B0B0FC763C77368B
:109FF0003F7F86820F8B21C7BA0773582A8B0500D3
:10A00000870C9A5C45D4A07C99AF88C6A07682590B
:10A010007584296FD515947942DD3490AD14FB2FEA
:10A02000BE38F8224987BB0022D207F0EB958C7F1F
:10A030001AC4B19F5A9869A2B30864EA8F62505B50
:10A04000A74FF089FC715B909A7B94BBD00E940073
:10A0500006D03E1345FAB7A232E9B046B2B2CAE220
:10A060002546E4D3DB6CB3E1CABA2BC850B82BF257
:10A0700045AA64FBCEB05600C253FCEF366F786E33
:10A08000894B28A750A8ABF871AA88EBABC0158CF8
:10A09000B7D05B6E05C2C04B4D9D60336C176D0031
:10A0A0009899A784F9FB468840E6C4BA310D6564E7
:10A0B0008BF22995BA1E67E5E34607B4030F0C3807
:10A0C0008D1B4DBA12DE9A00E40D49A861C08A19B1
:10A0D0001450B2A9EC6CD3276CCE7B8E74B49AFA70
:10A0E000D7FF88830FC22133165C8CE1D54FAE00B9
:10A0F000D1CC825C967711AE67EB5574681EE7ADE4
:10A1000040359847EB28BED57AD59534EEEAD10E86
:10A110006F2544BB42D6960024A97CAE47BBD3280A
:10A12000B0868F92AEDD7ACD0C776EC6FEC59200FA
:10A1300020036FAE30FB2181B04F48C13C9897009F
:10A140006961CAA659D5B2E6523277D94C66E06F3A
:10A150001C81E1CE6CB5CED13BCAD70CB0EEBCD2DF
:10A16000061FAAE9F703330024BECAD31CE62395D1
:10A17000AD16DFB83942AEC6CE64392C5CE3C0A957
:10A18000844DA75521BE8067F82A03E434D8CE0059
:10A190007335902C08D54BD3685CB07865C1FA1143
:10A1A000F412FD795B1DB7614087F73F3944775260
:10A1B000DED0F0D2E2C85A00E7E028C2BE98C42838
:10A1C0007AD3223505AA536ECC657DB2B2959596A9
:10A1D0000683731B4E425BFD885E720306DA6800DD
:10A1E000135A2F89E807EA4C75060275F9441CC515
:10A1F000095066850024E950D37C0F709DA723A7E2
:10A200007208CDA15E2741006AFCF0FB9D49A26265
:10A210002D58E21EDB60D452AB342D840E4707B4B8
:10A22000EC785467D8C7F374B1B205A9EF2B6C0072
:10A230008C8E8800D029AD96CB7DA2D1D4FEDCBE19
:10A240004014B1F9AC27C7B8898208242899A051D5
:10A25000E5CD844633A03C00183493841D2845C8BE
:10A26000D1538F2C574A3CA8F0D2A0F9FB629D4DE8
:10A27000B00FAC3DF11249FB89AAAF463C68220001
:10A28000610965D79AACD9B765A6A1BECD1F62E7B3
:10A29000A4C51F0CE3EC6A0CB459346B7BF6E80BD5
:10A2A00091B3933FF284AE00891B9281416CA572F9
:10A2B000DA74589A675DE6478904DE2FDE9D29D25D
:10A2C0005C6D9E098CD5571A4483FC9F8E431F00FA
:10A2D00043A64E870C7BE5DB41518828398D6A3FC8
:10A2E000439F561BB2F026892088B3ABA2B485B138
:10A2F00005940C9FD20DE700B15E651C4B5A60625D
:10A300006639B43C17241E1190502889304E1E7CAB
:10A31000DC7B40A8F4EEA6E8A274FFE4DAD2FE00EB
:10A32000F643A837B579173B67E6D65FB47AC2C85B
:10A330008001456D1207EF5B4434E6CE460394D1AD
:10A34000651AB26BA2E544004C67788D873E4F1EBC
:10A350004F98E9F3A0094944820A9E708396084702
:10A36000381BAF7A3721F843F9857BE591A3E900E3
:10A37000E9869E74C1BEB85A6084F4384CACC6708D
:10A38000C11FB9750D513BAF2D8E9F5E633C8B187D
:10A3900003C29D36F95C89006325042FE0AF4D931D
:10A3A0007158DB1F2CA61B17BA99E8186D5E450B78
:10A3B000723BC4F78C65E591BF267BD38415FA0008
:10A3C0005B5FC9655E2CD72C91B44628E40FE51D70
:10A3D00081CC6646449D802DE3AA6F89CD0154A8A7
:10A3E000F27463D97701B600708FBDD8A51F16141B
:10A3F0006215FA4EA1880CA5EFC697BB7C0DD70A53
:10A40000D5FB56605D39DB488DAACE907425D1000E
:10A41000ED16E2D7E972B4113514F97A35DE07B0DA
:10A42000F8CC0F815FB0F0B1A5D5EF7591EDA10823
:10A43000C744D75A89386D0024BF9E081F731F5226
:10A440005E9432D10D8D966762E684F7D45E6AE839
:10A4500047733E9D9328E3640079580F2510AE00A2
:10A46000C95BCAE128BBEA4E866022748BBEF569DF
:10A470007D63ED6AC59797E09A0C0CDD87C976017C
:10A480009906CB30B2A0570085ACCE9CD3956FB85F
:10A4900006E1B0024168161191CC7FEC36EAD8078C
:10A4A00044E5B3D6E21D82A54C70DB2D0C5CED00BB
:10A4B000236B3CAFB9EC732BD0E2D7864438AEFDAA
:10A4C000C4FD66004534400AFF1336330E309EC289
:10A4D000630AF4A500F31600F3792EDDB8DC384DDD
:10A4E000360A370B9EE255BC7E46704F3EE65B4E09
:10A4F0003ADE1905A0DA94A2EFA6F5FA314A8D00EA
:10A50000CABE5B3D6FD5115F7C1FD2B57755E3ADF9
:10A510007C2E1D4D0E50E12D552282C84964160235
:10A5200061FACBC6E5B20E00D9995F30B84474F534
:10A53000E91DB60763EDF85364A9499289D2556ABB
:10A54000F8E3E02833B47FBD6FFE2C7B96BA87001A
:10A55000AE6257F64D4F3F87428E7B7B7EA6B7A8F3
:10A5600032A0610159900E9347812186FA6E9DAC0D
:10A57000333330D608964A00922A6238A2CF69FD5A
:10A580008DEF5F1F40287B2332CDF400369D5F574F
:10A59000398108D97AAD158225A45BD0B5B0B80051
:10A5A0008DB0484A8ACCFB81FAD71F9DFF29CB2466
:10A5B00094B9629375D39234DD3F0D855F41FA798A
:10A5C0006A90F165B5DAA9008BF33BA3FED122AC0A
:10A5D0002EC6450D688DEC93C2E1FB513222D69A0E
:10A5E0000DE74E3308120B32BFDA54392CAC790028
:10A5F000331C87BF79A2B8D7930564380F44BFDDF9
:10A60000F41B548DCB173897276A18B5DEF3A33E99
:10A61000E63733B431A43E0056AA122B65FF1F4E15
:10A620005860C056A9C1721CF194E80257250B7EF0
:10A63000EDF94BFAF518C91717DE040B35C04100C8
:10A6400098470126B9A26DBC3B0B95D9ACBC14DA76
:10A65000B3891D077BD6881006D1C3114EF14DA7D3
:10A660005F0BB287DC4BE400C14E395754D8E84D3C
:10A670002F86F772180D08EDBC6F403E60D910CBE5
:10A68000E14433A8416D081A39F92A5A4C3BEB00D2
:10A6900038BC6FDC5B33F8795DCC99FBC4445DD288
:10A6A00044989A1DD97C2F07759C4CB8DE3424DE63
:10A6B000A586292E9BA50700395647865F19972541
:10A6C000C85841C2E88366F4A28E82DD9AA3DF8077
:10A6D0003E1EFF95AECF69E04DF2BD25A8836D000B
:10A6E00039E503E532EB2E7642C86786CA6D78F607
:10A6F0008124CFED80E9445E8BA2673150136B8CCF
:10A70000604EE53568E3D90045123D40CCE6D3E51F
:10A71000DD2887AF9E29ABA8D6785A845547C65105
:10A720005320AC3966A9C6FAD9E343A1BB477700E9
:10A7300038B208D64E00D9D8BFADA5BDE1BAA8F64B
:10A7400024C85C7F00072DC6BE0627E1241889A413
:10A750009128E4627FE118006F994D3729FD9769D0
:10A7600049E36C64D3E79857E0ADA738C1A734E557
:10A770008A0C3C1B1689B0AB5DC062C372381200F4
:10A78000CAAB777DAEC4D407B5FB23EC1588F3586C
:10A79000173802349961FAA784D6C21DB0C3E355B5
:10A7A00053D6A955D14DAD00A9932574843B04DB44
:10A7B000BF6B7A0C0BD8C55AF9FA90021AD8275EEB
:10A7C000B32AFF854D04D953CABB47259A85850016
:10A7D000BA268AD8943C3391E2AF1BB19B1A1CA5D0
:10A7E0006F617CFE486A6940199FFBD2E22BDE3D17
:10A7F0004A42CE029EA1D90028A20DFE96D53A2249
:10A8000023CDC8AE665ECF09682DFCE129710677BD
:10A81000AC0C68844C9AFD43B28100C5EFC44E0075
:10A8200068481A110B0027A314602BA43BA98024AD
:10A83000BA3649C797C5F0A63F64EB1C22278ECED7
:10A84000A8FE64E342B4F70021F9A2C22D9910607A
:10A850003A1BEF6136524F0FFD760B5ACADD34F0CA
:10A86000D5FBF648850F769566F4E2C7543A1E008C
:10A8700061D920724865CC4D57F846B58991CBE037
:10A88000EC5C8BAE43FD7F85ED35F5A7089B54103E
:10A890009C3D340DDCA62E00FD6B3F3194D5EB1FA3
:10A8A000F3A287E7E82F1CF380B705E44E0392720A
:10A8B00030692719A97BF61F099DFE0A5941B90085
:10A8C00065C2C7E60223F9427A0CE7D8981B042632
:10A8D000429EAE0A577EBE6FE39EE18FA771AD40E8
:10A8E00055326CBC3E686400DC395AFE430500A258
:10A8F00080A01E5C987D2859553177C9B45DA1ECC4
:10A900002903B6411C178B802DAC0CC71B9A68001D
:10A910004CD58EC0C349CDDB7E5BDD6C5DECE53193
:10A920002936ED0FD559AA77B2B634FE4F3CE2F086
:10A93000132BEF843AC90500A4644F84A5626B37DA
:10A94000832BF56620A10290E361703EAEEA1C0401
:10A9500036EBF252A831A8823C4A690F4BF07800DE
:10A96000CE023B3EF335B5A01975D1F0A656D00EF8
:10A97000455D167B30CED75EFCEF677DB37FA228A6
:10A980005DB91DD74131A600552C4BBC506E46D841
:10A9900016CD0A8A9F20CCD44DEBDF6BE5C9DED4FF
:10A9A0000277025521952B8A59E9CC7690A7980019
:10A9B0005B1B5C0018827F5594C98BE0E78A78079F
:10A9C00011B35CF743E25DDDF0588F859AD2ED5408
:10A9D0004364DB7B8D323100305F4095F0220432DE
:10A9E00012C99D9F75DBD6F0F6FD62F63775C9403A
:10A9F0003FDE387969C67A51CC94A8CEF825C900D3
:10AA00001C38ECDDDE67A6FD5054BAC8A065E12411
:10AA1000FB08C60910539CB0DC024D625B1E8E52CF
:10AA2000BBCFE6FEF9D2FD00344ABD410EAB6091CA
:10AA3000817BAB51BD7295CB4C33F8CC3D797157CE
:10AA400023623CBDC0BDEC9DE32C8BCC6641A900CC
:10AA5000EF943E97696AC8478771AB511D99B08ED4
:10AA60006E0EFDFD15200455A673A0845BFBFFB19F
:10AA7000397E28C37422F30030CFBCE15AE2CDAD59
:10AA800040547B9B93A708086375CF671FDB40CBBF
:10AA900038442878613CF94A12FE71D5DF36190036
:10AAA000DE640FEAF9A776B1D52C2E3D937AC27FEA
:10AAB0008291B5547A040B4931941ECF227D88AA25
:10AAC00078EA92443EFFEF001498F3844E9E82E0B1
:10AAD00035CEA94B9051A3897FFBF2C80349036D82
:10AAE0009EECD50FF38CB977454AAF54882FF5000B
:10AAF00068BA776382E8B647BB91E60AFE563649E4
:10AB000059F0947AC1EA9446EF907AF8149914CFE8
:10AB1000BC02A7FE9A906400CAA0EF4E6705352CD0
:10AB20008A943F26C89AD8F4585651D69F061A558B
:10AB300009717CAED9A22EF23B470E0A2A6F25007E
:10AB40008627A0EF41E4816C907CD26B58278696D3
:10AB50006495C4196C44D1FAEBE7E9C47B865C7F49
:10AB6000AD17E7A29BF34800225C77F03B4DC4C4CD
:10AB700055D636DFB3DEAFDFC9C213B5EC8E009613
:10AB800034280CDF563FF1C054CD61B20DA08300D4
:10AB90004C5772623CBDD5314DF57D6298DDD60CC7
:10ABA000E460EF000D9796D57F2BB358054B483FD7
:10ABB0005A6D7C7A9D455100F60ED9D602BA309E68
:10ABC0008595C2D89EA3ACF891557A3851C2A5E3B9
:10ABD000E51E4B3329882AE88915B64F85064C00B7
:10ABE0008A7589EACF1B94D04F34CE67750A250742
:10ABF0005275D535C645BED239CA4C5883934EF3EB
:10AC000086751F0FE188A1004C2344F1BBFB42D89D
:10AC1000973DC8D2B210BB0EF58F7619F6A8A69C48
:10AC200060B2980631D23265ED09E5D7EB093800FC
:10AC3000C26E80906EAF4B223D6F3FA58DE0AD821E
:10AC400063F82E317A266039619456116716F6BB87
:10AC500017208180A2550F00A4E44AD538220BAFFB
:10AC600060EFE758496F47B08293DE6BAEF9A8D129
:10AC700034189206B18D1A69B568FB0282F14B0057
:10AC800033FC473847BD6CB219290518B87D8DB51E
:10AC9000F4E5F7B9600CD2954B352270031D81ECB9
:10ACA000F430F820487EF3006E4BDD0568E0A0A488
:10ACB000379FF43FF548EFE3DC489072B94C956A52
:10ACC0001B6E60CE0800ADD71EBEEFEF2BD8E9009B
:10ACD00066F771870E4826CC4F0BC117F54695B223
:10ACE0003F4B1AE1F940A6B12968B7B8D2DFB5CB1E
:10ACF000DD9A9523DEE3FA00591E7345A0B68D5CFC
:10AD00005EC83096A1CCEC41172B374332E8B8D15E
:10AD1000B946560E47CDE5FCDDE41B7479D1B6008B
:10AD20001CF446ABF6B2ADC9AD49AD7451A85F0D88
:10AD3000CACFE8E72DDEAC6D146812B2EC610101F8
:10AD4000B8AE67205D5EEB0082322E7DC4144ABD32
:10AD50006E2954BCA21BD0E16A97DA97164EBF92B7
:10AD6000DF7DB5E1E22435FF087866C8BCFFF4005A
:10AD700091CF05666AE02851AEC524A3A74EE085B1
:10AD80002E6947CF2DAB41E519D1903FFF132831F4
:10AD9000F3CB0918EF81C6005B308D62854D3B21F6
:10ADA0007CA1B587BAED70B37885AD36473B19D431
:10ADB000D48A9C0AAD0BAAAB61FA0A8F816B410061
:10ADC000744B54576FB071CFB8AB86082CC6DD4CAE
:10ADD00001DDC472FBCB79340DCE830C13E6216206
:10ADE00000D23BD2D8959900AE8211A6A369C07952
:10ADF00022250DAE1F59DF14A602FCE5213C62742A
:10AE00001D30EB1CC2ADB71EA54D89935547AA0056
:10AE1000A44CE07E679159708190EE75E3AD610CB2
:10AE2000B0BDA001C9E9CA5DB0F63BE14E353EE1D7
:10AE300021C0355339940D0060246FD1BD7117398D
:10AE4000FBC9CDE741FB90AD88FB3615E1F148D257
:10AE5000C1543327E38BDC542D1F6F27E781930008
:10AE6000356A2C610569133B8515696AF58EF10415
:10AE700090AF3C26DEC0317F5BAA5EDB3722288A9A
:10AE800041E51A06AF9ADA00EEF081F2BB6EA10A34
:10AE9000E6AC9ED2970A83C91DD630C00A85F41845
:10AEA000BD839A1A088D32F757E5D88A5779800002
:10AEB00039DA0D226DEA4D81C9E742089E0233ADB1
:10AEC0000880087E292C88C3A0990B140FBA1EE5B0
:10AED0002217A1C62B4C1C007AF3992D55C9C240EC
:10AEE000E591E8AE70EA1608BC62BE0F0FB557B523
:10AEF000461C378CA55324B1DBD4409BBC57C900FA
:10AF0000C5627F43870BCAE87C64D7647C35C5C5BE
:10AF1000A1AA7607825F27677037F9597134DA473B
:10AF200000D6AAC26F0DB400373407350C3D8C42F1
:10AF30004D10E23844E43C147CF8840EC6074D1AE8
:10AF4000DBC3104A2DF82FE29E96F17DF9EC070045
:10AF5000F1AE6E1FAA80925E56ECFDEF756765FE3E
:10AF600094614F92DA79C4E9F80833C960565C619C
:10AF7000EBE47272C42D4C00BACA4E762393E839C2
:10AF800060D2CBEA2A67AFF717164FA3618A60D465
:10AF9000B34B040EDE3AEB675973935CF6E91F007E
:10AFA000A50002548A04B9DCAA04174BF12A10E563
:10AFB000DE154444620E0EB018F22813C69BB95732
:10AFC000ACF1DB57B83541005B0F1C86BB1841F86C
:10AFD00082F2220258F6DBF8329F07662147646D41
:10AFE0005583E41938C127D656B3392ED420CE0064
:10AFF0009645ED84026B6BB3D60C028956C2D7EB33
:10B00000113D92AD7159C1F502E752249F2DB2A0B6
:10B010008A9875E4CC2F6300DC888260814FB7F892
:10B02000AF0E7B7077A5E4DE44D75E2F96CFE15755
:10B030009C24DE42FA1BE0459017921B44DB9B00E8
:10B04000F27B0E88ED3EEB6628CEBE1CB26F22A0CE
:10B05000E22C8CCAB6BD4F1D26E855E5F45A28EB04
:10B060009AD849E255FE420063080EEFD6791CDFFC
:10B0700036CA4351B9644D348AEBAAC6602013190D
:10B08000C63760E32CC5D9ECC5752A9766703D00BC
:10B090000B8F7C60A119B50425AD62CCE34BD79131
:10B0A00034881159CDEB6A53BE5343404C7FD76C63
:10B0B000E719D820E545BF00610ADA0E4ACFF0B89B
:10B0C000B38A36816639FD3665293C7E8524144C69
:10B0D000F3B08E00B6C2CF00BA855168577E3100FA
:10B0E000C2EB6827E9E02780865455B098FB8F03B0
:10B0F000DFD602FA90522996C34668C7428ACCA48A
:10B10000578904E75D611700DB2EDAE7E560452F1C
:10B1100099D9A4489276723F7465B34850446C86BE
:10B120005E243A89A4F43A8E3272AD8A71CA1A004A
:10B130007326AF91D678D993FCB913CA701B5A7D88
:10B140004CFC8FC2FB88F55BF8AF9E7C72D18F1DE3
:10B150002813E5AEE8875E000B59C8B4641E526C34
:10B1600080D84459FFF069D7949D44935318BD97F4
:10B17000AF56D9FD0A9D7ECFE37A54A0ED3EC000C4
:10B1800043FEA188DBFFB176D849288681AED8B0CE
:10B1900018BEB1E18157A696849F27B030F02709E9
:10B1A000710F68028AB54C00E44A691E85E6BADB75
:10B1B00090E74C46E468AFDD540A651191FFFCF757
:10B1C000E786B0765786A539688524D2A9E2C800FB
:10B1D00040DEA4DC5723C6F0A258F319E5EF6A2538
:10B1E0004DF97DDA66357BD0E30FDAE347B71A33E2
:10B1F00043906A59C2F97300C2B2DE55C79E3DB88A
:10B200007712617D0F24145EA4EFA9EF8C1EC64453
:10B210005CED957F6867A364315AD1FFE6E88D0045
:10B22000CEC4445F8AC214B172257A14F657001254
:10B230007FD8D061086B821938650AA5AF2810E75E
:10B240000E03B0A035CAF80077A7FE1C686EB8944C
:10B25000B4B086E2C268E994D449680B7FDC7E858D
:10B26000B52A0B6CEF1C877108D4C66043B2FC0092
:10B2700067DE0F0C6079DABF77D14334FAE442D746
:10B28000A2261BBE29B6E500B4C7350D7E87D57052
:10B290008279E631CEB60C00BD2CB4386D535865BA
:10B2A000337CF8656320E49A5489F4AB02D6838436
:10B2B00071C727C897610DFD6CD0F41BE675D200ED
:10B2C000416C1517BA0574F8C38814434DB649D2BA
:10B2D0006B85D2AB72E7C57558753570335F8DB32A
:10B2E000F0691F176258850095043D4259AF4386A7
:10B2F00090231F4AD838C3D7FB2368D7B886EEC43B
:10B30000B52F7F5EC161A48D490B81BFC5168C002E
:10B31000068A8177ECA2E08E52B09AA0229B4DFB68
:10B3200021333BD806D605EEF35FA607B68DAAD02B
:10B33000656C0809DB4079007279FF27DFC5AA49EF
:10B3400099702DA46A20F4C8691EA9DA5951D1A2B6
:10B3500072C463C63B6419252E7F74F7284BE60040
:10B36000E6E865431B12FE8DBDD19D1A136A44C1E8
:10B37000B2405BDC556BE0F9EA6C7C3701FD43249D
:10B38000B0E37CCDBE09FE00C541632CF7F58763B1
:10B39000952DDC6479E3378460083696BAC62A7442
:10B3A000920EFF6D0EC5540F00727235430C5100A2
:10B3B0007F8AB19D94DA98F91DA8896C13C08163C6
:10B3C0000292AEB44ADB49F8B9487D7977594A0F01
:10B3D0001B805842238CCE00F29074EB1269C0603F
:10B3E0003E8D40C5C58DD7E87AE5DB9B732DBB3913
:10B3F000AAF04B3D3B243CA7583C59D64AC45700C1
:10B400003C2B6AFBB8FD95ADD3F315C24AF9CDC00C
:10B4100021072B4C4E628563ADCFFC1BDA776AB7F0
:10B42000FC8E764D176FDB00FC2DEDA67C8336BCC1
:10B43000E203062E6A4490AD690719E72DBA7F35FD
:10B440002ACE204C073EC8C084309B0A80D5BD0060
:10B45000124E23186F1F67154E2A1ADD3F063BA3B5
:10B460000B6AD6FD1C4C625294FA64ECB9D313AD4E
:10B470009C25ECFCA1E82E001F96DFEA7E9285D584
:10B4800067A43331BB729B926DCA8D4FA0A3A0EF0E
:10B49000934B1496C70E40D0965B9CC59222F30046
:10B4A0004A78396E75155DEB185278C544844BBEE9
:10B4B00076C0D82C6E4522232904ED6EDE17F0C924
:10B4C000DE150E9BA12B8800DF2565FFAB8E65FE88
:10B4D00058BF18E4A0CD391525FB78EEB085D116FC
:10B4E000FEB383EA39587C05BD9040AC1B8EE60064
:10B4F0005CF20C325D49B18252ADFD566DF359E5F7
:10B50000A30C4B0713437C1EC528E9933B4D17F54D
:10B510007F51CF670F44CE00D170703C12D6C6EB7E
:10B520000E593E2DB8B1484BB81D26FBCF9BE456B3
:10B53000D833971E907C35F5359016952BF6BB00C9
:10B54000D6CCEEC194AB785D3C0954532E29A4555A
:10B55000657275B4C96E5A5014D6989296E4F43B4D
:10B56000DFF51EEF7EDB810095ACC4CDBBCC7EA2A7
:10B570000DAF988962BA37913C1AE668389C797F9A
:10B58000BDB8B34B92B3B2FA555A807A3AC93D006E
:10B59000FAA4CA96FCC28355ECD5C57EB6C183D742
:10B5A000E6F4DFAFDD61A0F9700B40D5339FC02D0D
:10B5B000BA528B230A765B00F9BD1FF44C4525F582
:10B5C0003E73BFD115E92162D1894C8C8323ABAD89
:10B5D00089ABF9A1BD98B167B8E75E2C74B34D0093
:10B5E0000CCE7BBDC7AE5DE4A035236DACFF265EFF
:10B5F0006A11A322AF727CC174B7BC5C722447C4C9
:10B6000051AB49ED3C6B55005364722F654804B350
:10B61000E21214D16E7DD6B3AC6E7090D1A52FC757
:10B620009AF8709B5129F88D6895C4F0F707780057
:10B63000623220E546F3C4359C40596BB1BE974455
:10B6400011E621935455AAAE657E8486EE83479712
:10B6500005E117F9843AF9006BFA84DB9D20204F4D
:10B660004DA1C97880B376B3FC45156A2211062B2B
:10B67000CC9593CDC367ECE7815738A19E0918009C
:10B68000FD9D007827C8DF2F413BF8020FD2ACE2C6
:10B69000480C9DB16E632C149E663F5D5DC05928B9
:10B6A00087220781B20FE800485A047D234E15B85F
:10B6B000834650A4A02F165BF4D0CB698B47926FC2
:10B6C000317A7484811A433A6872AEBE892CDA00EA
:10B6D0005D2F807D6545CBA4B058A12D8192108C43
:10B6E000F4FD2E45B87099FA7C94FCA7428363E67A
:10B6F000EF375C11FB2DD900530AE91E84EC63334C
:10B70000B57675E315C3FDF4A996E405EE482E431E
:10B71000C0603DC282EBAE817AD02E68C7B8AF0060
:10B720005E91576FBEAB400D1910FF97E342653C29
:10B73000CA12C9BF2E6FB92CD2915E78242ED01EAA
:10B740007843850A7D804C00814A80A87D9C8A666A
:10B75000BCE8D9F59812DD135712EAA84D69C0501C
:10B7600047697674C92876D79D877B8860120B005D
:10B77000F85BEF7A5B230BD070EF7DD768A4BAF843
:10B78000E2E7DB26A719465A82970A63F16EF74271
:10B79000791F20CB31DA2B005E05409E439C9B40F5
:10B7A000C3EE2153BDF6D7302848943761DE369872
:10B7B0009BD4A3EF93C0AAD6A21D21C2A9E4C800BE
:10B7C000C9C5F7C7707140ABA1D4AAC78B34479CD9
:10B7D000CF0CB7CE4AEB596A0D4CF470DA7AFFA061
:10B7E00008D94C57EEC7C3003D02CD0527C4A17A46
:10B7F000B39B2C1A002F9B54C405F5B63C71114B1A
:10B80000744D593E194AFF15097123C9F31A0400F2
:10B81000BF6338C30439F0D19A7CAF3746E59AD478
:10B82000A705FA0144E195455A00066B5B161259CB
:10B83000DD22E2EF09F42B0001D4B46BE8EDCB3A42
:10B84000C7D73E4FC029EDB05E388F1C10AD6433B2
:10B850005AE50F889635102F36EB51258772E9008F
:10B860009737596CA47B021DF84BC00B5C176FAD6A
:10B870008F9F4A1AFC2B8FBE2B22515123BD85432B
:10B8800083A9A085EBDEAB00A6425A7258E9C55DDC
:10B89000A7803420B986268A584EFBE78F549486B9
:10B8A0009BC8724E72CED23C0B1AB33C244430007B
:10B8B0002796A35148C709225BB8430B5203AA0637
:10B8C000CECAFBA323585655269F57C04CC3478F5B
:10B8D0005AE7690F927EE200C2188DCC8B4FCE8161
:10B8E000398BD27D45F6545413DFC8E1C0880F88E8
:10B8F00085CDC77A7536A7AF84E89ED56593D1000C
:10B900007E65A9993FB35C54D1FA1B496F318B8591
:10B91000004ED4B9EDA7DA235DFA01EB7CA17B0FD1
:10B9200068246606178A600084C6A734F9BAA5E0C1
:10B93000ECB6AD030C9D83F03FA8ED86333D73CA92
:10B94000CD019D13D735B78BD4BC2D41DAE05A0019
:10B95000DD15D43083E0DA431B79B0BFD345411FF6
:10B9600019BF4B05D0E5ECB2273F9DBB42CED3E6D5
:10B97000BB16CDE6AE2EAD00E3B4F7A5EE109B31BD
:10B9800039723FF88AAFA9FCDC882194A7901CEAA1
:10B990007893F5A7C5CEC12901D86AE26AB10D0036
:10B9A000840DDD065F8B80381C140D4C23C3D6E557
:10B9B000E504C9D6FD5CAAF8B52D927209CC10E752
:10B9C000516191D13EC8150070519F5D893FA1F032
:10B9D00003F80B741C8D71B33D8ED76A0EFEE39D88
:10B9E0007FE51AE66F89359FF575EB903D2A450096
:10B9F000E80F0F931F1B098E58BF99B2BF490DED79
:10BA000070B3A3B77BCEC44900A38F8A938DBFB414
:10BA10003D454EB3C6F41C00C133302576A6AC0AB2
:10BA200051F27246ABA15D3B6DACEC3B97EF849756
:10BA300099864C62E76509E7B4CF84193D7C8E0096
:10BA4000897B0AABD714729E179F5F5B0174142326
:10BA5000FE0F2E82906E712F79E97F9AFC33CCF61F
:10BA60008D8909B8633EC800ACCFBB31D3FEA28933
:10BA70000EBB1A85215D27DEDAF3BFE6723E18653C
:10BA80003101E39300B1470E417FB7D52048C20092
:10BA900011B5E6361D8EC0A27F4EBFA07CCDF2B799
:10BAA0003258393E813143464E9D2FA1FF5192318C
:10BAB00080DE7F113EA6020010A6FA6EEFA5B06EE2
:10BAC000400DD582225CCD04CA25E190310977264C
:10BAD000A830105F8F11B306F0FBCB5A906A850037
:10BAE0000996EE1143193D150593688D5A8E52A1A2
:10BAF000778A71AE655AF7E225BB21738F3CC27419
:10BB00002F55CAE0AA485C006E59BB14A99D51C2CA
:10BB10009A4B41B1B08015E6B06A1FBA6647BFE8DC
:10BB2000D218A6031781387FBC6EEBC6C5D434008B
:10BB300019DFAD02E650036DF13078DD6DCEBC0F3C
:10BB4000B0902198402B06B7E5DBB055098315B2BC
:10BB5000FA4404DBA72B1300C3E33F115C9A77641C
:10BB6000E1F15ACC2AF4AC3455FB62762C5072EBDE
:10BB700054002D99CA14ACD76A25C9B16697C5007F
:10BB80005D1D3423A82EDE6C3B00083FD170BC1134
:10BB90006B85B51EF52156B1DC3BA0FE72194E39FE
:10BBA000AA40041457657E004092D6A6BA65ADE857
:10BBB000E8BD48F53BCE66F56B8A440CD50D3337AE
:10BBC00094D019E97EEC8856FBCA26662ACB600021
:10BBD00067E477110A0E6C9A28F42E903D75F5955E
:10BBE0007E1B6A600D5A974E80E3D954AA4ACBFC5B
:10BBF000A4CD39A5C7006A00D3428B16F3DC5E3CA6
:10BC0000B844F89DFBC3E78A855353806011DECCAE
:10BC1000D0CC0A3E3A25721BE99A5936EBA0410076
:10BC2000DF949A6C79DA77B8A1D86FB3B3906E725B
:10BC3000214340A48D792637E2B86F8745EAE7595A
:10BC4000CEA836185D6B71000C4711FF9EB2FC4206
:10BC5000385156C3B00C29D1EE45D3014F66BBB362
:10BC600025576B515B91781D613BA45AE6C83100A2
:10BC70004049BC500752D7B9F4C91578B79AEEBA03
:10BC800055CB92B6E67907D6F773F57827AFFC4D1A
:10BC90000406F740AF125500A2CA161CAB34A51E0D
:10BCA00008DD2BD9ADF4C8E0FFEE4F5940B312F1D7
:10BCB000DB08F414A30242FC4A83D4CA38AF8800DC
:10BCC000FB6EABB525F3FE42187DD4314D72651382
:10BCD000C70B9C19172EED57FB1AE57F1DD925239D
:10BCE0003E33DC454862E400C1C116B796E8DE0089
:10BCF000E3FDC4668AC03ED07609C0C20C5AA1BB1F
:10BD0000C7B861E86BD67590224009DD868FBB000D
:10BD100014CDEE4E6BBDFF7853E23C03A136FA968C
:10BD2000B21C90E50E8FABB9927565B838BBF7A021
:10BD3000723CC95889CBD700C9261610C1023859A0
:10BD40006F415A0A49212670533EC667EDAB6CFA23
:10BD50003669FBCCF4819D74A485B214C0096100DE
:10BD600056445D118072AC467ADC50101234FF5D8F
:10BD7000955110061CFEB6FCC93CBB135B553F1029
:10BD8000CCF204BB8798450064B61238FDAB301185
:10BD90004103B46432F0849BBB84C79BD9A2588A08
:10BDA0003C5E59B979FE5F7858DC72CDA01EF10077
:10BDB0003E19FDF283D3D62588917488754EE788A5
:10BDC0004A54EC51CE43A789B2792A4FF93C2381DA
:10BDD0001211C73EDFF1FF005BB2E364D461AE82B3
:10BDE000E099AC3873FA90B8CBB273D28101FF6698
:10BDF000F49D47F23D26FCCEDDDB81E44B6E08006E
:10BE00000D435A35C9813870735379BEAE178152CC
:10BE1000A8D715A3DD45D6DD371D56895E18BC763B
:10BE20006532890FAFC4AA0022872A83EAC10D7741
:10BE30001C58B52129CB3116F74352A6981C42C194
:10BE400015C83E9DE9BB5B6335A68CEDBC1EBB00EF
:10BE5000B6310AE28614F52849F185D75E84459506
:10BE6000140697DE743B44C761CFF7826102481025
:10BE700019C08DA5C5C867001A1C87D143F4D02509
:10BE8000459CF47B6F42FE33262D75654011C05BE7
:10BE9000AF7F6F2B8A6A6899414BED57945CEE0037
:10BEA00020993CF3FBA8CB80558BEBD5904EFA152F
:10BEB000CADB6012D53834A8BE30B47941F9DBEB67
:10BEC0007D6501A305AD4000063B7861DAAA1198B3
:10BED0005D59E8B7295AC1A2D3DE6A3500806A8766
:10BEE000E20F8D9D3E06453D8F251C281F0C9E00B0
:10BEF000326B7E5EBA6C8305F3A9178E5DA8DB05F5
:10BF000073F777B7E4291F72B371E3A593DBD0D938
:10BF1000BD4BDBA1963724006EB3B85F5FBEE03D3A
:10BF2000FAC88CFA74B4ACB857E0F4E4CE307403B9
:10BF3000E0438280521D7F107D5737DE5009960006
:10BF40009324FAD12ACBD084371345174B20CBD179
:10BF50000E8388279CA212F5F5C245577AF6F4DEC7
:10BF60007B9ADD646D4ACA008456765C111E897422
:10BF7000724A4AA9BFDAB266AEA6B2CC008CCD80B6
:10BF8000FDBC1CE2EAFF81F2689E1E1F29E4DC0072
:10BF90008EDFBA46110A74CCBD3D93C36F1750BCF7
:10BFA000E3CDE79B01582AB86DB4487565D7C32126
:10BFB000A333E6CC5803B6005AB076220C9844A4BA
:10BFC0006C154966E4723FE6137FA59D216532CD6D
:10BFD000F4199619705AD62F7236D16FAB219B0087
:10BFE0006AD90DE060B46E0B90DAEE8B5DDF4537F9
:10BFF000DC6BCC755328DB8520106BEECB8F132DBB
:10C00000DE6F568D3F387400970105A118E0AECA67
:10C010005D09283C6762ABC70DA7D124BD22E85655
:10C0200011D16667F5C39861A33C8B82D79838001D
:10C03000A4EAB9B3DADC047CF85F0D6C5BEDF9A916
:10C04000EE1E81B81FD75358E17F1B0B1D53A97CEF
:10C050008D82D708633F1200C9C4BE5DE8B08E5F11
:10C060002A62F492112F33B4781C6419BF30FC0497
:10C07000B67EC25B2EA01FDAAA9110AFE9285B0042
:10C08000A683B6F120D6FC0A3B2E8C14275D96A41D
:10C09000E9770A5DBF837D83A406D334DB13DE20FA
:10C0A000ADC342A9582C8300ECD2078AEF9DDC4334
:10C0B0008A2848BB38575919AA2C1BC58911C43581
:10C0C0001C5B3084EA35794DAA9F8751A2DE8A0035
:10C0D000BD55F5AFB5C025E92B28051AE480BE7E15
:10C0E000076D64838BC42FCC3987F3230AA13E30BC
:10C0F00045AB1206ADFD0500C4A9F68E367D3E6F38
:10C100007832F06F273C759581F8DCEE7330F89645
:10C1100051F6C6C3C822FEB550A86A15CF526C00AE
:10C120003585CD35E2EA18CC6D01141C45991CA764
:10C13000756A026D83A0433D6DF442E5803E56581A
:10C140007958E7F336AFB900217C455AA6421D1B4A
:10C15000ECA1DF3B2D07D35609E2A9AE0626B102BA
:10C16000F4BA030BDEA551DE76E77C91A7FB6100F4
:10C17000DD56E2100F4FC671B48A183E4D57F66C6B
:10C1800058BE423FA422BF86EAE9380260D9FA28A5
:10C19000A2481F8EE854ED008F258F29F0E65464E5
:10C1A0008C7BB72ECE6A254A5A7A919FDB002132CA
:10C1B000CEDCD28E74AAB7EF286B5BD4E54A5E0062
:10C1C000E82E534076FD0C7A1D372F0ED6418E3B5C
:10C1D0001D71F44127BC18FC4776E5EA9D22AB4A65
:10C1E000C9925E7E439CCE000DEA869D38B21F80C8
:10C1F000E3A7642A90E4CC1BB2485D23A17EC888E3
:10C20000127015FCC0EFDB2489AE80B90A1F7300E1
:10C21000AC6089D0A5E374F26C38E913B0D6EAA516
:10C2200094A536020E730E054F3B32385603B113F8
:10C2300037D45FB3F148FA00AF08260D3539D5423F
:10C2400054A995A972BFF18154104B376B4B32EB57
:10C250005FCE9095100B65B8DF5A58D6A01B7D00B5
:10C26000EF4302661D411DD3C37975B9FCDB1C1D6C
:10C27000A1E16EFEA247AF7FA53B90310E198E3C27
:10C2800008982F4FCA1EA6004549EC2F585C6161E3
:10C2900056E00CA8571D35CB61FF25181EBEB70F01
:10C2A000E2EB5FC0DD4A193D770E35D04D5EA2004E
:10C2B0006EEAD11B43A7912A62C7B4E2F76B738978
:10C2C000EB4E5CE00114ECE4AA1F22F6D8455F4275
:10C2D000963CDB6BB5549800DE8B09A0D86CD0F788
:10C2E0008071A53EB61B345DDF269554BEFEB88135
:10C2F0007BCFBBC203F3AC351F81E179842C0400F2
:10C300002F8DC75F263E7A211A1E36604EC515DE78
:10C310004C2B11FA54A2CF10E2C96CA1148C7423D7
:10C32000DAF92D54269DA3002FD4385E9A3EDAD731
:10C330006BF11078CD0D5E1350A176EBB251114622
:10C34000D77F1A9F7519217EEC5A88AB5F2973003D
:10C350007C27D47429989EB3C5DF430B71C29B130D
:10C36000BE5CA0839F2AFB9FE40974AB9F85205F7E
:10C37000C256679F9C741600358F0AE659C16FC27A
:10C38000F09A6D51E6E011A3F00E54642A8F14C0A8
:10C39000C186B9C5EA662BA5126D230E63669E00A1
:10C3A0004529A5A8E64FBC2FA6E6BE36770C572D2B
:10C3B000DE89CF6E22A45A8641C2EC4D82ACAE9586
:10C3C000AF66A15C39D803000363C0FEC68FCF45BA
:10C3D0005880E704F8924B5362B9D39979282E1606
:10C3E00037BA052D968292315CED8228BBAA9A005D
:10C3F000572727C7A44EFBAD1AD3520A445EE14526
:10C400008F171E0DBF7FF3A5ABF834902EA8935560
:10C410002FBD31DF2DFCD8002A178A0A54A8D9B0C5
:10C42000B3F6FAF1334954E0E11FEB35063BF19DD9
:10C4300045C1892B7C34A653521881DDF06CCC00A9
:10C440006160849A3380D82F3673E946D24B9B7C47
:10C450001633BD7F260F3B9D4C9E229A3872B871D1
:10C46000A4C4D96EC246C5006FFBB557C7A1FB7502
:10C47000C178DC965FB6461D7289AB6B739B6ECA42
:10C480002E3454FDA6F47191EC3B5DFE4204720023
:10C4900049EB57EB4C257741014EB8B59516128AFA
:10C4A00069E748CBDAF19FBA78B5C399ADC70543C0
:10C4B000B03F9BB660EBD9000F3E48A907E72BECD5
:10C4C00067565FDA95F1D81B78B62BE7CEDF77A8F1
:10C4D0007B5CEF93588B31EED24CFA843F0C2600F4
:10C4E000B93F8B2DFCB4FC3E1AB0BA75BF67BD8155
:10C4F000D0D9A5BF51B1BB66F91F59F4FB463AF834
:10C50000E16DD75F48E1E700FE650689DC3814502D
:10C510003B4C3EA0E28138DF82BDBA6678060371EB
:10C52000C9D8721E0CB2A4503375C760907E6700E4
:10C5300099C80979DF2BAFA7AFABC50897FF6D236B
:10C54000009087F1D8D57D68D7C55B9C8C7486F246
:10C550009A7B83B00CEDD800538333CA0D3490D04E
:10C560008681604E70CE4416DC751F954C885D0C3C
:10C570004F4EB57C271E9D808E77410F236E610044
:10C5800038C6FB9740151512C639ED03B4F318D21F
:10C59000EADB9A18F0AE83A3FC233329EE1F47D4BD
:10C5A00048AD71B6E5EFFA00F7147DFCF5B85FA36E
:10C5B000B234B04AEB5F97B3399C8B00F242F97CFE
:10C5C000037EC18AB47ADB25CE5D52120DDD0600F2
:10C5D000F32DC249F18ACBF9BA39BFD45B4548DBA8
:10C5E00088F0CC12308EA19DF27B8E6D9C1E7BC894
:10C5F000569A077F13DCE10042BD859F528DE4CC43
:10C60000CEACEBFC547652E70B1B5AEE73B4AA8700
:10C61000AC736E8EE545F358526948F87DD99D009C
:10C62000E034A11863A899FFC847B93AB2372AD1B4
:10C630005A01506CBBAF148A0DA6AA74EE8B085237
:10C64000E6CD4EC64C004D00A61FDFD790142AB091
:10C65000E17CD2BF3BE12DAD32FAA68401B2B01F1E
:10C66000BF648F7B0C1E8D16E1E7CC0D5AB4CC0055
:10C6700025C35A742F846A3082CFA5A7BF288CE0C7
:10C68000B3DB600891DEA64A30C2A3A5734F21CC6C
:10C69000EDEE1CF8C76C43007934A798DAAEF97058
:10C6A000B901EA9F9ABCF339E516FB48BE22670838
:10C6B000A3A0309F1A9BB97C6AA1563C097605005D
:10C6C000CECAFF57370F2D56E379E4EFB64F3C90B3
:10C6D0003B4F82F05DF48FEEF1AE17E92C8D69FCD3
:10C6E000BF9C350610A80B00BD3BC22F62D2593348
:10C6F000942737D718EB6A47B41C1FFF6138B3097A
:10C7000020FFDC8CD95FF24951DFC925E0C730003A
:10C71000C09B8D1147DC78668C36A8472B649A55F0
:10C72000420B15451A5731214CD2F0BC5694CA051C
:10C730002C7561C54B37A6003AED3866EA45A7244B
:10C74000D3779A810230FE50B6F3A0F56DC796DA22
:10C7500080E0F1D10A75E0EBEE55F1E84998480028
:10C76000533618EBC4C32125540302367EC5A5DE1B
:10C7700084856112647C1BAC414FF380809FE4E7A9
:10C78000AEF73215976E8C002622B81E9395DC7397
:10C790008A1CBBE66D0F2E54027C9F09C8B50B04A2
:10C7A000D6BD3C1C683C43F1D46BCA2A71500D00C5
:10C7B0000E9BCB3F6C29F1901791C02EFD092A6486
:10C7C00089C5312C415DAF4DE4FC0F6A6620F61738
:10C7D000F4C93B45A0716E00FD81227FFD8D3E9323
:10C7E000C04B86853CF5772631238CC380D7B34177
:10C7F000B453FB14898C5FBADBFC8719B6F3B30022
:10C800002D02457EC8C764934DC04B171A723EE097
:10C81000E4D97DE5C99D76CA1E811F1F838B4928F7
:10C8200018C9B260993F2B00DD7E5BB0C4824D63B6
:10C8300019FD533D373558C4EB04F3A60BBB4E2806
:10C84000B2CACEA8A69371A80A3B98ADF543E10001
:10C8500049827537654A164C6D0A94A881AC525CC2
:10C8600089E6DE2563D5FF4F28A6D8D0229D8129F1
:10C870003E9F0B7DC17CFF004433EB62EC50476868
:10C8800043742EAC0194248C6D248681EC512AC90A
:10C890003702128855BADE0AB261AED4CEDEFC0091
:10C8A000746B1036D10DB3997432E263D1713FAA23
:10C8B000465EFD434394161937FB7EE708E8FA48C5
:10C8C00073E9B66E38E6B900B4A2E33CA3842FC284
:10C8D000BF2C20609F6D544B47A2C3E28E93D3F9C7
:10C8E000E5B6B60777AAC9E06C7EB1D1670D160030
:10C8F000DA2D6A4088873E6BAED15CC6129F6C1AF7
:10C90000E9FC7E8A51F0518AF4E52714F406B18DD2
:10C910007B085D55F40DBE006EA6DF62F31DD043AB
:10C92000267082784553A9589B4D4D6D8CED0B4A6E
:10C930002154AE749DE215FC4A8E8D534F92B30084
:10C94000DB9ED8E74A9CDE7D01621BE00586DE6E39
:10C95000FE47FDE704D36C85655D078CB8824E4FBA
:10C9600037564FE2333D4900BDFC046B08A4AE8648
:10C97000FA51B69663D5C263CB41F712BAB0CD2C4B
:10C98000DFC5F15809F4AE4E068AF3619E51EC0002
:10C9900021EFD0B5EB16D59ED5E7696F8BB66E59F2
:10C9A00095AEA68C14CDECF93FC2DB44D0C966D459
:10C9B00085125654062A920011CE910BFC1626764B
:10C9C0000994131D31AD133519899844A918CDB6B2
:10C9D000730F3A1EABC776BF2AF7BD8959F78C0093
:10C9E000CED042D3A03CB5C98AAEC1A0580DE30554
:10C9F00071C7E93A57631FD50177BAC0BEF71299DC
:10CA0000F2AF6DE7B8EF41009B4D07B96A9CD38840
:10CA1000127AB9B0D56E5AB52C7712B470BABC1070
:10CA20003DADCED3DEDD8AFC1E9FDAF9763694006A
:10CA3000133DED48493E6A85A9C8B790B66E95F199
:10CA40003832153E4D8F5D473815E047BDBC41F586
:10CA5000B8CFA4D951479900F01EAEC9E57C83A593
:10CA60006C614924E0B826AB994814714E9DAC65C1
:10CA70003C3299BF27C9ADF5E69C2EB606BA5A00DE
:10CA8000407D8D9A648D27B766FE6D88ADDBEDFB2A
:10CA900097710F292AA5A55986FF8F1174C641F2F7
:10CAA000D772C086655A71006B9966C828045B719D
:10CAB00017290D42ABF48D1D0106D645D287380BE0
:10CAC0007AB9140DCFD567A0BCAC109C2EDF3F0007
:10CAD000085FC58742865C4AF89FF1A42F2ECC03DD
:10CAE00068D42E1A64628FEE64F007726E5204905E
:10CAF00018D400D49EEF9F00E77929668D42D6AF07
:10CB0000875E39F6DB3AE0C34BE07254BEBF0929B9
:10CB100062B9D9913D1AB7A0F129103E3FF7FF0045
:10CB20005EE002E77CB475F004907EE0C7BEF29F41
:10CB300023AD9FCE8A6277A80ABF7B71C26A537900
:10CB40000B5613CA350D7A005B550974885FF8A738
:10CB50002C01C96AB25480F2F28D9BF0C365323A5F
:10CB6000B46B21FE6BF48E292B6382B907EB0200B4
:10CB700049840B6A3EDE0272C1577FFCC729D0EDA3
:10CB800051ABFC6C1D81A922BB0A3103FEE934D1F3
:10CB9000470F8CFFA8063E00700A33888CA3F39BD6
:10CBA0005A55BC221E799AFE6E739898ECBCC74DFC
:10CBB000D620DF65E10D719DB62683E6928C0A00D2
:10CBC0004F53026F187BA34EDA525517FFACAAA140
:10CBD0006BC0966AEC4C2857234020D58A2140CC64
:10CBE000FB32A86B05B40800FD5FA39D4AD5629A8D
:10CBF000F6EE3CC21BEFF7800334C25DF43D628E5B
:10CC0000F3731B2402FED6B144956097E239DC0031
:10CC10009CD990A973F33451403BFD160C281C603D
:10CC2000F33491087EE6CE020EE7B7C5478E90AF8B
:10CC30000E6C7DB9AFB9BF0057E97BB81C48B05640
:10CC40008C39A2D82E28ADAC81C965400B84A4CC08
:10CC500099FD96814322DB3B98916571DB643F002F
:10CC6000B454E0350617DE4D2C41457EA6E7515100
:10CC70000FF597DC672F0E1D6EE90455172CE36F37
:10CC800036F4381C270D4100EB1B2BACE9A31BAA83
:10CC9000A5ED7C03E7805530E1EDBC3EE186B8D0E0
:10CCA000DCD1AF862F01F530CE8F4250590E2B00CC
:10CCB000818DE1ADD9A4D4B6C9A744599486ACE717
:10CCC000CB981B433965E777EB7AA9FBBF3BBB5A8F
:10CCD000A8D89B78DD9A5A008649E012DBB35A3215
:10CCE000022335A2A4832C6EBBF8A9ADBBCEEA3BD0
:10CCF00030E711EF33BACED4D8FE9E3543A7720089
:10CD00005107C11491F9DBD2735F2E5AAD4B0E144B
:10CD100049B7F586F8A6585F17FAB63327AFA0E2F1
:10CD2000C58454AA2F759F0032237B4414D3767395
:10CD3000ED619CBD1E8293317F226DAC6744DF00A4
:10CD40002C0C62B886C8FA6B46921DE4F489710017
:10CD5000585B7DA76676064020A41246B6B5090644
:10CD60002DCBD153EE568507E46793225E9CFE36A9
:10CD70006C4AB9FD16DAEA0034A09BE82400039659
:10CD8000F23D479CBB2D5CD11AE777D3AE86DAB56E
:10CD90002CC6930B2BC6CFDEDC2DB78B469D8700B0
:10CDA00074C2B793F7FB1F2FEEEC7D24B5CA7F2129
:10CDB00031B7496090A94B007C2FFC51B3762F739B
:10CDC000291CF7BAEC42A40029D72D4F1FFE34CE00
:10CDD0007BCA4A16FF891154894979D26F19EA0A28
:10CDE0006F4DF3F86012E6D59453346ED9CE7B00C4
:10CDF000718A15661624B83CCAD16921C346EFDF93
:10CE0000112278300D1D6E4562707A36228BF448FF
:10CE1000E07AA812AC2ADE00D92A8D0E291CEF0078
:10CE2000A0D21EDBB19DAF314A49A8EDCA887D2949
:10CE30006E0D3A8E4473012F84CD83586268F600DC
:10CE4000D952D2C7FACC29D5DCBDB31E5B61F8023A
:10CE50003D3FE79318ED8E20A2950E12116096C803
:10CE600014A044EA904ED4003AAC0FEA9B4B0DC795
:10CE700092D052FCCB018B5EBDB6BFF56961DF304D
:10CE800001A84FF50E879835FDF7C686FEE2E30050
:10CE9000A56D9AD4623CE892B503A191981B837169
:10CEA0006DDA793CF84B81E035AF4C0BE66BE01D59
:10CEB00039D2D680188EE7005F758368F206189322
:10CEC000D443E9CDEE0C86D39351951D61102A9180
:10CED0006ABAE4AA3E7232A5AEC5071851B8590025
:10CEE0002C948411C450D7CE247FEAB5989B832913
:10CEF0000C5A242550CD81FEB0ECA5168529EA599F
:10CF00002E4029672B49800056220C808DD1A04CE1
:10CF10000596AB3F1ED18AD003025ED92DF33D4763
:10CF2000D619809D64E3BD8EB482ED66A21A7B00A3
:10CF300012EB3D1CA3CF5821CBD9A6A75856397A5E
:10CF4000D4EBCDBBD26A6AC084F43FA72EDC9A8CA6
:10CF50001EA6EB16709A9A008D7CDFA554B58885C5
:10CF6000569DDD1A5C1BCE1B73EA8139B602CC4498
:10CF70005F72D97BBACB177647B6641837AF3400E7
:10CF8000830E9676565A20EA13AEC6FA2F902CEAF4
:10CF90009FC6FD406FFF051908818BA5D0A40AD854
:10CFA00063BC2B02CBC2A800DCDC887786D6C330FA
:10CFB0008913D49F72EC379F75319E8FA41DE0E6D4
:10CFC000EFEB909A12CEA32ED1D58502F2390C0048
:10CFD000A5B0B53D21242D7B730FA983906006AACF
:10CFE00071D61CD8DB1455F2AAA22E4D0F2D57FB7B
:10CFF000C46266B568B84D00B73BD570ED4D0841C9
:10D00000DEEC92DAB10CF626C421616DDDAD9D1522
:10D01000A558827AB01C706E02B5E57A81D4D10031
:10D020002F05F5FD561EA6931A0C32DB1562238CD4
:10D03000B3A22ADFE50F8B5AB446A12D955A16826A
:10D040003A15A467CBE62D002BFF7E14794DFF0720
:10D05000C7D7C10AF0C9D41780BC00BBF2C43C409A
:10D06000095B632DDD9F2DD73EF91DFD1F973A000B
:10D0700004DCCBBE02D22D50644C5636C7EE59CCE0
:10D0800023E3D05EB678C65ADAD9FD47CFE0A96669
:10D09000743A8EF3861C5900BE714B6B52E3EE2E30
:10D0A00000C61A5AA33A5DCB4A9198D5EDD572764F
:10D0B000BB7C018F6F338A19B33CDCD1D68FFC0067
:10D0C00011B2C732A7D0F999891E4E432CB4F7B9D3
:10D0D0001EC7A450813E4503557F842109649246B2
:10D0E00090F503B2175DBC00ABF2F22D102B1DB70B
:10D0F00009A8C88463204B77A2E9AB9B249D76BC2A
:10D10000648E6A37829E1D9EC525378ACB70AA0021
:10D11000447807BF0C719D70D749C71E37DB6FB6C7
:10D12000C8D0DB0F0D2F32027DA664421C9D8D5EA0
:10D13000F7A48188727E0B00A48FC7737A01A35E67
:10D140003E699D817E74493DCCADA0669F051EF170
:10D1500074086212C98B33F4A4D43EEA5A2B4000FF
:10D160006DDD609E6EFBCC069AD9A1300FF6B9FB3F
:10D170003F57B76C73B92B226330B3373BEB954005
:10D180009E68260CBFC866006221B3050DE6A5AAFD
:10D19000532FDB1A2073FBBE7E5DD6DC68C1971E61
:10D1A00083BAC691A21B05B498054F3FB0EF71003A
:10D1B0005B5A11925FAD350C76B9209BF956CADEE9
:10D1C000FD647415D580DC22FA09EABCF3332C1D0A
:10D1D000E55FA323A8A5D00072CD4B440459CD76BA
:10D1E000F1C53335CBDA731C3A3BA88F964E5744C2
:10D1F00088F44C086679D2D111854DAE1D67970031
:10D200006F04E18A617E90D26A00D3A060DF462677
:10D210004BBBB10C584CBBA0CFD7CAF36BAD96A09B
:10D220004844495C26C35100AD5CD946DE2C0174EC
:10D230004D9452BF863F713CAF179824CB392414CC
:10D2400014167DA6336749FA95B281C0720F820029
:10D250009140CE482CC0205D3D1630F085541F799A
:10D26000B23DEE1BF00420D38B547395263ACD507B
:10D270006E8A9900184EB5000C30707CEB94452FE7
:10D28000F6E39502156B71BE53C608BC9FBD9C5258
:10D29000A4CB8B434C911939708D927417E7DC0045
:10D2A000BD4570DC03805ED54C226CE6CC334D6905
:10D2B0002B9EC9902350A69BD0A41AD2BC2EFAA7AD
:10D2C000272FFBAAC499F400C8599B042B4CCCF41B
:10D2D0005DB3F5FC9F9B7AEA40265E20F3EE1629AB
:10D2E000B2100C9D667D7AFDEBD255E97B397F004B
:10D2F00084E5C03EAE2CB3A2229CCE803297D71ECE
:10D30000C73A5C8A4B5E998ABBA0A02DC9A75D83F2
:10D310009808532445C3BC001C81E03C12CC9D19E5
:10D320006BAAAE01DC166BC77EBF588EA5ADB3A04D
:10D33000BAF0BAE0FAC45714055CA124138D8A0030
:10D3400006941BD5ABDC441B98669E2D19D5E5428F
:10D3500022CD03D259985CB94F4EBA403E50B94ED7
:10D36000D538678BA346A300B7A377A9566FCB6EBA
:10D3700069267B9D97957CD714DAFD26E62BF679F6
:10D38000BD21F09BA6CFC9C9A150B4129D907000D9
:10D39000E16AEDFAF9020D042DF2448A8E16282E68
:10D3A000994BB04313ED70A65F0EEFDEC9E2685DE6
:10D3B000837E00FC574FAE00E88EA146433C2B8293
:10D3C00019C2E0B34CCE1222F0FA16AAAE3EBF3D0F
:10D3D000877F70EAC5A3C28C043C1000C0C21C0049
:10D3E000F4EAF51ADBFA4A238B9DA7A9864A6394CF
:10D3F00046BAC3CC0220EF18BCC37B33B46CBE86E4
:10D40000A897634810D18600CA98A8EAEAE5B8EF61
:10D4100028CF3ED509F7D4CDE573EC7B832BF9B744
:10D42000C9E6F915F70A3D311A1F76C180D81F00E9
:10D4300055BB8D95AD7351957008690B3418F28307
:10D4400054DC9BF767B78E95695EA36F96674B397F
:10D450009EBB2785357E21005C2C165BFB6BDE4E68
:10D46000580E4909B6330295F7BBA3D95C70540333
:10D4700028E2B9C4E6FE85D1EC38E3F9FF9E6600E8
:10D480004420E5E6DCC01EC83C4D4DAE3E9CC824A1
:10D49000C1C8704C850E39DF10200C88F2BE96F49E
:10D4A0002C125870B0753D000F4B30CE13CB5B3053
:10D4B000416844088258280954B1686002D06A283B
:10D4C000087E404B3456DD73B012A1B09AAEBB005B
:10D4D00068A054D8D50FECEA60D94AB3DFF3EB5C0F
:10D4E00076512BF294C45194BADFD5F2A1812DCD9F
:10D4F00005E2E7D72414340050BDA87F566FCDEE67
:10D5000036D1978A5C2A1BA38014C94AA1DED2EBCC
:10D5100035B23D46E8BA9CB8BC79682A48183B0049
:10D520009E6A3D89CB1F57886D634D82D23126900C
:10D530003A6C1D2DC9C2E2F4BD72B8007B560EF0E4
:10D54000D666EC60BF083E00E5057622182B8FF208
:10D550008B12FAA3E75372A158A25CC14B81D72961
:10D56000A45E0B125FCABC16693B343D8B33B0001E
:10D57000E8BC7D03F15288E67C9103E2952EA60C6F
:10D58000484C5B35E959E305D08DBAA76083A85FA5
:10D59000A0298E6D817B6600C658DA39F75FEC7E74
:10D5A0000B38AF22D87569AA4A8E42CEC0611EE8F8
:10D5B0009DCAF1662A3DBA334B04619CEAA0310052
:10D5C0005F93E085162059F8127604EDF9FF05F611
:10D5D000A3FEC57BA19323ABE235F5EC75A6272608
:10D5E0003D657BD278E5E500067262B1380EBB4C32
:10D5F000D1D735D532386A1BD963DC78F4CC0C0727
:10D60000E649AD1520F648315543AF4E5DF834007C
:10D6100011B0C5313E009F458DCEEE61CF34E1B2F1
:10D62000B77EC11539B67F91EB3308BC4763FA3F2B
:10D6300002B9657823758D002BC235E2C15B7CE4AD
:10D6400097253231DF42916005308A48838EFC9DF8
:10D6500077E1508C9090949917D1CE190F8943009F
:10D660003454C916C8143F049B2CCE4E3B70C6A13F
:10D67000D8F0AAEEE1AD37715A570D42D42735984C
:10D680005BC0E930D64B07004A39A3650BC701BE22
:10D6900009398B8883636B5D81CC78E04407DF8434
:10D6A0005941B2EB08F9CB5412D869A843EBAE004C
:10D6B000186B0F08E5DFA10F77ED80F30850777F37
:10D6C0004913FEFDC33BE7FF90DA0D6A0116B82B44
:10D6D0009E92679EBED6B7009A718FEBE346732782
:10D6E0001C371D6AC9B47908C7D28BCCD203028516
:10D6F000179E14058A91763F33547313F0958B006F
:10D70000B5FAEEBA87DC194FE0304445952F2F8FDC
:10D71000C85B22E96C03AE9E4AF8783ADF0929CD4E
:10D720006369DF263CB4610096DA92F32F0DD82CA2
:10D7300077301D79C75F40407F27B2FC5C0D00AB9E
:10D7400010D99EAD355248E8A90657879347F70090
:10D75000499171053BE49A3206A6660550EF72A323
:10D7600002B78C02A433B99013923E30F0AE2F7CF6
:10D770004B68B61E97ED8C0059EE6E5536EFB70824
:10D78000843F64C3D57BF6F573C17471C170928A0E
:10D79000D73BD9476E93ADF0CC72A72F42EB520026
:10D7A00003EA5F1B59D7F6748E4BE03F55857AF23A
:10D7B00050E9F86A120C1CF5C43CE556FE769F7BD6
:10D7C000C3A6A5F86D7A0A003CC50F858553B2D172
:10D7D0007A186127B53BE1F855062ED155DE94172E
:10D7E00075143BC5BF976A83106E7FE74067EE00F4
:10D7F000AB2D1C69FFF43F6E0E9FF6BB1BCAB4B97C
:10D80000D7065828F6271F8B8825D07D2E7BD0077A
:10D81000560BFCBA0F024C005B0405F59D3EA45666
:10D820009DE2B273B88B9EAFB036809E3B4077D3FB
:10D83000CA7521A6D1DA8592E0248600E3E8CA0001
:10D84000EEC1F281B758F2DEDBA00D41B9C3A018DA
:10D85000682A323929D9158250B905091BD941CB1B
:10D86000C5703335B022EA00EEA517210BB1FB9B42
:10D8700082CC06E6355FE3D84A56452505C439E231
:10D8800041B88143E7AC8D20D121653EDC097400AD
:10D890005371126F6F752264F946A105973D0242DC
:10D8A00098379AA1C35860B6F10A78DB28DFA73908
:10D8B000D324D369C9608B00507642CD41F96F986B
:10D8C0004F413358489DA6BC102B82296C4D455DB5
:10D8D0009416B87BF8B11CA3316C94F39194A50015
:10D8E000C58B57EBA0CE2E2F74893ED063AFB847BF
:10D8F00026FF7FA737BED6BE32E400F99A97219162
:10D9000024B59D9A98884700B1DC53761BBB94825E
:10D910009873E1519FD0485EF022F1269E96480B05
:10D92000E8F806DCEF3FB60A393FF06506E02F0065
:10D930001D3FDAEA67A706C1C939CD224AD79C0D37
:10D9400069C13FE9C6CB97FB27D25CA1714649C9A3
:10D95000ED019AD394DEA700DB70F0125C3978A257
:10D9600083D97E755329E9195449B49997E9BD1DA6
:10D9700096A5E30CF133329FFEF79898533C2900AB
:10D98000A75E036C6C5E21F5F016233668F2947D79
:10D99000D62DCCAF2BACE49F43E9F04A578E186DDF
:10D9A000ABB4986E72D57700780C760E62AC40A955
:10D9B000AF7CC1F5415A90E9F77C38CFE222A0351F
:10D9C00048BD531E0E1BBC0D5F4930559AE3450000
:10D9D00006659E400E0CCB287011F52600DF3692AE
:10D9E00045905CF33D9BF9C54B6CC8BC8B8F2D2CCF
:10D9F0000CBC0DFBD18F3C00025F647FD79C1B6C7D
:10DA0000BCEF28E3893F4230344C59318D264FA575
:10DA10001C4187C18E70F8F3EFB2979967ED400013
:10DA20008FAB3A6C905D4A4A9BF4C005BB531F0D07
:10DA30001DF4B7729F362B1580752CD29E86FD2162
:10DA4000E0D082E30784D3005166356D9FD5B609D7
:10DA5000C690A03CB34483F5844DF688DE1CBF44D9
:10DA6000E4E6D65A150C2637131588F03DE3DB00A3
:10DA7000BF58D9FBE17EF1BC2A76DE6281F6B63E64
:10DA800050C7370610D45664596F592C65A4341208
:10DA9000A45454B9CA71770083FB805B8EDA8C89F9
:10DAA0009AB7154DBB5DD94CAB307E7ADA0EC233D6
:10DAB000485BCEC02258948CD6C9A8E96719540097
:10DAC0005AFD4CFDDCDB8562C5E5C3DA4BD70BDFC5
:10DAD000E7DE8D6E1C93DBEC9FB31160AC4AF8DC83
:10DAE00079CF057BF361E7000267CF36BC62BA1CD1
:10DAF000421D1020AD6AFA40F22B0700CB17BBA5E0
:10DB0000359E8870FD11C5CEF12DBA5B8A1A490089
:10DB1000FF4DC4F696A5871F257CA786221BBAA6B3
:10DB20009E96B525B3A269681CC75E877C09D7E6B7
:10DB3000B43D1258B74DD100BC52FF98D53A7697F4
:10DB40007CBF25AFF891BC258240921B3C7A21C056
:10DB50007800042310ED9DE1312936160D6FB400D5
:10DB60005D9519031F287F19C05199D1672B306427
:10DB7000FB41F3D093E94D7AA96511A20F479DF4BB
:10DB8000B470AD8BCA7A83008C7A9D80752ADAFDD9
:10DB9000A34161E31707834C1631110D50E1232295
:10DBA0005EB8258DC2C35960869DA9B391FDD20090
:10DBB000D457E0A4D6F2565E6113519E0CC67EACDB
:10DBC000EA9A980BACC57B546E2201DB5F8F24CCA4
:10DBD0003E81D492A16966005B37F116C39282F050
:10DBE000AA0F96804E790ED3022040EDC2979DA1D8
:10DBF0008D305A6B7EA6241332009701D0E97E0047
:10DC00002617EFAC177A89429BC8BB2791726368CD
:10DC1000F53A7964FA3939FA9EAB8E18CA83F084E2
:10DC20006C6F88A9011E26007C08BFA80A67ECB1AA
:10DC3000B7CF46BDDADA39DE2E220510533760C47D
:10DC400048D82C4F6DC0438E571C0FA6CB7ADF00EF
:10DC5000A4ED7B0210B01D138B523F770AFE8F9C00
:10DC6000D1FDF6FC3B8E9EBE23FD6EE8A7289B6986
:10DC700038040C4B2CEBA6003CD198A0F732873A25
:10DC8000B91D3CF4AFC3BBA54EC96C7C9146BFB275
:10DC9000D82B516B10DBE74098CAF93EB794D900F6
:10DCA000F9C1CBD06F121FCED5558543CE99BF5B3E
:10DCB00037F570FBDC64B2DC17847E036A3967F7E2
:10DCC00037DDE4CF0C1F400061851479EDCAC49C98
:10DCD0004A3D35F72BF28596E0549E9CBACEE93248
:10DCE0003AED14AE4C333FD0DF7412B468496A0089
:10DCF000948D6C621C5506EF5FB2B300FE2B9995B4
:10DD00008516BB082B14585ACB6B91D6EC2C596254
:10DD1000A20DA0DCD33BA4008112930E18D368F2AD
:10DD2000D497647F1D4292510D574DD2FFCFDDAE87
:10DD30001A973E1361C85B2437A3A5B002DCC90063
:10DD4000DBAE81B01A46A2FC9C4D5A7AE438F94009
:10DD500004DD6BF6D45278730388DE29B5D99E7042
:10DD6000ADB0EDE9830BF3001C891CA065AEC77252
:10DD70008226CC2C82BD797B3CDE9F5D4A940310C9
:10DD80005533C515A55DFE520D82D2A7D1ABF20069
:10DD900024074641F0DE53CBE8C982B744D11D3B8E
:10DDA0005695531710E1E44DAFAF761E83C08AA39A
:10DDB00017DB40B9E9BE8D00BB1E1E0BE26617AB38
:10DDC000A4BFB3D40EC9A51FEC53AB3EF7A390C8B4
:10DDD00073D812FF09A7D6A18FF4B349499E0F004B
:10DDE00034476DD0457876B8984A0BCBB44EB31D06
:10DDF000CED8CBE8BA564E289DAE3334F6E3702722
:10DE00000A7D1532907239004421B4B3BDFA671D02
:10DE1000A708564721EF9E31AE0D2116EF6014BEC4
:10DE20008A7304EA299DB4E68BE52045B27FB200EF
:10DE300048E2868D50C32933E67CF8D7D53DB658E5
:10DE4000D73266E2BD9F402A87F644CCAB0355C368
:10DE50009E6201DC5B167400AB8532565AF1FD05FB
:10DE60004F4B5E34469323D329FFCA09B045E8B629
:10DE70005ECE05A9C294EFD3521A9F6FA808F40092
:10DE8000D6FC2F94F44F9F4AC56DAEB6EAA7D87A58
:10DE90000FCAF3F4F277A1E7EC1FDEA3583FE9EDD8
:10DEA000A37ABE41E71BDC0081B6A2DF0AB8B38EBD
:10DEB000BE0FF237E2EFA5D077E9378669868AFB95
:10DEC00031F36EF24BA02E78D7A06DB015269E00D0
:10DED00031C8A0B18343962A40FBF650EFFD2B9941
:10DEE000A32DB037D6FFF61D9F24677E5478BBB4B0
:10DEF000AB4440090E90DA00ECEC28B5A2E62CF316
:10DF00005379BA1AB005E9904465E1A8A725A99B01
:10DF10002B641780902D904C9693F45A3D786900AD
:10DF200054E4A6C235ADE2E81EF065D4225C7E7FE3
:10DF30000A194822338704123A0A1AFEF6ED31BA5A
:10DF4000921F04693E2E020073372D5658FC506D07
:10DF5000EBAFDC83A21979554F1C8598D379A45770
:10DF60002847E20E403A110E4C47DDB7911F0800DA
:10DF7000223B25CC8E13EA87E65D3F035AE2A4E9F3
:10DF8000306805F6FE5EF9C6CB680EBC28F2B630E6
:10DF9000CF2A22FCEE9C19006BB458B27DBAA301C3
:10DFA0008CE049FCBCF73A6E66499F32C69CCC2691
:10DFB000B8160043DF9760943D1A142510FA350017
:10DFC0009A808E6B560886E91786DF393BC010E9C8
:10DFD0000495BA4F4C273AD7A6A76D6ADBCD448883
:10DFE00072B4A65B40ADE100332929E0500FC9931C
:10DFF000638F6D27C9CC8AA274A2E05CAE35A05AAB
:10E00000CB942E9348CC58D88B6F132305C0DC00DB
:10E010001577C8187A7ACA26E407918C27444627D0
:10E02000C4B61582E0411AEFC5CA6F694EC539659D
:10E03000B203EAFEDCA25D0013E15A8DE07AF9C377
:10E04000E146E9123B2ABE4379925F7F639856D935
:10E05000C0A745A172CDE734080DA2171A47E50005
:10E06000C315B270C011D0936B740023691ABC6ED3
:10E07000099255ECB45759889298220D3961BA64C7
:10E08000BD58226788626A00906E6F26946CC586C0
:10E0900004DC41029730E5785E9BEF2FFBE40E092C
:10E0A0000C88DAC19C9E9A35EA83CE36E9596E0017
:10E0B00025026C6DD16E61DACD8E3610B600CD5C66
:10E0C000865A223139222A12CDF8857E0A9981E6B4
:10E0D0001DFE382991776C00F4ADB19EF15D93F689
:10E0E000D39E67FEC11755CE4FD4150F3DBB7508A3
:10E0F0005ED0DA86A4F9D8194BFBA587F72E080065
:10E1000051A287B4127EBBC834E4B90DF69044988E
:10E110008FA53C8F834E9DC07E5216603B706D6113
:10E120006B17C80B08B8A70070D1B0E33C3FCC2DEB
:10E13000D424B43CEA53D646F586E8429C46009F78
:10E14000600672791486D4434F0D38644E856D0095
:10E150005511C4C29DC013CBD798CFABC6767A6693
:10E16000D3A509F0C2874D3ABE430BD15D01CD5D09
:10E17000AF0B9140CF523300CFD61D817733F60AD3
:10E1800087D9239B692CBFB8F3953AD36977A8D474
:10E19000B18285F2C1F8FE11E8DADC6CF668F800AD
:10E1A00069104B7EC26B83F2EBA27AD990E104AC8A
:10E1B000AE040E53FC35385A4F2283D847C6A8AD5B
:10E1C00065B78252FFBFA000562346A5CAD759D8CB
:10E1D000E23D24CE53831E6C68CAF15FE398FCD401
:10E1E0009FDEFB1821BB37DF3C587135C7B21000EA
:10E1F000603B812BCB5B1FE3A69B1F48E4A741D963
:10E200004B3F616977EE61C309B95ACB73D2570AA4
:10E210007CF9E646C8826F00CA1447E89AF948E6D6
:10E22000A84511442905E0C1C30A16C89FC5A143EA
:10E23000E10BD76578A893D67C43F5CE7AAB840002
:10E24000CBA5AB6BE9F7154B064D5D4C968E209830
:10E250005559F2E30264181146451A47FFC71AAC34
:10E26000A5A9DF126F40D6008E49C6C812CA4988D8
:10E27000B504FF6161D379A6C7537CE2681D47B935
:10E28000D34623A01EEEE68FAEFFDC774404F000F9
:10E290000624B119423F2EA99B87171B3D3A61F313
:10E2A000B0006128D5C9A0A445C18DC36440F0FC6D
:10E2B000017AA8F89226AB0064D05BABBF93C3167B
:10E2C000EAF4C15A1AD9D7BBC0E5441DBB4CB50905
:10E2D00058E9AE8FE458676C2D4E348DC4915500CB
:10E2E0005F593689ADC376714ACD23948718D657C6
:10E2F000DC4B2663F9ADD845D42FACF957954FFACE
:10E3000004FDC8E44A336A002663B596DC14EEFACD
:10E31000593E671B7CE00DF6BD31F76C7D6DCECDAF
:10E320008BAF3EF6785EFEA5A22790C0447D2E00FE
:10E33000D0BCE11FC74C607FB1C879A8CC606D2DFF
:10E3400008F6B4ABE64D69DC7EB72DCFA3E063DE03
:10E35000142E561DA8A3490080EA99D283C3C9B0E0
:10E360000625321DF9F0FD6E277E803889B157FFF2
:10E37000773116FE063E89F9E221324809D7760048
:10E38000D195268B3C05C92BDBB27A27453D4980C8
:10E39000856E5B24B17628EA3936B9A5F111772A62
:10E3A000AAFDEB2CF60BD6006340DF7A709D032BA1
:10E3B00060650292E15F8BEF656FD1FEB721D08B74
:10E3C000E490D9E04F5456EF86DB409143CB600098
:10E3D00044751FC496032A2491F709D778AEE4A7A1
:10E3E0006BFD8E491386BE17A58E86FBB0CF34E930
:10E3F0009162D568EC4E9B00C2256F3AA0353B4C2C
:10E40000E5D99A155BED488EF6774E3BAAE4E29D7E
:10E4100038A2EE5024FF6ED6E1922CF61B35070091
:10E42000478C95CEF47A7B997B93AAF6B3F828496A
:10E43000C425A428834FB6D1614555270E807AB1F3
:10E44000A6B1C1CE9CB55A00193A2D4CD1CB9A4CED
:10E45000555958D73FD1D43A70B41211E17314888A
:10E460002771279817A783EA047517F873B143003B
:10E47000E221CE6622DA1428623496963A21884543
:10E48000DECB2E50A67451BFF2DCB6ABE12FEF69A4
:10E490008E4024DBCA6064002927433F604DF9E9C0
:10E4A000DA53A089A9D74F6D540231611591DFA3CA
:10E4B000FDDAAB2F10CEA29C1C5C6F2E541C880082
:10E4C0004FD928207546509B10995E09B6CD3FF173
:10E4D000085B995FE9F3732D2A12079C64BB3D46E4
:10E4E00089105FD119D70300161B46C2E8BD344717
:10E4F000A67A809FFC5725D748198D6CA48C76414D
:10E50000833C2033E8A4E7823860D9D861548A007C
:10E51000BA3275F7AED9356B7367A4B763E182FF82
:10E52000ACDB9C2241F8D016B60C23E915F6E017B7
:10E530008ACC853EBCC7A5000FBC873C8F60F12309
:10E540008E61A74B80DD2021F20ACEABBEDF3BED12
:10E550001C9B0778FEE00CFB7F42DE92E461E50045
:10E56000C553F0592F7F52F6DC6B18D0250FDE789B
:10E570006C8E6E5863040B5AD336AF478ADACBE8F9
:10E58000D7C96EA46D1AFB00224657B523C0B0C48C
:10E59000AFE1BF28BB7437E6C2C27CDD4BFAF57A27
:10E5A00036903E1D726C7F3F71435EC2642A090043
:10E5B000350A8B837AA716720D8A035BBF44D87223
:10E5C00005CD9C883CD70B13CFA4B69F2B9F663EEE
:10E5D000A96274EF824B0B0013382E0594E8663560
:10E5E000478C217D37135887C4E6C1545984436250
:10E5F00064C157114919D305F9E911F4804F380066
:10E60000A6BEC559CDA203120EAA4BB9D316B48922
:10E610005FA9E71CC48383332D5B1AB166AF3EA7A5
:10E62000816A500D3D7F5E007615F79BADA25F615C
:10E630000AD33558020CA80C15168F28C16EED02AE
:10E640008EA3C02913E534FBF8D48FC889F6920055
:10E65000104771A21734AEFB260EF1CF50907E8E7C
:10E66000D194791781DDD7724A5B37EF235DAD73A3
:10E67000462E2611545B2B00418F1E7A945EB48483
:10E68000EEA0C44FC5835181351224BC45EA8D8864
:10E69000618F9F252097BD25FD8DD72AB1E6CA0041
:10E6A0001AFBC1687CBC8D81F2F9AEFBBD78EB4EE4
:10E6B000E91A57E591BDAD7000B14F612D719559C3
:10E6C000EA917F691E0F6900F56D425DD536033E04
:10E6D000BB577B121449D75E53BC466D955019AA9F
:10E6E000BD039257FB44836158C4ACE708E2B20013
:10E6F000B5E777BDAC6E158AC82F91FA6E5518E153
:10E700004ACD1967036DAB367D7C94045FCB5C2BDF
:10E7100083D483857A00C400A38A8FA674845B8621
:10E720005B639B83DF2137B90885D12D9142DEBE23
:10E7300043EE2195A31C624B3575137FE1E09600F3
:10E74000B78F836F47B2969D2F8A6C82F1F551ACDB
:10E75000D52E108081BFD78EBA56B17499660C023F
:10E76000FAAB27113801C4009428C79C595478A1EA
:10E770002D7FB4D7A59E1667B60346960C05902547
:10E7800062F778E9441C556342846C1183278A0040
:10E790002C97AA6C82D0955BE09C7E8C5C395D7C6A
:10E7A00077B7D07DCFB8684F832385DC669C7C4AE1
:10E7B000F0C1410AEBBAE600E34AE97446341BEBC8
:10E7C0009E20D70D43F2A0009D396AF609DBC87C74
:10E7D000838701E4FBA90B523158B3767A32D60015
:10E7E000C0EE318557F2076C178CA80FF7A5C967E3
:10E7F000EFDF678DD5A45DDF550CD4112A2AB6CD85
:10E80000CC3CDDDC95C73D00AA879C74A4019846EA
:10E810003944F8AB396031042E04503CDD29717263
:10E82000A8F1EA692102D58ACE88005D5B675700AE
:10E83000E038A291A2E0CA9BA6407F2FAA204411F3
:10E84000EB66E30E8AB2C70B2B4D008D1176410E9D
:10E85000534BF7FFFEA943006F89EF1ADA1684CAFB
:10E8600067677C72B487529F01A568CDB85BD13FC2
:10E870003C5550671D8F42E75295FCF2ECDF2A00B1
:10E8800031E51E2F4B59E47FB7A5B1AD2CE139EC32
:10E89000E11FA831D0D8D5311B55490B0C265FB8E4
:10E8A00024753B6F0BFE3400A53AC64F71CDCF13D4
:10E8B0008DA48FEF287862F346C4C4FE6085A3B6AA
:10E8C000C52AB7D4055F072E433A9B7AD134F400AA
:10E8D000E753586EE1BE455FFFEEAC9A36C8B99F6C
:10E8E00062FA83618F1CB6EBD5A138C6C22E0C3DEF
:10E8F000F237B1B6621D2600DFBD01AA67F1902B89
:10E90000ED01908513819D4EF9E404CD276E5FB82B
:10E910006F95E50D6CC49D27894EB87132250D00A9
:10E92000101BD5CFED18319745DFACAE0A2C5D49F1
:10E93000395626CFF5096652EE5B22F58F3A5721FC
:10E940001E640E53926C6300855644D46FF392415B
:10E950005DF82605FAA88E39B521724F527AEBD0B0
:10E96000C62B00AD17F669A637F467DDBEFDE300E0
:10E97000FD56B186A36130DF727164B684C9594116
:10E9800007046E916BB3A9B51016BE438E500849AB
:10E9900047DF5DEC662367001C27286EEA0805CC7C
:10E9A0002825098F78B9F8B6D1A489482011685470
:10E9B0007374490B31AEEAC34754EB6E8337D00012
:10E9C0003770F40A6DF9E9D48B701AC711117C8F76
:10E9D0000AD90C2F23D932A1376AFAB55BC27FADB1
:10E9E000446A38E81B428D004273993C605BC04624
:10E9F0002B35F6971D1C9CFDCB5CA6806816C34A80
:10EA00005B1430CE2B27E29BB211DD28F39E02006F
:10EA10000CA139C7BAAE4B1024FCA293C71CAD158C
:10EA20008A47BEC070EB75D1FC9BDE2AED40D4E373
:10EA3000B1D24256643970004997FD42C4A51C9575
:10EA40004776C9F14ACA5A534742F1F7EE228D265A
:10EA50001D98CA43B2CC3981DB226373CA50FE00D1
:10EA6000C3AD36E4AEABE004165F00578F751111ED
:10EA70007C97D753925896FD87F94B95B5587823D4
:10EA8000F0D9A04769D02E00A1C66D56300B4D07B6
:10EA90003E43C760988119990B2CE61EFAB3D17DCD
:10EAA000BBEF2350526FB15B22B7AE3A63A3440071
:10EAB000D0D51C82E26783CBCF7F8B59DC542015E5
:10EAC000804B0D19B34FD9911561D7806A55631AE0
:10EAD00007DE729BF0B16200BF7AFE2C4F8C93462A
:10EAE000FBACDD736BAB6333175E66803319D95CA7
:10EAF0000EF8079CC4A747E5FC1570C2A49739001F
:10EB00000BF70267D5588CEA0538260E320B1E3DEE
:10EB1000E26E55816AD63DA4C28A0EDD0E21CD5823
:10EB200083B4F99F59F7EC00486A15C404ED7CE002
:10EB3000C594705A1E9AE818A39FA810E0C5A4B205
:10EB4000D8B1DC534C32C0DA68607878B22FDC0080
:10EB500025195F939A82F5A45DF7A8F83B44542EDB
:10EB60009A3B558F8EC6D98B2C9F14455C04172178
:10EB7000BC781224EEFE2600DDD6D5D19C7F93E72B
:10EB80006834E83DC06F57B7D33C555841F1F14563
:10EB9000587C54FF178A9394686A588EA0D8F7005F
:10EBA000D4F0319ABBFE009A7873EF77EEBA576EC5
:10EBB0003F14325D8B7626AD45902F43805608E892
:10EBC000C53C70E7FC3B4F002440FE3667FFF16315
:10EBD00069CAA0FB5B332FF730412234FD8BD3E0B1
:10EBE000FB2AEAC9CD218252E854CD6406D89500AB
:10EBF00035D4380EDC1B62068C25FD2B6F5D01D9E8
:10EC00001EB840A54520DD9C70640B6A65D44B118D
:10EC1000319FA860F7BC5F001A7663920CD7272457
:10EC200037BFD5EA981EB3DCFC334F427D4F1A1133
:10EC300056C384D3114270B53D9CFE2C382E75000E
:10EC4000853E1A5CA1447B024E8656BF615C1EC3A2
:10EC500057D7D7B1726D755DEAB6DF30ABA3F3FF5E
:10EC60006000E530C2A2F4001D03497D88B5169608
:10EC7000F78668FDC649C7DA63CD491A61A6500414
:10EC80005AA1B7937088FE8DDC39E7DD25E2A2003A
:10EC9000605A0B5F6B3D65B72EAAB1947F66FDA0ED
:10ECA000C1305480D89CAE6B524AABEB5E275446C1
:10ECB000898295FF1955DD00F08AE1219F86EFAE2C
:10ECC000DDEAD82A5A93EAA80486AA9A4C91DCC2B3
:10ECD000A540F600F2C8DF62F1E30B6FE6B2BD00BB
:10ECE0001C3B76B56ADA7A254DBABD0C2EB042349B
:10ECF0001815C4D3AD97204B887DE86B22938B0CFD
:10ED0000E55C3469B2C88A00A9FA9872D37AA4661D
:10ED100010499E654604481E44E00FC5BB553AABFA
:10ED200053DEB7A78D17E62E816A3D107EB81A0014
:10ED30000C8C59B7BA8079F3731B68A8883AA490F1
:10ED40008D0C6CBE6DEB2E7811CB501F6423B1532C
:10ED500082CEE325571E3200168750CBB9365C04AD
:10ED600060AE678702E5CBDC2AC155A0ACDBB6817B
:10ED700060995F95D76D5CEF1080A65279294100AC
:10ED80004C3A8C89F1D81C6D3ACFA2F9DEEDE3BF85
:10ED9000C7100154621BEBECF65D8DD4C33B255AC2
:10EDA000C56AA43E117A690074DD3C2B4DDACE3081
:10EDB000A3B63114409486071B535B9EBCAF32EC64
:10EDC0005C8C002A54C2F0F6959271224AA1A300ED
:10EDD00060ABB0251EE956A5BBFE0A99252E6B58DF
:10EDE00009B165101329A3E500E480B988D8416909
:10EDF0006709FDB4AA8097009692F016EF06BC6CE6
:10EE00003D5436A2F277890595C6D48E8770231FAC
:10EE1000F08619D3F1AA4595F195E890DAA544005A
:10EE200016A32D8C7DDF9DE2AAF75B58FA9179F548
:10EE30007740A143A7811A69572193AB6004F90673
:10EE4000F7CAAA2E9954AF00E08F0CC495BBB8CB7B
:10EE500005D0159E37C0BDA8A665A0283D2858CE70
:10EE6000742EE64D8139ED36DE7BD2416E4E650063
:10EE7000A10D75932C437326B60D2FD662CF2A743D
:10EE8000A2E65675A3C9207B60186127B1AB028C3E
:10EE9000515EFD79DDC6BD00EDB3948547D3BB2639
:10EEA0005E658BD549C7A1D4B9C54EE1605BF21749
:10EEB000A8ABD487CC3883F955F184C980A2E90086
:10EEC00021D479A097688FC3278354F572705B179C
:10EED00095B3587F5656D7A02CC34D85281CC44BDC
:10EEE000323834A7873B9200FF2D94B9EF966F61BB
:10EEF0002B429DA6806F3668A5D0C0C134266FB660
:10EF00001622B9BA5E3FC8D10521E314900B9400D4
:10EF1000BEC151541FE3C716C960F483182657C8F1
:10EF20003DF4E8DD16E8A2AE8EBDDFA6822EE6E84F
:10EF30005C23962D49AEF900BF568CF40982C316A6
:10EF4000FC3CEF6CC0FA3307A5489A234A90B59C65
:10EF5000ABEE686734DC23C85418CF3A875D0200F3
:10EF6000113417618933931E360103E9DDD6FF7929
:10EF700014CBA4CF890DEB0D56DAB2D12374925283
:10EF800014F8AA2A4460B800B45F3095264D896809
:10EF9000B06C8908850191E933BA2AB0251EB76C97
:10EFA000AB424DA001141746022FF3C3E629FD0022
:10EFB0005C7601BF1C470147579D74D83D974C5361
:10EFC000FA6EA0A21C117F45C4FB1EC4BCDBC7DACD
:10EFD000624423D78A072A00FE76F25CBD5C7FBEBE
:10EFE000762EB28E49B86B6F8D1CA4F662F078BC99
:10EFF00016B28A3E05E994C635A0B1C9A5A7060098
:10F00000C752A9EE8AC18FC7904C84C423F738AF8A
:10F01000ECBD58918A1A0853B5E1B550F1415D0431
:10F02000DD4AA7B4C8D2A300D7CF3FA37CED2341CC
:10F03000C3F0EABD6B09E55E59AC3619BBCA58820C
:10F040001DC268EF4AEBB81EBC5DEED26C744A007C
:10F05000DACB3568F4914925EC39AB48E3E19DB84A
:10F06000EDFBE77203302EFD1B1D3CFE0B0975AC5A
:10F07000B5DE94F6FA26B10040C63495BA54099725
:10F08000693D30E300A4979732DE68EC28C2C0FFE8
:10F09000FE66D54D15CFE8DA718842FE9F7669008D
:10F0A0009F91BDE87F0722C54717BFD45732CAC911
:10F0B00046A45AE9484CBBEB32905FB011BCB3BFD9
:10F0C0000FB21C2EB46E4D00967E69BBB89472B719
:10F0D0007C89FC0FF3A33ACCA4AE72A82972A90DC7
:10F0E000356DD4B27B2D2C6B958680225A1B660021
:10F0F000D27681BCEBA42F9A772B933F4002FE0976
:10F100009B0EDEF587B05D6B8FA27699C427398D93
:10F11000F9F89B9B57F8BD00FC2E41C1A19C0F083C
:10F120001425340DE159A38D5B87E34D89315C5E75
:10F1300003457E12257F293CB374887694C9D30099
:10F14000DE5C4FFF7B045A7FF35B288FA65D72C3A2
:10F15000477276FF7A4B7A53CC9545EF8F675830DC
:10F16000A25BA22C22F16A00D35A146762FB8A4484
:10F17000822A8808DD5322858B3A04839A000C0486
:10F18000378646533183C80B3BDEF743FC3DA20074
:10F19000AC6835089F617DDE2BC3E9044BED1DADE6
:10F1A0007449AAE8F803D3B00880C018ED30118183
:10F1B000586179299DBEFA004E97677DA018861088
:10F1C000AE6F9A76948A4060AB9A32A9D9489A94E5
:10F1D0004E050A3D52455BEE962E50ED175F280016
:10F1E000DEF52135179FFC3E068593C42BCE6E8736
:10F1F000DEFD90AD17DE9D8B1C8546A93735953514
:10F20000D8FBABCBB0A77400322731C3BE2C41A1D1
:10F21000C3845723125035D804F354AAEC74373FF3
:10F22000957FB24FC15DA53CF5676E39A509D90040
:10F23000C0B297145D2BF8DD930713BF775CBE2037
:10F24000B4D581F37660E4BAF6E162CCF956D6C65D
:10F25000CB60F14230AF6E00ED343B12F8D810C9EC
:10F26000D5BFF857F603A0DA8A7403505618E62380
:10F27000C4E80F9B1972B5B0F7E3D2B8CEBD060053
:10F280008ABE851982EE76575074D7489CB7688E2F
:10F29000BB32A28C0FF2BFFC199604E070FBC07663
:10F2A0009EEB23639BE1B8008FBA857A6ADA6D2DF5
:10F2B000973B41EA4D52B600F8D3479A19E591EED3
:10F2C000B5651587EAE0085EC20C58F4810FD000DE
:10F2D0007AC74453750D08A2FC3E7A24BEAFF014E1
:10F2E00083069EB870CB93C4D9FC57C4D753E55856
:10F2F000F5E931B6C9B759008AB352D389AAE6FEF7
:10F300000EE4B5DA27CF218D7DC3B69B993F346CCF
:10F310009C9C1C5514B904C971FB14F0B0A7E900FA
:10F320007EB126C2D97C20078E0A0120106885573D
:10F3300028F59F981E4CABBF507B7CF8AA41730FF9
:10F34000A7652098DF3C700090D4497AFF8F591749
:10F35000F5A3D4C8DF0E7F0ADBADB8720D77C3A961
:10F36000F5B1E7E68C9E9160258705829E117100BC
:10F3700068FD0304D31A115B1CAC23BB41AA7AEBD2
:10F380002F758B9F2C6028FC76AE806BAE477F2B51
:10F390009862F5C0A44B7F00EB1ABA13B5F6B09192
:10F3A000FB11CE04D970DE449182D28108ADB08BBE
:10F3B0002110865AEBA9C4E7DBD88032BF8F8F00BB
:10F3C000F719F62467CDD9ACE80E799229F9D1F571
:10F3D00042280F569087AC08EB7428E227F58CBAC8
:10F3E00020D3B2B03541DC00F61C507F858463E049
:10F3F00058E42A964273D5A286F5ADD97E719A3625
:10F40000239276CD7AC37F79F20A232AF1EC9C000D
:10F41000E6968CFD2B963AE5F6EAA87B4DA2176995
:10F42000EF66293C6D70D0EBA4A3B59E2608BFA063
:10F430007B9699AD526D6B009D9CDD91724258DEBA
:10F44000CA6C982ABD96B2DD1C510EEB3668CD9D74
:10F450000AB3CDC8AF99F5AC5506F2E83F9D24003C
:10F460001350FF697301B2D0DBEBF5CC95A4A1CBAF
:10F470009FC7216793F210BE0F0AC8FF03BA776CCB
:10F48000B975E489575D010073EB5EC557595A0F92
:10F490009BF639BD40EF6AE38101B58C35F273A567
:10F4A00072AF954D3099FDB17B282D799FB8B4008E
:10F4B0009BAF6E1F6222F1CEC6A65A5B2649F4E8C6
:10F4C000EC90CB0FD86B441B48185037903FBB567D
:10F4D000765F50C085689000ECF6BD6B6104D2AADF
:10F4E0004D9D63520FA0E4D3F7BB73F0E9B3BECBDD
:10F4F000FD16338D5E629D6234D6DA479E67480002
:10F500004C1E02BAF3A2CBB674F501FA7030BA827F
:10F51000DBECEB111C4750C934EBAB44B0E39AD1A0
:10F5200009804AC1361D0400C6E7A4CBC48873B95C
:10F53000B64A046E2D0C96BA8BCAB38C91CEE3D723
:10F5400057972F721E98FF3385E5360257A4470060
:10F55000D94EB688D5DFAEB2EB01925FF4E7F27216
:10F56000DC80E793C768CB15D290524F5CD7F21B73
:10F5700087015D6B5A400500A43D4D0F1F02A49604
:10F580007B26EDD06CFAAB4F799DBE110F84645E83
:10F59000B3A5F19E674BFCD62774EF459602DB00BE
:10F5A0006D35AB76F509F061602738F0328E7D72EB
:10F5B0003F795E3790E074A6E153C82EE824C1304D
:10F5C00050AB583E933F25004DC3B8CBD36433AA0C
:10F5D0009AD92D5C548007D54547ABBF2EAF1BB0E1
:10F5E0009BBC4B805BF2AC4A57A344EE2273ED0008
:10F5F000EA57EF457FECBD354E5D48D14756EC519B
:10F6000031AB5CC8EACFB80F79760313C1F36A391E
:10F61000BE50050753E39400FFCD607D1C7866164D
:10F6200082B124E8C87D1D37B259F9C2D977CB859C
:10F63000E8B06C37D7B57489600D5FCF5BDB3F00F6
:10F64000217791F49715386C64B39ACD5124CA721E
:10F650007953F4F54F47A70273173BFABFD78AF2E5
:10F66000C764FE978F94AA00B3810A8C6EB241C919
:10F670008A545834586B77CBAC2D166516951A23DF
:10F68000AF18B9A21B7A9A1E7054A58B267E64000F
:10F690006B088E527DD5BFECCCB8B49FEBCE4A63DD
:10F6A0000C6DF5E1595CD374C3BD81B3B326C06C56
:10F6B0000B307E7E3883710044188E26D9F8BB1C2F
:10F6C000739326B758F36A830692866A08FF5C3CF8
:10F6D00070A2D3848463980A594E040E12138600D4
:10F6E0006255A644D2C8636760AACB1D5FC65D920F
:10F6F00027A2189604D6AFBE1DCDE7906B0A0BA7C4
:08F70000B84E5F75434148005B
:08F70800AC0BFE7F01000000C4
:08F7100075150008F101000865
:04F71800C90100081B
:0400000508001529B1
:00000001FF
